{"type":"Feature","properties":{"name":"GR 20 principal","osm_relation":101692,"source":"© les contributeurs OpenStreetMap (ODbL), assemblage via Waymarked Trails + Overpass","length_m":182727,"n_points":8866,"fetched_at":"2026-07-23","gaps":[],"elevation_source":"IGN RGE ALTI (Géoplateforme, licence Etalab 2.0)","ele_min":250.3,"ele_max":2599.2},"geometry":{"type":"LineString","coordinates":[[8.854848,42.508153,272.5],[8.854881,42.508106,273],[8.854828,42.508021,273.8],[8.854817,42.50783,275.4],[8.854748,42.507633,276.9],[8.854672,42.507419,278.7],[8.854625,42.507361,278.7],[8.854554,42.507306,278.5],[8.854484,42.507267,277.7],[8.854402,42.507194,278.3],[8.854222,42.506986,277.8],[8.854191,42.506929,277.3],[8.854201,42.506892,277.4],[8.854191,42.5068,277.8],[8.85419,42.506783,278],[8.854098,42.506645,276.9],[8.854235,42.506604,278.3],[8.854343,42.506557,279.5],[8.854435,42.5065,280.9],[8.85446,42.506467,281.8],[8.854522,42.506439,282.8],[8.854615,42.506388,284],[8.85471,42.506353,285.1],[8.854774,42.506329,285.9],[8.854824,42.506334,286.4],[8.854862,42.506358,287],[8.854914,42.506391,287.7],[8.854977,42.5064,288.3],[8.855133,42.50635,290.5],[8.855252,42.506224,292.1],[8.855339,42.506165,292.6],[8.855446,42.506129,293.6],[8.855509,42.506108,294.2],[8.855621,42.506058,295.2],[8.855722,42.505936,297.2],[8.855767,42.505896,296.7],[8.855783,42.505871,296.8],[8.85593,42.505828,298.6],[8.856161,42.505773,301.1],[8.856312,42.505714,305.7],[8.856392,42.505653,307.1],[8.856421,42.50562,309.9],[8.85652,42.505527,315.3],[8.85675,42.505348,323.6],[8.856853,42.505269,326],[8.857225,42.504908,331.7],[8.857486,42.504407,340.6],[8.857614,42.504179,345.8],[8.857789,42.504131,347.7],[8.857911,42.503947,354.1],[8.858074,42.503891,354.8],[8.858098,42.503842,356],[8.857988,42.503852,357.1],[8.858015,42.50378,361.2],[8.8581,42.503728,362],[8.857967,42.50371,364.1],[8.858028,42.50361,367.3],[8.857897,42.503592,370],[8.857849,42.503564,371.9],[8.857885,42.503497,373.2],[8.857858,42.503496,373.2],[8.857731,42.503465,375.7],[8.857614,42.503384,380],[8.857617,42.503314,384.4],[8.85739,42.50327,387.1],[8.857319,42.503206,389.5],[8.857164,42.503151,393],[8.856705,42.503149,398.5],[8.856538,42.503099,405],[8.855977,42.503112,411.2],[8.855598,42.502947,418.1],[8.855585,42.502868,421.3],[8.855556,42.502835,423.3],[8.855427,42.502851,422.2],[8.855087,42.502508,429],[8.854896,42.502342,432.9],[8.85423,42.501911,440.1],[8.854101,42.501774,444.4],[8.853892,42.50173,445.1],[8.853728,42.50158,453.4],[8.853397,42.501251,460.1],[8.853084,42.50067,471.8],[8.852908,42.500432,476.8],[8.852761,42.500147,480.8],[8.852715,42.499759,486.4],[8.852839,42.499585,491.1],[8.852916,42.499291,498.5],[8.852823,42.499126,502.8],[8.852785,42.499103,504.2],[8.852704,42.499115,503.7],[8.852626,42.499097,505.2],[8.85259,42.49906,506.8],[8.852652,42.499001,507.9],[8.852701,42.49895,508.7],[8.852688,42.498861,510.1],[8.852674,42.498701,512.9],[8.852671,42.49866,513.6],[8.852315,42.49799,521.1],[8.852231,42.497836,522.7],[8.852226,42.497794,523.8],[8.852194,42.497768,525.1],[8.852128,42.49769,525.3],[8.8521,42.497233,529.2],[8.851818,42.496846,532.3],[8.851427,42.496559,535.3],[8.850987,42.496345,540.3],[8.850772,42.496296,542.2],[8.850572,42.496276,544],[8.850249,42.496283,549],[8.850081,42.496265,552.8],[8.849927,42.496282,553.9],[8.849703,42.496265,558.5],[8.849873,42.496079,563.7],[8.849966,42.495945,566.4],[8.850072,42.495687,573.3],[8.850141,42.49556,576],[8.850216,42.495421,579.4],[8.850346,42.495281,582.4],[8.850431,42.495146,585.5],[8.850537,42.495044,587.1],[8.850631,42.494969,589.4],[8.850739,42.494922,591.7],[8.850738,42.494906,591.7],[8.850698,42.494879,592.6],[8.850612,42.494855,594.1],[8.85052,42.494871,593.5],[8.850385,42.494912,594.7],[8.850325,42.494911,595.4],[8.850297,42.4949,597.3],[8.850295,42.494883,597.3],[8.850395,42.494798,598.7],[8.850367,42.494773,600.7],[8.85034,42.49475,601],[8.850306,42.494754,601],[8.850238,42.494792,601.3],[8.850177,42.4948,602.1],[8.850126,42.494793,603.1],[8.850132,42.494757,603.9],[8.85019,42.494697,604.5],[8.850192,42.494653,605.5],[8.850203,42.494614,606.9],[8.850239,42.49459,608.4],[8.85023,42.494574,608.4],[8.850124,42.49455,610.8],[8.850026,42.494634,610.4],[8.849959,42.494634,611.7],[8.849897,42.494664,611.3],[8.849868,42.494667,612.1],[8.849851,42.494651,612.1],[8.84986,42.494616,613.2],[8.84987,42.494581,614.4],[8.849851,42.494562,614.4],[8.849796,42.494532,616.3],[8.849818,42.49445,618.9],[8.850016,42.494244,622.1],[8.850241,42.493891,622.1],[8.850457,42.493781,619.2],[8.850478,42.493705,617.9],[8.850688,42.493549,614.6],[8.850709,42.493423,612.5],[8.850698,42.493342,610.6],[8.850743,42.493288,610],[8.850773,42.493198,607.4],[8.850818,42.493168,607.5],[8.85088,42.493054,604.4],[8.850979,42.492807,599.9],[8.850862,42.492759,596.2],[8.850906,42.492671,593.2],[8.850976,42.492581,591.9],[8.851351,42.492401,588.9],[8.851579,42.492385,592],[8.851639,42.49243,594.1],[8.851998,42.492652,599.8],[8.852958,42.492813,599.3],[8.853443,42.492903,601],[8.853686,42.492917,600.7],[8.853746,42.492942,602.9],[8.853945,42.492928,600.7],[8.854055,42.492945,603.9],[8.854337,42.492901,605.5],[8.854498,42.492854,605.2],[8.854581,42.492881,606.3],[8.85494,42.492809,609],[8.855181,42.492733,607.9],[8.855434,42.492725,610.6],[8.855903,42.492544,615.9],[8.856195,42.492356,618.4],[8.85648,42.492227,621],[8.856772,42.492141,624],[8.857005,42.492141,626.3],[8.857201,42.492099,628.9],[8.857349,42.49201,633.6],[8.857421,42.491914,635.4],[8.85792,42.491688,645.7],[8.858063,42.491652,648.1],[8.858391,42.491318,655.7],[8.858479,42.491135,660.2],[8.858376,42.490984,664.6],[8.858473,42.490818,671.5],[8.858529,42.490634,675.5],[8.858595,42.490597,677.1],[8.858748,42.490413,677.9],[8.85902,42.490275,676.2],[8.859125,42.490223,676],[8.859388,42.48996,677.5],[8.859446,42.489797,679],[8.859453,42.489632,678.7],[8.859298,42.489159,677.7],[8.859293,42.48892,678.1],[8.859508,42.488554,678.9],[8.859556,42.488158,675.8],[8.85997,42.487758,677.6],[8.859989,42.487509,676.8],[8.859895,42.487303,676.6],[8.859994,42.487087,677.3],[8.860857,42.486671,685.5],[8.861488,42.486364,690.4],[8.861683,42.486163,693.4],[8.861979,42.485944,701.1],[8.862512,42.485551,703.7],[8.863449,42.485274,717.9],[8.863879,42.484949,726.8],[8.86411,42.484505,736.5],[8.864507,42.48406,749.9],[8.865173,42.483253,764],[8.86524,42.482955,773.7],[8.8656,42.482594,789.2],[8.865572,42.48245,790.2],[8.865563,42.482403,790.5],[8.865145,42.482467,792.5],[8.865104,42.482342,797.7],[8.865283,42.482255,801.7],[8.86529,42.482063,811.5],[8.864909,42.482082,813.8],[8.864823,42.481829,815.4],[8.864704,42.48161,816.8],[8.86471,42.481224,825],[8.864673,42.481155,825.1],[8.864681,42.480842,830.8],[8.864645,42.480656,834.6],[8.86451,42.480543,835],[8.864502,42.480416,839.9],[8.864385,42.480263,845.9],[8.864094,42.479876,855.6],[8.864151,42.47958,862.2],[8.864349,42.479734,868.9],[8.864483,42.479446,876.7],[8.864891,42.47884,892.7],[8.865151,42.478206,903.9],[8.865281,42.478547,914.8],[8.865357,42.478704,917.6],[8.865388,42.479002,920.1],[8.865597,42.479393,928.3],[8.865858,42.479583,932.9],[8.865893,42.479379,941.1],[8.865972,42.479032,951.4],[8.866127,42.478771,960.2],[8.866241,42.47913,962.7],[8.866496,42.479397,967.1],[8.867301,42.479651,988.2],[8.867733,42.479866,998.2],[8.867919,42.479855,1003.9],[8.86846,42.479831,1016],[8.869121,42.480528,1019.9],[8.869453,42.480565,1024.6],[8.869641,42.480595,1023.5],[8.869895,42.480523,1027.9],[8.870046,42.480588,1027.8],[8.870175,42.480804,1028.2],[8.870753,42.481104,1033.1],[8.870348,42.481674,1032.1],[8.870207,42.482003,1037.5],[8.870767,42.481609,1048.4],[8.871188,42.481441,1059.5],[8.87114,42.481657,1066.8],[8.871404,42.481585,1073.3],[8.871368,42.481898,1082.6],[8.871357,42.482077,1089.5],[8.871695,42.48197,1098.4],[8.871885,42.481983,1106.1],[8.871873,42.482174,1111.5],[8.872337,42.482012,1126.3],[8.873011,42.481606,1148.7],[8.873033,42.48168,1149.6],[8.873149,42.481617,1154.2],[8.873243,42.481669,1158.9],[8.873531,42.481249,1161.3],[8.873627,42.480792,1172.4],[8.873545,42.480192,1185.1],[8.873769,42.480233,1193.5],[8.873961,42.480123,1207.4],[8.874739,42.480823,1223.2],[8.874985,42.481044,1230.8],[8.875285,42.481729,1247.2],[8.875661,42.481671,1255.8],[8.875826,42.481645,1257.8],[8.875947,42.481403,1261.6],[8.876341,42.481198,1258.6],[8.877482,42.479998,1249.9],[8.877254,42.479892,1259.7],[8.87746,42.479639,1272.4],[8.877595,42.47937,1283.1],[8.877721,42.479104,1290.3],[8.877738,42.478867,1295.9],[8.877833,42.478572,1296],[8.878047,42.478151,1300.1],[8.878152,42.477943,1304.8],[8.878103,42.477841,1315.1],[8.878325,42.477496,1327.3],[8.878399,42.477211,1335.6],[8.878659,42.477018,1344.8],[8.878617,42.476796,1360.8],[8.878648,42.476649,1367.3],[8.878442,42.476518,1383.6],[8.878467,42.476356,1389.4],[8.878755,42.476193,1391.2],[8.879153,42.476105,1399.4],[8.879488,42.476042,1397.7],[8.879746,42.476017,1391.4],[8.879986,42.475798,1394.8],[8.879854,42.475327,1420.6],[8.879841,42.475279,1423.1],[8.879821,42.475209,1427.4],[8.88003,42.475102,1439.1],[8.880315,42.475136,1439.7],[8.880714,42.475074,1436.2],[8.881085,42.474884,1441.9],[8.88153,42.474918,1447],[8.882024,42.474835,1457.1],[8.882258,42.474704,1461.5],[8.882555,42.474694,1462.2],[8.883209,42.474436,1465.2],[8.883644,42.474467,1466.1],[8.883945,42.474381,1468.8],[8.884586,42.474209,1468.8],[8.885553,42.474133,1457],[8.885703,42.474203,1452.7],[8.886706,42.474117,1448.3],[8.88709,42.474123,1438.2],[8.887498,42.473982,1441.6],[8.887679,42.474053,1434],[8.888102,42.474023,1434.1],[8.888206,42.473784,1448.7],[8.888707,42.473455,1462.7],[8.888513,42.473369,1468.1],[8.888259,42.4732,1479.9],[8.888132,42.473086,1484.4],[8.888355,42.472933,1487.7],[8.888879,42.472733,1499.5],[8.88891,42.472475,1502.1],[8.889235,42.472333,1511.5],[8.889551,42.472317,1520],[8.890292,42.471656,1538.1],[8.890613,42.47168,1539.3],[8.891081,42.471681,1545.2],[8.891611,42.471867,1545.4],[8.892024,42.471892,1545.5],[8.893116,42.471833,1540.9],[8.893946,42.471971,1545.4],[8.894708,42.47185,1546.4],[8.895279,42.471867,1563.4],[8.897105,42.471362,1568.1],[8.897846,42.471464,1567.5],[8.898645,42.471459,1556.9],[8.899806,42.471771,1535.3],[8.900723,42.471796,1529],[8.901826,42.471536,1517.9],[8.902408,42.471123,1516.1],[8.902983,42.470399,1520],[8.903427,42.470213,1515.2],[8.904034,42.469947,1517.3],[8.903998,42.469769,1512.3],[8.904427,42.469543,1511],[8.90509,42.469375,1511.3],[8.906751,42.469324,1515.9],[8.907031,42.469188,1521.4],[8.907182,42.468748,1512.6],[8.907153,42.468696,1509.9],[8.907077,42.468619,1508.9],[8.90706,42.468556,1511.7],[8.907046,42.468484,1517],[8.907029,42.468463,1516.4],[8.907026,42.468391,1517.3],[8.906999,42.468333,1517.3],[8.907001,42.468278,1516.8],[8.907028,42.468251,1516],[8.907202,42.468137,1519.9],[8.90738,42.468105,1525.8],[8.907561,42.468059,1532.9],[8.907853,42.467898,1536.8],[8.908031,42.467813,1540.5],[8.909113,42.467404,1559],[8.909289,42.467311,1558.6],[8.909346,42.467247,1555.3],[8.909403,42.467152,1557.8],[8.909405,42.467085,1560.5],[8.90935,42.467013,1557.4],[8.909286,42.466963,1557],[8.909243,42.466924,1555.2],[8.90927,42.46689,1556.6],[8.909365,42.466802,1558.6],[8.909424,42.466772,1560.8],[8.909542,42.466761,1567.4],[8.909618,42.46669,1572.7],[8.909641,42.466602,1575.2],[8.909597,42.466425,1577.6],[8.909553,42.466391,1576.3],[8.909458,42.466363,1572.9],[8.909388,42.466281,1568.1],[8.90927,42.466187,1568],[8.909208,42.466167,1566.3],[8.909054,42.466185,1565.7],[8.908923,42.466173,1566.2],[8.908735,42.466217,1561.3],[8.908575,42.46624,1555.9],[8.90848,42.466269,1557.1],[8.90842,42.466271,1557.6],[8.908381,42.466295,1554.2],[8.908319,42.46631,1554.8],[8.90827,42.466296,1554.7],[8.908176,42.466257,1556.8],[8.908116,42.466205,1558.7],[8.908093,42.466176,1561.3],[8.908116,42.466167,1561.9],[8.908108,42.466158,1561.3],[8.908063,42.466142,1564.5],[8.908013,42.466146,1564],[8.907973,42.466161,1561.3],[8.907931,42.466159,1561.1],[8.90788,42.466138,1563.3],[8.907808,42.466145,1563],[8.907746,42.466137,1562.9],[8.907677,42.466143,1562.5],[8.907639,42.466119,1562.5],[8.90763,42.466081,1564.6],[8.907599,42.466076,1564.6],[8.907538,42.46606,1566.5],[8.907529,42.46604,1566.5],[8.907505,42.466022,1566.2],[8.907426,42.466011,1567.2],[8.907361,42.46601,1565.5],[8.907322,42.465951,1565.5],[8.907293,42.465879,1565.2],[8.907267,42.465769,1565.5],[8.907187,42.465738,1563.2],[8.907145,42.465688,1562],[8.907046,42.46558,1560],[8.906979,42.465522,1558.1],[8.906916,42.465443,1556.7],[8.906715,42.46528,1551.4],[8.906692,42.465214,1549.7],[8.906738,42.465169,1550.6],[8.906732,42.46511,1547.8],[8.906774,42.465029,1546.7],[8.906841,42.464951,1547.8],[8.906966,42.464873,1549.4],[8.907065,42.464762,1549.6],[8.907114,42.464677,1549.6],[8.907113,42.464609,1549.3],[8.907061,42.464481,1549.2],[8.907023,42.464386,1548.8],[8.906986,42.464306,1547.7],[8.906956,42.464105,1547.9],[8.90695,42.463964,1546.8],[8.906972,42.463852,1548.4],[8.906961,42.463792,1548.6],[8.906918,42.463734,1549.4],[8.906806,42.463652,1551.3],[8.906755,42.463582,1553.1],[8.906762,42.463522,1558.1],[8.906812,42.463467,1561.1],[8.907041,42.463324,1572],[8.90709,42.463266,1576.8],[8.907114,42.463199,1578.8],[8.907113,42.463146,1580.9],[8.907112,42.463095,1586.2],[8.907034,42.462989,1592],[8.906932,42.462952,1594],[8.906853,42.462895,1594.7],[8.906799,42.46285,1596.4],[8.906736,42.462796,1598.2],[8.906663,42.462678,1600.8],[8.906634,42.462623,1602.9],[8.906637,42.46257,1604.3],[8.906649,42.462515,1605.2],[8.906629,42.462468,1606.2],[8.906536,42.462386,1605.5],[8.906539,42.462294,1607.3],[8.906558,42.462177,1610.1],[8.906627,42.461892,1619.6],[8.9067,42.46172,1629.1],[8.906683,42.461503,1627.3],[8.906838,42.461204,1637.2],[8.906878,42.461066,1640],[8.906924,42.460765,1642.7],[8.906918,42.460684,1643.7],[8.906858,42.460577,1641.2],[8.906534,42.460284,1639.2],[8.906437,42.460225,1639.7],[8.906365,42.4602,1637.7],[8.90611,42.460177,1638.4],[8.905814,42.460107,1639.6],[8.905298,42.460034,1643.4],[8.905046,42.460039,1642.3],[8.904652,42.46014,1639.8],[8.904443,42.460147,1636.2],[8.904333,42.460103,1636],[8.903915,42.459822,1637],[8.903608,42.459673,1633.2],[8.903257,42.459421,1641.1],[8.903108,42.459165,1643],[8.903054,42.459101,1642.1],[8.902883,42.458963,1638.3],[8.902836,42.458893,1636.8],[8.902809,42.45867,1632.9],[8.902775,42.458604,1631.2],[8.902719,42.458538,1627.8],[8.902586,42.458433,1623.6],[8.902538,42.458355,1619.6],[8.90254,42.458288,1615.6],[8.902623,42.458196,1610.6],[8.902652,42.458121,1605.9],[8.902586,42.458019,1601],[8.902579,42.457966,1598.5],[8.902602,42.457936,1596.2],[8.902668,42.45791,1595.4],[8.902917,42.45789,1590.2],[8.903029,42.45785,1588],[8.903083,42.457795,1585.9],[8.903113,42.457729,1581.6],[8.90311,42.457661,1579.2],[8.903016,42.457515,1568.1],[8.902996,42.457413,1562.2],[8.903024,42.457349,1557.9],[8.903115,42.457257,1553.9],[8.903146,42.457194,1553.1],[8.903135,42.457129,1550.6],[8.902983,42.456797,1539.4],[8.902822,42.456619,1532.5],[8.902741,42.456282,1529.4],[8.903037,42.455979,1536.1],[8.903544,42.455855,1530.5],[8.903891,42.455781,1536.4],[8.903895,42.455635,1532.3],[8.903855,42.455619,1531.2],[8.903533,42.455488,1535.7],[8.903644,42.455379,1542],[8.903668,42.455256,1550.6],[8.903515,42.455268,1552.2],[8.903393,42.455211,1553.6],[8.903339,42.454802,1561.1],[8.903371,42.454352,1566.1],[8.903598,42.453886,1589.3],[8.904161,42.453436,1621.5],[8.904173,42.453147,1624.1],[8.903993,42.452892,1619.8],[8.903995,42.452683,1625.2],[8.904026,42.452437,1630.5],[8.904135,42.452316,1638.2],[8.904065,42.452246,1635.2],[8.903966,42.45212,1636.9],[8.9035,42.452098,1621.9],[8.903377,42.451849,1627.4],[8.903389,42.451593,1640.3],[8.903535,42.451386,1652.2],[8.903513,42.450722,1672.3],[8.903219,42.450531,1678.6],[8.903198,42.450439,1684.9],[8.903302,42.450283,1690],[8.903217,42.449906,1711.6],[8.903148,42.449636,1724.5],[8.903005,42.449584,1731.3],[8.902846,42.449641,1734],[8.90255,42.449393,1754.1],[8.902802,42.449206,1749.8],[8.903171,42.449097,1749.1],[8.90347,42.448848,1757.8],[8.903572,42.448642,1765.1],[8.903745,42.448545,1771.7],[8.903831,42.448457,1776.9],[8.903459,42.448487,1778.1],[8.903155,42.448459,1785.6],[8.902714,42.44858,1786],[8.90197,42.448598,1804],[8.901943,42.448479,1810.8],[8.902161,42.448294,1815.1],[8.902152,42.448123,1824.7],[8.902204,42.447993,1830],[8.902936,42.447601,1837.2],[8.90311,42.447324,1843.9],[8.902999,42.447215,1854],[8.903302,42.44708,1853.8],[8.903371,42.446852,1865],[8.903861,42.446687,1866.1],[8.904201,42.446454,1877.4],[8.904562,42.446407,1881.3],[8.904473,42.446364,1883.6],[8.90411,42.446263,1895.8],[8.904224,42.446069,1903.7],[8.904382,42.445676,1926.5],[8.904668,42.445572,1936.2],[8.905195,42.445771,1934.4],[8.90618,42.445849,1957.7],[8.90669,42.44565,1981.8],[8.906794,42.445754,1987.5],[8.906984,42.445589,1995.5],[8.907183,42.445736,2005],[8.90775,42.445269,2014.5],[8.907806,42.445113,2015.1],[8.907682,42.444894,2014.8],[8.907771,42.444665,2007.4],[8.908268,42.444475,1996.6],[8.908877,42.444388,2000.1],[8.910451,42.443981,2021.1],[8.910814,42.44393,2026],[8.910918,42.443886,2024.3],[8.911765,42.443973,2035],[8.912422,42.443757,2038.4],[8.912606,42.443801,2041.2],[8.912785,42.443843,2045.8],[8.913046,42.443746,2030.8],[8.913182,42.443783,2029],[8.913632,42.443696,2016.3],[8.91379,42.443705,2013.8],[8.913815,42.443589,2005.3],[8.914089,42.443555,1995],[8.914535,42.443371,1983.4],[8.915153,42.442979,1962.4],[8.915295,42.442771,1957.9],[8.915195,42.442521,1939.2],[8.915105,42.442103,1917.6],[8.9153,42.44176,1919.1],[8.915404,42.44144,1925.5],[8.915577,42.441103,1904.2],[8.915758,42.440506,1897.1],[8.91594,42.440346,1904.4],[8.916035,42.440143,1903.8],[8.916449,42.439816,1885.7],[8.916242,42.439643,1868.1],[8.916165,42.439519,1860.6],[8.916078,42.439322,1860],[8.91613,42.439316,1863.5],[8.916306,42.439439,1874.8],[8.916286,42.439305,1880.1],[8.916382,42.439062,1868.4],[8.916561,42.438603,1867.7],[8.91684,42.438117,1899.6],[8.916839,42.437688,1898.6],[8.916891,42.437282,1895.1],[8.916778,42.436886,1902.2],[8.916828,42.436684,1899.7],[8.916805,42.43656,1902.4],[8.916871,42.436442,1899.8],[8.916803,42.43637,1903.6],[8.916853,42.435976,1910.5],[8.91684,42.435882,1913.6],[8.916682,42.435846,1911.7],[8.916546,42.435666,1905.4],[8.916525,42.435582,1908.8],[8.916489,42.435544,1908.8],[8.916208,42.435245,1911.3],[8.916001,42.435,1903.8],[8.915848,42.434715,1903.3],[8.915551,42.434334,1914.3],[8.915447,42.433893,1924.1],[8.915127,42.433504,1929.4],[8.914911,42.433306,1932.8],[8.914521,42.433148,1922.6],[8.913908,42.432932,1916.8],[8.913672,42.432706,1898.2],[8.913317,42.432703,1878],[8.913064,42.432867,1873.7],[8.91272,42.432887,1864.7],[8.912765,42.43272,1860.8],[8.912728,42.432516,1849.1],[8.912918,42.432244,1837.1],[8.912879,42.432113,1827.1],[8.912762,42.432107,1824.5],[8.912743,42.431994,1818],[8.912659,42.431924,1811.6],[8.912643,42.431748,1799.5],[8.912731,42.431609,1792.9],[8.912664,42.431532,1786.7],[8.912747,42.431402,1780.4],[8.912709,42.4312,1766],[8.912803,42.430977,1754.9],[8.912731,42.430712,1737.3],[8.912611,42.430636,1728.9],[8.912605,42.430569,1724.2],[8.912514,42.430456,1717.2],[8.912595,42.430245,1705.5],[8.912535,42.429903,1688.2],[8.912661,42.429791,1689.5],[8.912577,42.429589,1682.4],[8.912431,42.429088,1653.2],[8.912256,42.42897,1638.5],[8.912227,42.428731,1629.5],[8.911837,42.428694,1608.4],[8.911391,42.428808,1597.9],[8.910616,42.428515,1567.4],[8.910304,42.428473,1555.1],[8.910166,42.428362,1542.5],[8.910016,42.428315,1535.1],[8.909914,42.428212,1525.4],[8.909768,42.428167,1517.3],[8.909593,42.428088,1509],[8.909349,42.428089,1500.8],[8.909057,42.427975,1487.4],[8.908813,42.42801,1483.2],[8.90838,42.427866,1465.6],[8.908082,42.427889,1458.9],[8.907956,42.427836,1452.9],[8.907746,42.427864,1446.9],[8.907476,42.427873,1442.4],[8.907362,42.428001,1439],[8.907019,42.427996,1430.5],[8.906617,42.427993,1428.3],[8.906526,42.428103,1432.8],[8.906441,42.428091,1430.7],[8.906426,42.427968,1424.3],[8.906259,42.42798,1420.7],[8.906212,42.427934,1418.2],[8.906121,42.427985,1417.2],[8.905973,42.427866,1408.8],[8.905817,42.427874,1404.5],[8.905734,42.427823,1399.7],[8.905621,42.427866,1398.6],[8.905647,42.427746,1396.2],[8.905185,42.427878,1388.3],[8.905333,42.427644,1384.3],[8.905309,42.427529,1380.2],[8.905211,42.427524,1376.1],[8.905238,42.427372,1373],[8.905381,42.427278,1373.2],[8.905279,42.427063,1366.2],[8.905048,42.426872,1362.5],[8.90473,42.426668,1358.5],[8.903998,42.426682,1342.5],[8.903687,42.426667,1333.7],[8.903504,42.426714,1325.7],[8.903269,42.426696,1318.1],[8.902893,42.426361,1310.5],[8.90258,42.426368,1301.2],[8.902154,42.426244,1291.9],[8.901913,42.426152,1290.2],[8.901606,42.426139,1281.8],[8.901558,42.426119,1280.8],[8.901499,42.426137,1279],[8.901457,42.426139,1278],[8.901333,42.426101,1277.9],[8.901281,42.426057,1277.1],[8.901129,42.426032,1274.4],[8.901054,42.425958,1274.7],[8.90071,42.426038,1269.6],[8.900645,42.426105,1269.1],[8.900401,42.426164,1267.9],[8.900215,42.426333,1260.4],[8.90001,42.426343,1259],[8.899984,42.42633,1258.6],[8.899878,42.426277,1259.9],[8.899821,42.426179,1258.5],[8.899844,42.426045,1262.1],[8.899717,42.425894,1258.1],[8.899631,42.425838,1254.6],[8.899554,42.425723,1253.6],[8.899411,42.425691,1248.2],[8.899313,42.425634,1246.5],[8.899216,42.425545,1244.5],[8.899126,42.42545,1244.1],[8.899107,42.425358,1247.6],[8.899001,42.4252,1249.8],[8.898824,42.425093,1246.5],[8.898683,42.425008,1244.9],[8.898537,42.424864,1243.6],[8.898446,42.424911,1238],[8.898375,42.424873,1237.4],[8.898265,42.424933,1231.5],[8.898184,42.424909,1228],[8.898146,42.424908,1226.2],[8.898131,42.424844,1226.2],[8.898137,42.424756,1226.3],[8.898108,42.424652,1222.9],[8.898067,42.424557,1219.4],[8.898095,42.424422,1226.9],[8.898079,42.424335,1228.1],[8.898037,42.424303,1224.5],[8.898005,42.424278,1221.3],[8.897889,42.424255,1214.2],[8.897773,42.424233,1214.5],[8.897674,42.424225,1219.2],[8.897633,42.424212,1222.8],[8.897637,42.424037,1230.5],[8.897691,42.423933,1231.2],[8.897572,42.423787,1243.8],[8.89763,42.423584,1247.8],[8.897535,42.423531,1252.3],[8.897697,42.423423,1245],[8.897908,42.423379,1247.1],[8.897997,42.423276,1251.7],[8.897935,42.423203,1255.7],[8.898064,42.423104,1257.8],[8.89799,42.423052,1260.7],[8.898248,42.422871,1261.8],[8.898426,42.422728,1261.1],[8.898502,42.422606,1263.8],[8.898542,42.422402,1274],[8.898812,42.421559,1302.6],[8.898877,42.421414,1309],[8.899066,42.421306,1305.8],[8.899144,42.420973,1317.7],[8.899416,42.420713,1325.4],[8.899533,42.420664,1327.9],[8.899573,42.420719,1327.6],[8.899803,42.420683,1333.2],[8.900108,42.420574,1341.7],[8.900276,42.420453,1352.6],[8.900555,42.420354,1363.3],[8.900882,42.420041,1382.8],[8.901148,42.419939,1392.1],[8.901472,42.41979,1405.6],[8.901839,42.419671,1415.9],[8.9024,42.419419,1440.4],[8.902629,42.419339,1447.4],[8.902767,42.419235,1456.2],[8.902788,42.419147,1465.1],[8.902946,42.418989,1466.8],[8.903094,42.418909,1471.5],[8.902961,42.418755,1485.4],[8.903048,42.418553,1489.8],[8.903019,42.418434,1493.3],[8.903059,42.418278,1495.9],[8.902906,42.418183,1505.3],[8.902741,42.418,1514.1],[8.902526,42.417854,1526],[8.902415,42.41767,1531],[8.902249,42.41765,1536.4],[8.902181,42.417678,1539.9],[8.902198,42.417881,1537.6],[8.902005,42.417893,1548],[8.901786,42.417757,1558.7],[8.901682,42.417602,1562.3],[8.901325,42.417499,1582.2],[8.901259,42.417115,1593.2],[8.901253,42.416391,1619.4],[8.901573,42.416255,1623],[8.901604,42.416109,1631.1],[8.901492,42.416064,1637.7],[8.901776,42.415854,1640],[8.902155,42.415865,1637.1],[8.902345,42.415752,1641.4],[8.903201,42.415685,1631.6],[8.903695,42.415623,1632.5],[8.90403,42.415895,1637.2],[8.904226,42.415865,1646.1],[8.904223,42.415658,1651],[8.904422,42.415535,1663.3],[8.904516,42.415389,1669.7],[8.904653,42.415275,1676.4],[8.904942,42.415189,1689.4],[8.905168,42.415014,1703.2],[8.905475,42.414729,1719.7],[8.905524,42.414565,1725.6],[8.905867,42.414251,1746.8],[8.906122,42.414274,1763.2],[8.906354,42.414063,1777.2],[8.906293,42.413948,1776.3],[8.906498,42.413899,1788.1],[8.906632,42.413936,1795],[8.906616,42.414036,1795.5],[8.90668,42.414094,1801.4],[8.906766,42.414028,1805.6],[8.906841,42.413947,1808.2],[8.907017,42.413825,1813.2],[8.907051,42.41363,1819.8],[8.906987,42.413541,1819],[8.907054,42.413496,1824.6],[8.907196,42.413535,1830],[8.907249,42.413642,1829.5],[8.907427,42.41366,1838.2],[8.907573,42.413715,1842.6],[8.907706,42.413763,1841.7],[8.907822,42.41373,1840.9],[8.907914,42.413704,1842.2],[8.908013,42.413618,1844.5],[8.90798,42.413468,1848],[8.908116,42.413394,1855.6],[8.908167,42.41335,1858.8],[8.908025,42.413135,1865.1],[8.907995,42.413061,1865.8],[8.907905,42.412956,1866.6],[8.907879,42.412684,1868.3],[8.907853,42.412528,1863.4],[8.907735,42.412441,1863.8],[8.90782,42.412287,1868.8],[8.907984,42.41211,1877.8],[8.908128,42.412059,1880.5],[8.908176,42.411923,1888.1],[8.908378,42.411803,1897.4],[8.908369,42.411594,1910.8],[8.908546,42.411355,1927.8],[8.908476,42.411316,1928],[8.908489,42.411186,1935.5],[8.908594,42.411091,1943.5],[8.908589,42.411008,1948],[8.908496,42.41093,1952.9],[8.90851,42.410757,1971.2],[8.908424,42.410708,1969.7],[8.908343,42.410526,1989],[8.908221,42.410571,1987.2],[8.908266,42.410468,1987.4],[8.908144,42.410416,1987.5],[8.907974,42.4104,1985.5],[8.907766,42.410461,1977.1],[8.907577,42.410602,1973],[8.907619,42.410334,1963.7],[8.907743,42.410293,1968.3],[8.907677,42.410186,1957.1],[8.907874,42.4101,1956.2],[8.907853,42.41005,1951.9],[8.907963,42.41,1949.4],[8.907945,42.409881,1936.1],[8.908001,42.40987,1936.8],[8.908032,42.409782,1930.2],[8.908153,42.409782,1937.8],[8.908191,42.409678,1931.1],[8.908379,42.409572,1937.5],[8.908484,42.409373,1941.5],[8.908581,42.409208,1941.4],[8.908463,42.409098,1930.3],[8.90848,42.409019,1928.2],[8.908679,42.408926,1937.7],[8.908792,42.408841,1938.7],[8.908891,42.408695,1941.5],[8.909094,42.408607,1944],[8.909383,42.40841,1951.8],[8.909615,42.408187,1961.2],[8.909772,42.408169,1967.4],[8.909992,42.408015,1976.8],[8.910082,42.407894,1979.2],[8.910268,42.407774,1988.8],[8.910326,42.407672,1991.7],[8.910403,42.407659,1995.7],[8.910436,42.407652,1997.4],[8.910624,42.407575,1993.1],[8.910716,42.407537,1988.2],[8.910772,42.407347,1976.5],[8.910862,42.407377,1973.8],[8.91088,42.407211,1965.7],[8.910835,42.40715,1965],[8.910832,42.407017,1957.6],[8.910913,42.406926,1947.5],[8.911019,42.406875,1941.5],[8.911102,42.406898,1939.7],[8.91118,42.406968,1937.2],[8.911276,42.406933,1932.5],[8.91141,42.407012,1928.2],[8.911512,42.407027,1921.8],[8.91166,42.406945,1911.1],[8.91169,42.406781,1902.4],[8.911785,42.406739,1896],[8.911906,42.406817,1891.1],[8.912033,42.406794,1881.8],[8.912122,42.40681,1879.7],[8.912226,42.406764,1873.9],[8.912307,42.406665,1863.6],[8.912361,42.406689,1862.4],[8.912536,42.406613,1850.8],[8.912672,42.40667,1850.4],[8.912888,42.406728,1840.8],[8.913036,42.406737,1833.9],[8.913099,42.406746,1828.6],[8.913159,42.406731,1826.1],[8.913206,42.406812,1826.9],[8.913266,42.406794,1821.2],[8.913353,42.40684,1819.9],[8.913405,42.406877,1820.5],[8.913487,42.406895,1820],[8.913778,42.406945,1810.4],[8.913837,42.406919,1805.2],[8.913814,42.406846,1805],[8.914031,42.406765,1788.4],[8.914025,42.406592,1780],[8.914175,42.40655,1774.5],[8.914335,42.406387,1770.5],[8.914343,42.406109,1749.9],[8.914088,42.405907,1747.8],[8.914551,42.405847,1727.7],[8.914856,42.405764,1715.4],[8.915175,42.40572,1696.6],[8.915281,42.405688,1688.9],[8.915555,42.405496,1689.1],[8.916071,42.40542,1667],[8.91627,42.405367,1663.6],[8.916649,42.405127,1658.2],[8.917153,42.405103,1641.3],[8.917473,42.405034,1634.6],[8.917873,42.404916,1620.5],[8.918215,42.404574,1596.6],[8.918433,42.404539,1585.8],[8.918645,42.404264,1572],[8.918728,42.404304,1570.2],[8.918814,42.404304,1567.2],[8.918851,42.404263,1564.8],[8.919049,42.404238,1557.7],[8.919233,42.404252,1550.6],[8.91939,42.40421,1545.3],[8.919597,42.404283,1543.2],[8.919743,42.404294,1537.4],[8.91992,42.404344,1533.6],[8.920118,42.404351,1528.5],[8.920318,42.404436,1523.1],[8.920423,42.404449,1520.7],[8.920437,42.404403,1518.9],[8.920526,42.404382,1514.5],[8.920553,42.404353,1514.5],[8.920631,42.404378,1511.3],[8.920702,42.404351,1506.7],[8.920735,42.404396,1506.5],[8.92078,42.404357,1503.6],[8.920807,42.404165,1496.8],[8.920967,42.40404,1485.1],[8.921037,42.403613,1469.4],[8.921119,42.40349,1464.1],[8.921102,42.403273,1461.9],[8.921176,42.403121,1456.7],[8.921384,42.40304,1449.1],[8.921468,42.403051,1446.7],[8.921533,42.403109,1446.9],[8.921678,42.403239,1443.6],[8.921739,42.403313,1443],[8.921781,42.403304,1441.9],[8.921844,42.403326,1439.4],[8.921938,42.403353,1436.4],[8.922031,42.40336,1433.5],[8.922061,42.403405,1433.1],[8.922104,42.40341,1432.8],[8.922213,42.403365,1430.2],[8.922305,42.403385,1428.2],[8.922429,42.403402,1425.8],[8.922605,42.403591,1424.9],[8.922732,42.403639,1423.3],[8.922745,42.403584,1422.6],[8.922756,42.403551,1422.3],[8.922777,42.4035,1422],[8.922791,42.403477,1421.5],[8.923056,42.403212,1421.5],[8.923238,42.403252,1420.6],[8.923373,42.403287,1420.1],[8.923797,42.403299,1417.5],[8.923941,42.40324,1417.8],[8.924107,42.403151,1419.3],[8.924149,42.403087,1419.3],[8.924124,42.402992,1418.8],[8.923773,42.402619,1426.3],[8.923049,42.40194,1429.7],[8.922922,42.401604,1426.9],[8.922837,42.401487,1429.6],[8.922869,42.401342,1426.3],[8.922753,42.401146,1424.5],[8.922571,42.400995,1427.8],[8.922366,42.40045,1424],[8.922391,42.40034,1422],[8.922265,42.400158,1425.9],[8.92225,42.399918,1420.8],[8.922215,42.399834,1420.7],[8.922207,42.399697,1417.3],[8.922135,42.399626,1419.5],[8.922026,42.399394,1418.6],[8.922076,42.399255,1413.1],[8.921918,42.399035,1417.3],[8.921592,42.398108,1420.2],[8.921544,42.397667,1421.8],[8.92158,42.397467,1422.3],[8.921523,42.397249,1422.8],[8.921591,42.397197,1420.4],[8.921605,42.396981,1422.6],[8.921677,42.396932,1421.2],[8.921664,42.396866,1424.3],[8.921767,42.396686,1421.5],[8.921763,42.396576,1421.4],[8.921933,42.39613,1418.5],[8.922056,42.395983,1417.6],[8.922057,42.39585,1424],[8.922185,42.395671,1425.1],[8.922269,42.395614,1423],[8.922466,42.395345,1421.9],[8.922513,42.395279,1421.2],[8.922572,42.395105,1423.5],[8.922654,42.394991,1425.5],[8.922744,42.394867,1425.1],[8.922735,42.394755,1429.3],[8.922746,42.39466,1430.6],[8.922868,42.394515,1432.7],[8.922745,42.39443,1433.9],[8.922699,42.394202,1436.2],[8.92258,42.39402,1437.7],[8.922536,42.393605,1443.8],[8.922566,42.393494,1445.2],[8.922649,42.393411,1447],[8.922681,42.393293,1450.4],[8.92285,42.393118,1450.9],[8.922972,42.392995,1450],[8.922967,42.392895,1450.7],[8.923067,42.392809,1450.1],[8.92317,42.392659,1453],[8.92324,42.39261,1454.4],[8.923259,42.392551,1455.5],[8.92333,42.392527,1456.6],[8.923315,42.39248,1457.4],[8.923235,42.392449,1457.3],[8.923141,42.392412,1457.3],[8.923122,42.392388,1457],[8.92307,42.392379,1457.1],[8.923028,42.392356,1458.3],[8.92304,42.392259,1460.6],[8.923062,42.39222,1461.1],[8.923071,42.392108,1463.3],[8.923136,42.392078,1463],[8.92316,42.391961,1465.8],[8.923148,42.391899,1467.7],[8.923123,42.391864,1468],[8.923175,42.391795,1469.3],[8.923182,42.391727,1471.7],[8.923265,42.391692,1471.4],[8.923336,42.391649,1472],[8.923373,42.391599,1473],[8.923289,42.391539,1475.8],[8.923266,42.39149,1476.7],[8.923287,42.391435,1477.4],[8.923303,42.39135,1477.8],[8.923296,42.391296,1480.6],[8.923326,42.391263,1479.6],[8.923306,42.391221,1480.5],[8.92329,42.391196,1482.4],[8.923259,42.391142,1483.3],[8.92324,42.391085,1486.4],[8.923253,42.391019,1487.5],[8.923258,42.390974,1488.6],[8.923257,42.390923,1489.9],[8.923217,42.390873,1492.5],[8.923267,42.390788,1493.3],[8.923271,42.390722,1494.5],[8.923353,42.390703,1495],[8.923471,42.390728,1493.3],[8.923508,42.390723,1493],[8.923599,42.390712,1493.5],[8.923747,42.390674,1501],[8.923766,42.390481,1505.2],[8.923757,42.39041,1506.5],[8.923768,42.390374,1507.6],[8.923818,42.390348,1510.8],[8.923868,42.390313,1512.9],[8.923898,42.390317,1512.9],[8.923943,42.390224,1515.9],[8.923996,42.390193,1519.6],[8.924031,42.390188,1519.4],[8.924084,42.390191,1522.8],[8.924131,42.390172,1524.5],[8.92419,42.390079,1527.1],[8.924471,42.389913,1534.6],[8.924559,42.389885,1536],[8.924609,42.389895,1537.7],[8.924666,42.389963,1539.5],[8.924686,42.390019,1541.8],[8.924679,42.390075,1541.7],[8.924722,42.390079,1544.3],[8.924754,42.390065,1544.3],[8.92477,42.390022,1547],[8.924797,42.389945,1547.3],[8.924846,42.389871,1550.3],[8.924904,42.38991,1554],[8.924937,42.389932,1555.4],[8.924972,42.389911,1556.1],[8.924992,42.389845,1560.1],[8.925041,42.389759,1564.2],[8.925189,42.389555,1574.1],[8.925295,42.3893,1587.4],[8.925252,42.389188,1590.5],[8.925267,42.389149,1592],[8.925291,42.389113,1593.9],[8.925318,42.389074,1593.9],[8.925294,42.38901,1596.6],[8.925296,42.388936,1599.2],[8.925313,42.388835,1601.7],[8.925351,42.38879,1603.9],[8.925346,42.388729,1607],[8.925421,42.388682,1611],[8.92541,42.388643,1613.3],[8.92537,42.388623,1611.8],[8.925371,42.388572,1613.8],[8.925407,42.388424,1624.6],[8.925566,42.388205,1644.2],[8.925655,42.388183,1646.1],[8.925634,42.38812,1649.9],[8.925667,42.388108,1651.5],[8.925643,42.388078,1651.2],[8.925696,42.388059,1652.9],[8.925711,42.388014,1655.3],[8.925803,42.388058,1658.2],[8.925849,42.388049,1660],[8.925866,42.387997,1661.1],[8.92594,42.388019,1664.5],[8.925996,42.387955,1666.9],[8.926149,42.38787,1673],[8.926213,42.38782,1674.7],[8.926302,42.387822,1682.1],[8.926356,42.387857,1688.9],[8.926444,42.387991,1695.1],[8.926509,42.38809,1697.7],[8.926654,42.388228,1706.8],[8.926777,42.388222,1710.9],[8.926871,42.388069,1719.6],[8.926966,42.387993,1722.3],[8.92695,42.387941,1721.9],[8.926989,42.387919,1721.9],[8.927021,42.387904,1722.1],[8.927044,42.387922,1724.1],[8.927048,42.387978,1725],[8.927009,42.388026,1724.3],[8.927084,42.388073,1728.7],[8.927175,42.388132,1733.9],[8.92734,42.388042,1736.6],[8.927591,42.388158,1747.5],[8.927702,42.388149,1750.8],[8.927847,42.388126,1753.7],[8.927972,42.388246,1762.7],[8.928067,42.388238,1769.7],[8.928256,42.388142,1775.8],[8.928451,42.38824,1786.6],[8.928543,42.388192,1789.6],[8.928666,42.388169,1789.7],[8.928764,42.388181,1795.1],[8.928806,42.388203,1796.2],[8.928814,42.388242,1798.8],[8.928778,42.388293,1800.2],[8.928766,42.388331,1803],[8.928787,42.38836,1805.8],[8.928838,42.388388,1812.1],[8.928996,42.38839,1816.3],[8.929094,42.388401,1818.6],[8.929189,42.388453,1824],[8.929254,42.388446,1825.2],[8.929317,42.388453,1827.3],[8.929356,42.388433,1828.1],[8.929428,42.388423,1826.2],[8.92982,42.388443,1839.9],[8.930148,42.388435,1866.8],[8.930184,42.388386,1848.2],[8.930266,42.388389,1852.3],[8.930336,42.388365,1851.2],[8.930423,42.388353,1854],[8.930455,42.388371,1855.3],[8.930503,42.388353,1856.5],[8.930652,42.388334,1860.3],[8.930638,42.388396,1862.7],[8.930834,42.388489,1873.3],[8.930957,42.3885,1874.8],[8.931081,42.388567,1880.6],[8.931239,42.388448,1873.5],[8.931298,42.388407,1875.4],[8.931323,42.388378,1873.2],[8.931426,42.38836,1878.6],[8.931513,42.388382,1882.2],[8.931643,42.388382,1887.7],[8.931704,42.388351,1889.5],[8.93173,42.388307,1889.5],[8.931798,42.38827,1890],[8.931955,42.388219,1896.4],[8.932001,42.388171,1894.7],[8.9321,42.388146,1900],[8.932208,42.388113,1900.6],[8.932396,42.38803,1902.2],[8.93274,42.38796,1916.4],[8.933164,42.387856,1929.4],[8.93357,42.387748,1942.7],[8.933853,42.387715,1945.8],[8.934071,42.38767,1948.9],[8.93412,42.387605,1948.7],[8.934283,42.38761,1954.9],[8.934509,42.387591,1967.1],[8.934634,42.387577,1973.2],[8.934802,42.387486,1976.8],[8.934871,42.387426,1977.5],[8.935234,42.387207,1991.4],[8.935404,42.387148,1998.2],[8.935477,42.387099,1999.4],[8.935498,42.387048,2001.1],[8.935484,42.387003,1998.8],[8.935498,42.386969,2000.5],[8.935563,42.386951,2002.5],[8.935658,42.386957,2006.2],[8.935684,42.386949,2008],[8.935704,42.386978,2008.4],[8.935747,42.386976,2010.2],[8.935851,42.386941,2015.1],[8.935872,42.386873,2014.9],[8.936035,42.38675,2023.3],[8.936239,42.386623,2033.6],[8.936447,42.38652,2042.8],[8.936546,42.386538,2046.5],[8.936633,42.386469,2049.6],[8.936845,42.386387,2055.5],[8.936985,42.386331,2059.2],[8.937044,42.386302,2062.6],[8.937097,42.386304,2064.5],[8.937119,42.386279,2064.3],[8.937154,42.386276,2066.3],[8.937174,42.386244,2068.4],[8.93725,42.386273,2072.6],[8.937299,42.386216,2074.4],[8.937352,42.386237,2076.4],[8.937377,42.386229,2076.4],[8.937397,42.386201,2078.4],[8.937532,42.386159,2083.7],[8.93757,42.386166,2085.8],[8.937686,42.386097,2091.2],[8.93776,42.386083,2093.9],[8.93778,42.38596,2096.9],[8.937786,42.385917,2097.7],[8.937793,42.385878,2098.3],[8.937816,42.385851,2101.2],[8.937862,42.385856,2102.7],[8.937899,42.38577,2106.3],[8.938007,42.385781,2110.4],[8.938148,42.385651,2117.6],[8.938143,42.385626,2118.1],[8.938139,42.385564,2118.7],[8.938177,42.385534,2120.3],[8.938184,42.385479,2120.8],[8.938237,42.385431,2122.8],[8.938375,42.38509,2121.8],[8.938528,42.38496,2123],[8.938569,42.38488,2124.4],[8.938655,42.384883,2124.9],[8.938806,42.384836,2125.9],[8.938851,42.384736,2127.9],[8.938987,42.384675,2129.3],[8.939074,42.38457,2130.1],[8.939117,42.384453,2130.9],[8.939156,42.384397,2131.9],[8.939137,42.384287,2134],[8.939151,42.384243,2136.4],[8.939214,42.384216,2138.3],[8.939267,42.384128,2141],[8.939331,42.384055,2142.4],[8.939304,42.383995,2144.4],[8.939376,42.383933,2147],[8.939352,42.383875,2149.2],[8.939404,42.383862,2150.8],[8.939501,42.383819,2153.7],[8.939502,42.383712,2157.2],[8.93959,42.383686,2160.1],[8.939547,42.383584,2163],[8.939589,42.383568,2165.7],[8.939571,42.383522,2167.9],[8.939632,42.383512,2168.5],[8.939607,42.383479,2170.1],[8.939668,42.383465,2171.4],[8.939625,42.383377,2175.3],[8.9396,42.383322,2179.1],[8.939667,42.383287,2180.4],[8.939648,42.383222,2183.8],[8.939764,42.38321,2185.9],[8.939739,42.383163,2187.8],[8.939778,42.383146,2189.7],[8.939882,42.383158,2190.9],[8.939894,42.38312,2192.6],[8.939991,42.383136,2195.4],[8.940048,42.383066,2200.6],[8.94008,42.383001,2203.9],[8.940138,42.382992,2207.3],[8.940092,42.382911,2209.2],[8.940157,42.382867,2213],[8.940377,42.382888,2221.2],[8.940438,42.382767,2228.2],[8.940519,42.382743,2233.5],[8.940551,42.382656,2237.6],[8.940621,42.382623,2242.9],[8.940685,42.382574,2248.6],[8.940775,42.382601,2249.7],[8.94082,42.382583,2253.4],[8.940837,42.382549,2255.5],[8.940894,42.382497,2259.4],[8.940966,42.382483,2262.5],[8.940996,42.382417,2268.7],[8.941138,42.382452,2272],[8.941155,42.382437,2274.2],[8.941312,42.382449,2279.6],[8.941414,42.382429,2283.7],[8.941407,42.382387,2284.7],[8.941332,42.382197,2295.7],[8.941366,42.382096,2300.6],[8.941379,42.382043,2303.5],[8.941331,42.382004,2304.9],[8.941287,42.381941,2307.9],[8.941283,42.381846,2311.1],[8.9411,42.381709,2316.6],[8.941087,42.381667,2319.1],[8.941039,42.381664,2318.7],[8.94105,42.381626,2321.2],[8.940963,42.381544,2324.8],[8.940921,42.381462,2328.2],[8.940898,42.381391,2332.6],[8.940979,42.381357,2333.5],[8.940916,42.38126,2339.1],[8.940874,42.381243,2338.6],[8.940853,42.381205,2339.7],[8.940687,42.381071,2339],[8.940694,42.38096,2337.2],[8.940646,42.380896,2336.2],[8.940586,42.380863,2334.7],[8.940298,42.380816,2331.1],[8.940211,42.38078,2331.8],[8.940161,42.380724,2333.1],[8.940145,42.380688,2335.2],[8.940098,42.380663,2334.8],[8.940079,42.380607,2339.3],[8.939791,42.380387,2347.4],[8.939599,42.380298,2349.1],[8.939402,42.380192,2354],[8.939238,42.380198,2349.5],[8.939168,42.380214,2348],[8.939105,42.380154,2350.9],[8.939002,42.380091,2353.2],[8.93893,42.380059,2354.2],[8.938915,42.379984,2355.8],[8.939008,42.379981,2358.9],[8.939144,42.380013,2367.2],[8.939272,42.380037,2371.1],[8.939368,42.380052,2373.4],[8.939329,42.379952,2376.9],[8.93926,42.379863,2379.8],[8.939272,42.379825,2382.6],[8.93928,42.379792,2384.8],[8.939269,42.379728,2386.9],[8.939242,42.379637,2390.7],[8.939299,42.379611,2393.6],[8.939274,42.379583,2395.8],[8.939268,42.379516,2398.2],[8.939163,42.379355,2408.2],[8.939103,42.379284,2412.6],[8.939132,42.379269,2412.6],[8.939095,42.379227,2415.1],[8.939138,42.379205,2416.3],[8.939128,42.379143,2420.4],[8.939184,42.379112,2426.7],[8.939072,42.379021,2427.9],[8.93909,42.378948,2430.9],[8.939032,42.378904,2432.5],[8.93905,42.378793,2440.8],[8.939077,42.37872,2447.9],[8.939029,42.378671,2449.7],[8.93902,42.378635,2452.7],[8.938962,42.378581,2453],[8.938826,42.378445,2457.7],[8.938769,42.378388,2458.9],[8.938694,42.378364,2458.7],[8.938605,42.378262,2462.4],[8.938533,42.378197,2467.6],[8.938445,42.378163,2469.3],[8.938397,42.378095,2471.5],[8.938403,42.378034,2478.3],[8.938337,42.377963,2480.8],[8.938419,42.377962,2483.1],[8.93838,42.377871,2493.7],[8.938311,42.377877,2486.8],[8.938306,42.377798,2494.9],[8.938376,42.377688,2510.4],[8.938448,42.377655,2515],[8.93849,42.377604,2519],[8.938484,42.377553,2522],[8.938327,42.377479,2526.6],[8.938228,42.377367,2532.4],[8.938161,42.37733,2535.5],[8.938219,42.377289,2539.1],[8.938216,42.377188,2545.6],[8.938276,42.37715,2549.2],[8.938218,42.377063,2555],[8.93811,42.376946,2563.2],[8.937944,42.376742,2576.3],[8.937925,42.376696,2578.9],[8.93796,42.376647,2581.8],[8.937888,42.376605,2584.2],[8.937901,42.376566,2586.9],[8.937829,42.376504,2589.4],[8.937734,42.376464,2592],[8.937676,42.376428,2594.5],[8.937572,42.376422,2595.3],[8.937491,42.376365,2599.2],[8.93696,42.376025,2589.1],[8.936802,42.37598,2586.9],[8.936744,42.375915,2584.2],[8.936598,42.375935,2583.7],[8.936366,42.375836,2581],[8.936305,42.375793,2579.4],[8.936212,42.375795,2578.1],[8.935932,42.375616,2565.1],[8.935626,42.375593,2556.7],[8.935534,42.375539,2554],[8.935433,42.375527,2551.5],[8.935224,42.375462,2547.7],[8.935015,42.375333,2541.7],[8.934697,42.37531,2537.8],[8.934385,42.375329,2532.4],[8.934245,42.375351,2526.9],[8.934151,42.375298,2525.5],[8.934108,42.375296,2524.3],[8.934073,42.375254,2522.6],[8.934038,42.375225,2522.6],[8.934056,42.375163,2519.9],[8.934013,42.37515,2519.3],[8.934073,42.375029,2515.1],[8.934026,42.374992,2512.9],[8.934046,42.374891,2509.9],[8.934102,42.37485,2508.8],[8.934081,42.374778,2505.4],[8.933884,42.374711,2502.2],[8.93383,42.374677,2500.6],[8.933764,42.37466,2500],[8.933763,42.374623,2498.5],[8.933637,42.374575,2496.1],[8.93347,42.374404,2490.6],[8.933358,42.374311,2488.9],[8.93332,42.374197,2485.5],[8.933258,42.374152,2485.4],[8.933195,42.374128,2484.7],[8.933173,42.374083,2483.1],[8.93299,42.373926,2483.1],[8.932832,42.373823,2478.7],[8.932512,42.373618,2473.4],[8.932253,42.373431,2470],[8.931947,42.373252,2467.5],[8.931942,42.373207,2466],[8.931761,42.373043,2463.3],[8.931665,42.372985,2463.5],[8.931646,42.372939,2460.3],[8.931595,42.372928,2458],[8.931378,42.372809,2456.9],[8.93116,42.372777,2460.9],[8.930363,42.372457,2460.4],[8.930185,42.372233,2459.9],[8.93011,42.371969,2455.6],[8.930097,42.371837,2451],[8.930009,42.371686,2447.5],[8.929912,42.371552,2446.3],[8.92981,42.371509,2451.7],[8.929691,42.371485,2459.4],[8.929528,42.371388,2457.5],[8.929481,42.371339,2455.6],[8.929417,42.371334,2453.9],[8.929314,42.371351,2450.1],[8.929161,42.371457,2441.1],[8.929056,42.371557,2436.2],[8.928971,42.37156,2431.3],[8.92889,42.371657,2425.8],[8.928815,42.371622,2421],[8.928543,42.371889,2407.4],[8.928311,42.371915,2393.6],[8.927952,42.371955,2377],[8.927766,42.372053,2370.6],[8.927567,42.372093,2362.7],[8.92715,42.371969,2342.9],[8.926717,42.371821,2326.1],[8.926677,42.37173,2322.3],[8.926592,42.37158,2315.3],[8.926432,42.37152,2309.5],[8.926453,42.371436,2308.2],[8.92641,42.371298,2300.3],[8.926296,42.37125,2296.2],[8.926265,42.371047,2287.8],[8.92613,42.370958,2280.4],[8.926122,42.370702,2265.8],[8.92605,42.370537,2260.6],[8.925862,42.370349,2247.3],[8.925863,42.370059,2232],[8.925698,42.369983,2224.1],[8.925427,42.369951,2214],[8.925263,42.370003,2211.4],[8.924828,42.369677,2184.8],[8.924385,42.369631,2169.1],[8.923736,42.369476,2149.8],[8.92357,42.3693,2136.1],[8.923803,42.36916,2128.1],[8.923689,42.369039,2120.9],[8.923272,42.368974,2113.8],[8.923153,42.368879,2104.6],[8.922649,42.368722,2092.8],[8.922292,42.368437,2070.3],[8.921937,42.368237,2047.5],[8.921785,42.368226,2038],[8.921571,42.368291,2027.9],[8.921371,42.368243,2017.4],[8.92122,42.368148,2009.2],[8.921135,42.3681,2005.1],[8.921123,42.36799,2001.3],[8.921081,42.36789,1998.9],[8.920978,42.367869,1994.1],[8.920719,42.367946,1981.9],[8.920554,42.367898,1974.7],[8.920467,42.367939,1973.3],[8.920357,42.36795,1971.1],[8.920245,42.367946,1969],[8.919731,42.367699,1955.7],[8.919551,42.367669,1954.3],[8.919355,42.367613,1952.3],[8.919176,42.3675,1952],[8.919189,42.367326,1945.9],[8.919143,42.367215,1941.5],[8.918871,42.367181,1934.6],[8.918645,42.367169,1928.7],[8.918577,42.367104,1924.3],[8.918562,42.367049,1920.6],[8.918553,42.366904,1915],[8.918545,42.366789,1910.3],[8.918468,42.366685,1905.3],[8.918335,42.366667,1900.1],[8.918167,42.366551,1891.4],[8.917969,42.366325,1875.3],[8.917363,42.36592,1857.5],[8.917024,42.365773,1851.1],[8.916553,42.365568,1841.2],[8.916473,42.365373,1825.7],[8.916034,42.365149,1809.9],[8.915776,42.365024,1799],[8.915683,42.365005,1797.9],[8.915658,42.364979,1795.9],[8.915573,42.36499,1795.1],[8.915461,42.364985,1794.5],[8.915379,42.364998,1795.8],[8.915321,42.365022,1795.5],[8.91528,42.365022,1794.9],[8.915197,42.364971,1791.2],[8.914732,42.364797,1767.6],[8.914479,42.364454,1753.6],[8.914479,42.36427,1748.3],[8.914412,42.364134,1742.6],[8.914248,42.363995,1738.6],[8.914146,42.363818,1733],[8.914048,42.363805,1731.8],[8.914036,42.363706,1728.2],[8.913973,42.363638,1727],[8.913943,42.363607,1726.3],[8.913811,42.363355,1718.9],[8.913597,42.363277,1717.6],[8.913417,42.363092,1713.5],[8.913227,42.36296,1709.4],[8.91313,42.362961,1709.5],[8.912866,42.362826,1704],[8.91246,42.362666,1697.4],[8.912326,42.362472,1688.7],[8.91215,42.362404,1685.8],[8.911934,42.362306,1681.3],[8.91187,42.362275,1678.6],[8.911765,42.362192,1674.8],[8.91165,42.362216,1676.7],[8.911534,42.362281,1679.4],[8.911437,42.362279,1679.7],[8.91124,42.362252,1677.5],[8.911016,42.362201,1671.7],[8.910652,42.362208,1666.9],[8.910247,42.362272,1669],[8.909984,42.362242,1669.9],[8.909963,42.362139,1666.6],[8.910002,42.362013,1662.3],[8.91001,42.361852,1656.9],[8.910119,42.361648,1646.3],[8.910108,42.361562,1643.5],[8.910017,42.361505,1641.4],[8.909974,42.361386,1636.5],[8.909998,42.36119,1631.1],[8.909916,42.360971,1621.9],[8.909799,42.360848,1616.1],[8.90969,42.36081,1613.5],[8.909459,42.360748,1608.4],[8.909349,42.360542,1604.2],[8.909403,42.360402,1599],[8.909552,42.360339,1597.2],[8.909598,42.360298,1596.4],[8.909778,42.3601,1595.8],[8.909904,42.3599,1591.2],[8.90998,42.35962,1581.2],[8.909958,42.359398,1569.1],[8.909869,42.359243,1559.9],[8.909886,42.35911,1555.6],[8.909909,42.35898,1551],[8.909784,42.358717,1541.2],[8.909737,42.358415,1532.6],[8.909659,42.358367,1531.5],[8.909688,42.358167,1526.8],[8.909803,42.358067,1524.7],[8.909802,42.357946,1522.3],[8.909715,42.357874,1522],[8.909761,42.357733,1518.9],[8.909676,42.357444,1512.8],[8.909454,42.357321,1510.7],[8.909429,42.357305,1511.3],[8.909397,42.357203,1512.5],[8.909449,42.357043,1510.1],[8.909504,42.35697,1509.2],[8.909575,42.356772,1507.2],[8.909574,42.356644,1506.6],[8.909673,42.356494,1503.2],[8.909675,42.356405,1501.9],[8.909714,42.356284,1499.9],[8.909606,42.356124,1497.3],[8.90963,42.355966,1492.9],[8.909636,42.355748,1487.8],[8.909595,42.355678,1486.6],[8.909615,42.355449,1481.5],[8.909618,42.355329,1478.7],[8.90962,42.355231,1476.7],[8.909501,42.354906,1472.9],[8.909389,42.354521,1467.7],[8.909166,42.354394,1468.1],[8.909038,42.354243,1467.5],[8.90892,42.354041,1466.8],[8.908794,42.353935,1466.3],[8.908238,42.353689,1462],[8.908158,42.3536,1460.6],[8.90813,42.353418,1456.9],[8.908089,42.353311,1452.2],[8.907893,42.353249,1448.1],[8.907905,42.353168,1446.6],[8.907812,42.353003,1443.9],[8.907704,42.352948,1442.2],[8.907589,42.352821,1439.2],[8.907403,42.352329,1430.6],[8.907184,42.3518,1419.1],[8.907142,42.351332,1411.2],[8.906644,42.350765,1417.1],[8.906642,42.35028,1409],[8.906802,42.349852,1405],[8.906626,42.349469,1405.9],[8.906436,42.349057,1410.2],[8.906425,42.348498,1410.6],[8.906258,42.348137,1412.9],[8.905938,42.347868,1415.2],[8.905487,42.347456,1415],[8.905043,42.346734,1403.5],[8.904621,42.346322,1393.7],[8.904102,42.346032,1393],[8.903876,42.345623,1388.6],[8.90364,42.345059,1389.9],[8.903251,42.344683,1384.7],[8.902578,42.344416,1378],[8.901937,42.344209,1373.3],[8.901368,42.344011,1370.7],[8.901165,42.34373,1372.3],[8.90056,42.343408,1375],[8.900348,42.343297,1376.7],[8.900396,42.343204,1375],[8.90064,42.342722,1381.1],[8.901115,42.342537,1374.8],[8.9016,42.342185,1375.3],[8.901991,42.341564,1389.2],[8.902127,42.341434,1390.1],[8.902024,42.340659,1379.2],[8.902326,42.339306,1386.2],[8.902373,42.338968,1389.9],[8.902172,42.338591,1392.6],[8.901042,42.338158,1392.8],[8.90046,42.338052,1393.1],[8.900003,42.337984,1392.7],[8.899669,42.337887,1391.2],[8.899279,42.337674,1393.6],[8.898828,42.33751,1398.3],[8.898368,42.337282,1396.8],[8.898029,42.337026,1401.4],[8.897629,42.336868,1405.3],[8.89705,42.336732,1401.1],[8.896633,42.336506,1396.4],[8.896314,42.336351,1394.8],[8.894842,42.33621,1414.3],[8.894476,42.336254,1417.9],[8.893858,42.336047,1422.6],[8.893349,42.335923,1426.2],[8.892955,42.33588,1434.6],[8.892595,42.335838,1442.1],[8.892169,42.335763,1451.9],[8.891883,42.335738,1459.7],[8.891581,42.335601,1467.7],[8.891333,42.335537,1474.4],[8.891053,42.335521,1484.5],[8.890901,42.33552,1489.4],[8.890734,42.335416,1496.6],[8.890622,42.335392,1499.7],[8.890317,42.335366,1506.3],[8.890137,42.335403,1511.4],[8.890006,42.335418,1515.6],[8.889836,42.335424,1521],[8.889568,42.335437,1530.5],[8.889384,42.335429,1533.5],[8.889211,42.335489,1540.8],[8.888763,42.335614,1559],[8.888625,42.335667,1569.2],[8.888254,42.335631,1581.5],[8.887997,42.33559,1587],[8.887878,42.335578,1589.5],[8.88767,42.335626,1595.5],[8.887451,42.335631,1599.4],[8.887219,42.335604,1603.6],[8.887118,42.335412,1612.6],[8.886307,42.335002,1643.7],[8.886185,42.334981,1646.9],[8.886112,42.334965,1649.4],[8.886091,42.334957,1650.7],[8.886035,42.334904,1651.6],[8.885874,42.334777,1653.6],[8.885592,42.334667,1656.4],[8.885354,42.334713,1668.4],[8.885233,42.334801,1675.4],[8.885136,42.334808,1677.5],[8.885053,42.334796,1679.8],[8.884921,42.334741,1682.6],[8.884728,42.334657,1687.7],[8.884639,42.334603,1689.5],[8.884533,42.334594,1693.8],[8.884412,42.334571,1697.4],[8.884313,42.334564,1698.6],[8.884257,42.334516,1698.4],[8.884171,42.334513,1700.3],[8.884129,42.334538,1702.7],[8.884077,42.334535,1705.3],[8.883794,42.334469,1710.5],[8.883551,42.334398,1715.4],[8.88349,42.334383,1716.9],[8.883322,42.334341,1720.8],[8.88314,42.334328,1726.9],[8.883043,42.334323,1731.9],[8.882934,42.334277,1734.7],[8.882812,42.334241,1739.6],[8.882645,42.334189,1745.2],[8.88257,42.334161,1747.5],[8.882523,42.334127,1746.7],[8.88244,42.334102,1750.2],[8.882339,42.334092,1749.6],[8.882292,42.33405,1747.2],[8.88219,42.334046,1750.3],[8.882157,42.334047,1752],[8.882123,42.333999,1750.3],[8.882088,42.333973,1752.2],[8.882008,42.333931,1752.6],[8.881914,42.333837,1748.6],[8.881821,42.333813,1752.6],[8.881757,42.333837,1756.3],[8.881707,42.333855,1760.8],[8.881634,42.333824,1760.2],[8.881588,42.333824,1762.2],[8.881575,42.333861,1767],[8.881605,42.333908,1767.7],[8.881564,42.333936,1772.8],[8.881416,42.333957,1779.9],[8.881324,42.33384,1779.4],[8.881123,42.333974,1793.9],[8.880889,42.334082,1812.5],[8.880797,42.334007,1812.3],[8.880488,42.334091,1829.2],[8.880325,42.333991,1833.2],[8.880259,42.333943,1834.5],[8.880164,42.333898,1838.9],[8.880081,42.333895,1841.6],[8.880004,42.333887,1842.8],[8.879934,42.333896,1844.9],[8.879881,42.333945,1846.5],[8.879854,42.333997,1848.5],[8.87982,42.334013,1850.8],[8.879834,42.334037,1849.4],[8.879838,42.334066,1850.5],[8.879804,42.334155,1854.2],[8.879751,42.33423,1857.9],[8.879686,42.334251,1860.2],[8.879596,42.334255,1862.6],[8.879521,42.334257,1865.6],[8.879411,42.334228,1869.2],[8.879249,42.334156,1876.6],[8.879167,42.334118,1880.9],[8.879076,42.334102,1885.4],[8.87902,42.334078,1887.3],[8.878975,42.334042,1888.7],[8.878863,42.334009,1893.2],[8.878553,42.333699,1895.3],[8.878462,42.333614,1896.5],[8.87832,42.333576,1903.5],[8.878224,42.333527,1907.2],[8.878196,42.333472,1909.1],[8.87821,42.333392,1908.7],[8.878171,42.333307,1913.8],[8.878133,42.333272,1916.5],[8.878029,42.333184,1919.3],[8.877915,42.333045,1921.2],[8.877852,42.333025,1923.6],[8.877751,42.332947,1926],[8.877681,42.332948,1929.8],[8.877637,42.332896,1928.3],[8.877574,42.332888,1930.2],[8.877512,42.332878,1932],[8.877441,42.332867,1936.2],[8.877345,42.332853,1938],[8.876996,42.332771,1953.8],[8.876794,42.33261,1958.5],[8.876678,42.332598,1962.4],[8.876541,42.332585,1963.9],[8.876433,42.333062,1977.3],[8.87624,42.333188,1981.5],[8.875982,42.333335,1987.8],[8.875772,42.333507,1996],[8.875459,42.333726,2005.8],[8.875264,42.333791,2007.2],[8.87491,42.333907,2012.8],[8.874215,42.334318,2030.4],[8.874138,42.334384,2032],[8.87381,42.334515,2037.3],[8.873431,42.334736,2036.3],[8.872979,42.334759,2024.6],[8.872954,42.334766,2023.2],[8.872054,42.335009,2023.8],[8.871917,42.335061,2025.5],[8.871795,42.335082,2023.3],[8.871726,42.335066,2022.1],[8.871651,42.335019,2018.1],[8.871599,42.335025,2016.4],[8.871578,42.335049,2016.2],[8.871467,42.335087,2015.3],[8.871349,42.335126,2012.1],[8.871305,42.335115,2011.2],[8.871178,42.335133,2009.9],[8.871048,42.335155,2006.7],[8.870844,42.335228,2002.6],[8.870673,42.335256,1997.8],[8.870539,42.335298,1997.2],[8.870482,42.335357,1998.5],[8.870449,42.335363,1997.8],[8.870342,42.335401,1996.4],[8.870267,42.335397,1995.9],[8.870171,42.335421,1995],[8.869964,42.33542,1992.8],[8.869822,42.335434,1991.8],[8.86969,42.335461,1991],[8.86952,42.335487,1990.6],[8.869255,42.335478,1988.8],[8.869165,42.33549,1988.5],[8.869122,42.335504,1988.3],[8.86898,42.335486,1987.5],[8.868856,42.335427,1987.3],[8.868722,42.335387,1987.9],[8.868659,42.335361,1988.2],[8.868577,42.335326,1988.6],[8.868385,42.335186,1991],[8.868299,42.335127,1993.3],[8.868122,42.335049,1996.2],[8.867956,42.334982,1997.6],[8.867783,42.334877,1997.8],[8.867536,42.334719,1996],[8.86737,42.334623,1996.5],[8.867308,42.334573,1995.4],[8.867215,42.334533,1995],[8.867111,42.334516,1992.6],[8.867006,42.334513,1991.8],[8.866949,42.334523,1991.2],[8.866922,42.334527,1991.2],[8.866782,42.334509,1991.9],[8.866101,42.334293,1990.7],[8.864862,42.333764,1993],[8.864448,42.333495,1991.7],[8.864081,42.333289,1992.2],[8.86394,42.33321,1992.2],[8.862909,42.332012,1971.1],[8.862239,42.331416,1959.9],[8.862101,42.331171,1955.9],[8.861789,42.330919,1953],[8.861599,42.330193,1941.4],[8.861626,42.32992,1939.6],[8.861734,42.328843,1951.6],[8.861619,42.3284,1944.1],[8.86164,42.328311,1942.1],[8.861479,42.32801,1935.8],[8.861259,42.327817,1930.3],[8.861276,42.327731,1927.8],[8.860707,42.326778,1903],[8.860758,42.326302,1891.1],[8.860627,42.325959,1884.6],[8.86058,42.325392,1879.9],[8.860623,42.325089,1873.6],[8.860799,42.324801,1867.7],[8.861093,42.324522,1858.1],[8.861201,42.32418,1861],[8.861302,42.324104,1857.6],[8.861571,42.323992,1855.9],[8.862178,42.323648,1854.3],[8.862604,42.323472,1852],[8.863087,42.32334,1845.3],[8.863594,42.323181,1835.4],[8.86407,42.322984,1824.2],[8.864568,42.322897,1812.9],[8.864857,42.323009,1804.3],[8.864913,42.323031,1802.8],[8.865401,42.323114,1787.7],[8.865743,42.323347,1774.7],[8.865839,42.323384,1771.3],[8.86608,42.323477,1765.7],[8.866333,42.323394,1758.6],[8.866979,42.323434,1741.8],[8.86744,42.323563,1727.8],[8.867573,42.323498,1723.2],[8.867841,42.323533,1714.1],[8.867887,42.32356,1712.3],[8.868086,42.323451,1705.7],[8.868265,42.323373,1700.5],[8.868423,42.3234,1695.3],[8.868805,42.323134,1687.5],[8.86889,42.322886,1685.1],[8.869184,42.322503,1678.2],[8.86911,42.322386,1677.6],[8.869109,42.322188,1673.6],[8.86912,42.322059,1671.9],[8.869157,42.321619,1668.1],[8.869313,42.321263,1664.1],[8.86937,42.320598,1657.9],[8.869513,42.320091,1653.1],[8.869523,42.319273,1647.9],[8.869325,42.319037,1647.2],[8.869169,42.318704,1644],[8.869023,42.318585,1642.4],[8.868976,42.318464,1639.8],[8.868806,42.318363,1638.8],[8.86863,42.318222,1637.2],[8.86856,42.318195,1636.9],[8.868506,42.318094,1635.9],[8.868453,42.31802,1635.3],[8.868206,42.317868,1632.6],[8.868113,42.317704,1630.8],[8.868133,42.317519,1629.2],[8.868128,42.317239,1626.7],[8.868132,42.317076,1625.4],[8.868131,42.316776,1620.9],[8.868137,42.316507,1615.3],[8.868104,42.31639,1612.6],[8.867985,42.316373,1612.4],[8.868013,42.316228,1610.8],[8.867934,42.316039,1609.8],[8.86791,42.315907,1608.2],[8.867963,42.315758,1607.2],[8.867976,42.315653,1606.7],[8.867956,42.315504,1606],[8.868061,42.315334,1605],[8.868196,42.315228,1603.4],[8.868167,42.314702,1597.2],[8.868154,42.314548,1595.1],[8.868123,42.314378,1592.9],[8.868136,42.314267,1592],[8.868175,42.314155,1590.8],[8.868145,42.313944,1590.1],[8.86817,42.313867,1589.1],[8.868162,42.3136,1587.5],[8.868215,42.313429,1586.6],[8.868257,42.31329,1586.5],[8.868425,42.313219,1585.1],[8.868441,42.313145,1585.9],[8.868538,42.313001,1584.8],[8.868543,42.312913,1584.4],[8.868653,42.312794,1584.6],[8.86871,42.312711,1584.7],[8.86877,42.312604,1582.9],[8.868767,42.312545,1584.1],[8.868774,42.312469,1585.2],[8.86886,42.312441,1582.5],[8.868985,42.312325,1581.3],[8.869048,42.312262,1580.2],[8.869105,42.312146,1578.6],[8.869222,42.311997,1577.1],[8.869312,42.311689,1575.4],[8.869381,42.311591,1573.9],[8.869444,42.311548,1572.4],[8.869565,42.311501,1571.1],[8.869697,42.311417,1570],[8.869732,42.31135,1569.7],[8.869828,42.311298,1568],[8.869882,42.31121,1566.7],[8.870027,42.31107,1564.3],[8.870035,42.311018,1564.1],[8.870097,42.310901,1561.5],[8.870187,42.310814,1559.3],[8.87024,42.31068,1557.5],[8.870294,42.310631,1556.4],[8.870382,42.310536,1554.2],[8.870473,42.310485,1551.4],[8.870548,42.310307,1550.4],[8.870697,42.310192,1547.6],[8.870751,42.31021,1547.3],[8.870846,42.310223,1546.7],[8.8712,42.31022,1544.2],[8.871445,42.310185,1538.9],[8.87153,42.310218,1538.9],[8.871677,42.310219,1536.2],[8.87178,42.31008,1533],[8.871892,42.310076,1531],[8.872165,42.310096,1527.6],[8.872212,42.310001,1524],[8.872423,42.31004,1522.5],[8.872666,42.310038,1519.2],[8.872879,42.310029,1517.1],[8.872982,42.309918,1512.9],[8.873086,42.309882,1510.6],[8.873205,42.309909,1510],[8.873327,42.309901,1507.7],[8.873668,42.310007,1503.8],[8.873957,42.309994,1499.2],[8.874055,42.310022,1497.8],[8.874444,42.31006,1495.1],[8.87483,42.309971,1489.4],[8.874905,42.310011,1490.2],[8.875003,42.310026,1491.4],[8.875262,42.309955,1488.1],[8.875341,42.309902,1486.2],[8.875207,42.309865,1483.5],[8.875308,42.30979,1479.4],[8.875261,42.309709,1475.5],[8.875345,42.309667,1473.6],[8.875393,42.309588,1470.4],[8.875647,42.309503,1468.7],[8.875733,42.309422,1467.3],[8.875778,42.309342,1466.4],[8.876134,42.309121,1463.2],[8.876329,42.309016,1464],[8.87638,42.308943,1459.4],[8.876447,42.308925,1460.8],[8.876449,42.308883,1457.7],[8.876513,42.308866,1458.4],[8.876513,42.308821,1453.8],[8.876671,42.308741,1456.6],[8.87676,42.308643,1451.4],[8.876769,42.30857,1449.3],[8.876869,42.308498,1448.7],[8.876922,42.308453,1447.1],[8.877057,42.308334,1441.4],[8.877042,42.308254,1436.8],[8.877241,42.308148,1436.9],[8.877337,42.308044,1433.6],[8.877337,42.307989,1431.9],[8.877187,42.308023,1430.1],[8.877198,42.307963,1427.5],[8.877362,42.307771,1425.7],[8.877419,42.307548,1418.9],[8.877486,42.307405,1417.8],[8.87753,42.307205,1415.7],[8.877576,42.307143,1415],[8.877595,42.307015,1411],[8.877612,42.306957,1411.1],[8.877594,42.306889,1407.3],[8.877669,42.306659,1405.9],[8.877733,42.306479,1404.3],[8.877692,42.306424,1400.9],[8.877629,42.306472,1399.1],[8.877604,42.306455,1397.5],[8.877606,42.306397,1396],[8.877369,42.306332,1392.3],[8.8772,42.306328,1396.4],[8.87718,42.306189,1393.8],[8.877168,42.30608,1391.9],[8.877084,42.306008,1394.2],[8.877069,42.305851,1395.3],[8.877131,42.30571,1393],[8.87705,42.305514,1391],[8.876902,42.305404,1390.7],[8.876671,42.30518,1385.5],[8.876471,42.305006,1388.2],[8.876477,42.304896,1383.4],[8.876448,42.304842,1383],[8.876407,42.304792,1383.1],[8.876337,42.30478,1383],[8.876282,42.304741,1381.9],[8.876231,42.304708,1382.3],[8.876167,42.304705,1383.2],[8.876099,42.304678,1381.2],[8.876065,42.304618,1379.5],[8.875868,42.304493,1377.8],[8.875774,42.304448,1378.9],[8.875719,42.304383,1378.2],[8.875686,42.304322,1379.9],[8.875676,42.304254,1379],[8.87569,42.304223,1378.5],[8.875692,42.304192,1378.5],[8.875669,42.304175,1378.2],[8.875619,42.30415,1382.7],[8.875575,42.304079,1384.6],[8.875556,42.30404,1385.2],[8.875577,42.304011,1386.1],[8.875602,42.303972,1386.3],[8.87557,42.30392,1388.2],[8.875459,42.303828,1390.7],[8.875362,42.30372,1392.5],[8.875301,42.303717,1393.2],[8.8752,42.303657,1393.1],[8.875175,42.303608,1392.4],[8.875002,42.303536,1390.9],[8.874878,42.303503,1394],[8.874867,42.303435,1392.5],[8.874891,42.303401,1394.6],[8.874931,42.303378,1393.6],[8.875005,42.303363,1395],[8.875075,42.303341,1391.6],[8.875147,42.303301,1392.3],[8.875275,42.303192,1390.1],[8.875314,42.303154,1388.4],[8.875328,42.303092,1386.3],[8.875352,42.303058,1387.7],[8.875385,42.303044,1385.3],[8.875428,42.30304,1383.3],[8.875444,42.303016,1385.8],[8.875484,42.303006,1384.1],[8.875511,42.302977,1385.7],[8.875566,42.302974,1384.6],[8.875612,42.302973,1383.7],[8.875667,42.302965,1382.1],[8.875837,42.302974,1380],[8.875892,42.302976,1378.8],[8.875942,42.302998,1376.1],[8.87596,42.303042,1374.7],[8.876017,42.303063,1373.1],[8.876072,42.303072,1371.6],[8.87618,42.303043,1370.7],[8.876286,42.303015,1371.3],[8.876393,42.303018,1370],[8.876507,42.303,1368],[8.876574,42.302951,1369.2],[8.876607,42.302912,1371.4],[8.876634,42.302871,1372.4],[8.876691,42.302846,1372.9],[8.876764,42.302809,1371.8],[8.876842,42.302792,1369.2],[8.876916,42.302727,1368.5],[8.87694,42.302674,1369.4],[8.876967,42.3026,1368.2],[8.877026,42.302509,1368.9],[8.877119,42.302356,1369.8],[8.877486,42.302182,1365.7],[8.877655,42.302135,1364.8],[8.877775,42.302102,1363.9],[8.877914,42.301843,1366.3],[8.878178,42.301901,1367.2],[8.878366,42.301875,1368.1],[8.878713,42.301819,1368.2],[8.878989,42.301695,1369.6],[8.879301,42.301521,1372.7],[8.879621,42.301428,1371.2],[8.879697,42.301392,1372.1],[8.879989,42.301207,1370.8],[8.88013,42.301099,1370.9],[8.880611,42.300895,1370.2],[8.880885,42.300806,1368.6],[8.881128,42.30061,1375.4],[8.881282,42.300576,1376.6],[8.8815,42.300442,1382.4],[8.881899,42.300258,1382.1],[8.882167,42.300199,1379.4],[8.882385,42.300164,1376.9],[8.882419,42.300143,1376],[8.882423,42.300109,1374.4],[8.882396,42.300082,1375],[8.882355,42.300052,1373.8],[8.882237,42.300006,1373.2],[8.881996,42.299848,1369.2],[8.881866,42.299661,1363.9],[8.881776,42.299528,1363],[8.881609,42.299355,1365.8],[8.881298,42.299011,1370.2],[8.881035,42.298706,1374.1],[8.880609,42.298205,1382.3],[8.880632,42.297844,1382.1],[8.880377,42.297716,1387.2],[8.88041,42.297466,1385.2],[8.880699,42.297116,1382.4],[8.880861,42.297096,1383.9],[8.88109,42.297083,1383.8],[8.881435,42.297009,1383.8],[8.882085,42.296435,1395.3],[8.88235,42.296161,1398.9],[8.882532,42.29599,1399.4],[8.882463,42.295712,1404.7],[8.882276,42.295429,1407.6],[8.881725,42.294679,1414.3],[8.882046,42.294152,1418.1],[8.882314,42.293615,1419.3],[8.882185,42.293115,1419.5],[8.882327,42.292794,1416.3],[8.882369,42.292462,1419.5],[8.882528,42.292265,1416.4],[8.882643,42.29194,1413.4],[8.882756,42.291856,1409.9],[8.882781,42.291808,1409.5],[8.882762,42.29176,1409.2],[8.882374,42.291494,1411.9],[8.882346,42.291224,1405.9],[8.882122,42.290957,1406.8],[8.882172,42.290819,1408.6],[8.882918,42.290415,1412.1],[8.883472,42.290364,1409.7],[8.884042,42.290151,1406.6],[8.884641,42.289607,1410.6],[8.88532,42.289352,1407.4],[8.885887,42.288908,1405.7],[8.886128,42.288868,1406.3],[8.886306,42.288943,1406.1],[8.886683,42.289313,1399.6],[8.887124,42.289441,1403.4],[8.887897,42.289282,1400.2],[8.888453,42.289234,1397.8],[8.888874,42.289207,1399.2],[8.889287,42.288818,1409.7],[8.890427,42.288137,1409.1],[8.891181,42.288122,1409.2],[8.891575,42.287963,1413.8],[8.891531,42.287759,1417.2],[8.891694,42.287686,1416.3],[8.891785,42.287603,1415.4],[8.891844,42.287492,1414.8],[8.891844,42.287353,1413.9],[8.891827,42.287292,1413.6],[8.891815,42.287249,1413.1],[8.891744,42.287122,1412],[8.891701,42.287019,1411],[8.891703,42.286962,1410.6],[8.891725,42.286848,1409.7],[8.89179,42.286756,1409],[8.891889,42.286681,1407.9],[8.892004,42.286627,1408.2],[8.89213,42.286588,1408],[8.892405,42.286561,1406.7],[8.892832,42.286525,1405.1],[8.893126,42.286501,1404.4],[8.893773,42.286458,1401.8],[8.894371,42.286421,1399.7],[8.89468,42.286403,1398.8],[8.894677,42.286056,1389.8],[8.894519,42.285869,1385.9],[8.894232,42.28566,1383.1],[8.894184,42.285539,1379.4],[8.894212,42.285348,1373.9],[8.894292,42.285039,1364.2],[8.89449,42.284757,1357.7],[8.894807,42.284252,1342.1],[8.89472,42.283826,1336.6],[8.894867,42.283665,1331.8],[8.895013,42.283517,1328.4],[8.895219,42.283431,1324.2],[8.895217,42.283363,1324.3],[8.895153,42.283311,1324.8],[8.894865,42.283124,1325.8],[8.893977,42.28292,1326.1],[8.89328,42.282974,1326.7],[8.892725,42.283026,1325.6],[8.892488,42.28294,1327],[8.892214,42.282676,1325.4],[8.891859,42.282566,1329.9],[8.891986,42.282297,1325.7],[8.89204,42.28207,1326.6],[8.892023,42.28194,1326.2],[8.891837,42.281866,1328.6],[8.891441,42.281657,1327.5],[8.890972,42.281492,1328.7],[8.890794,42.280764,1328],[8.890189,42.280056,1329.7],[8.890025,42.279857,1329.2],[8.889747,42.279726,1331.1],[8.88957,42.279658,1333.1],[8.889494,42.279506,1330.2],[8.889316,42.279388,1331.7],[8.889216,42.279252,1335.3],[8.889213,42.279209,1335.3],[8.889209,42.279135,1335.2],[8.889358,42.278906,1332.2],[8.889417,42.2787,1333.2],[8.889533,42.278469,1330.3],[8.889467,42.278291,1334.8],[8.889668,42.278148,1331.5],[8.88961,42.27798,1335.1],[8.889559,42.277792,1337],[8.889577,42.277719,1336.5],[8.889684,42.277629,1336.4],[8.89021,42.277448,1333.9],[8.890355,42.27729,1330.9],[8.890366,42.277059,1330.2],[8.890294,42.276822,1332.1],[8.890351,42.276461,1330.8],[8.89028,42.27626,1335],[8.890277,42.276136,1335.8],[8.890361,42.276031,1333.6],[8.890632,42.275866,1328.8],[8.890764,42.275464,1337.4],[8.890871,42.27534,1337],[8.890997,42.27528,1336.4],[8.891021,42.275269,1336.4],[8.891211,42.275232,1338.8],[8.89152,42.275269,1337.2],[8.891882,42.275259,1337.9],[8.892234,42.275288,1337.6],[8.892684,42.275352,1331.2],[8.893218,42.275212,1331],[8.893403,42.274972,1333.5],[8.893497,42.274677,1335.4],[8.893542,42.274207,1335.7],[8.893795,42.273862,1335],[8.893829,42.273558,1336.3],[8.8939,42.273319,1338.9],[8.894284,42.272967,1335.9],[8.89435,42.272571,1338.8],[8.894549,42.272561,1334.2],[8.894615,42.272498,1336.2],[8.894619,42.272425,1338.2],[8.894674,42.272363,1337.6],[8.894678,42.272199,1335.5],[8.894547,42.272005,1337.2],[8.894316,42.271886,1336.7],[8.893071,42.27127,1335.8],[8.892693,42.271122,1333.8],[8.892076,42.270996,1337.9],[8.891272,42.270764,1341.8],[8.890957,42.2707,1342.2],[8.890761,42.270665,1345.1],[8.890762,42.270566,1343.3],[8.890763,42.270558,1343.3],[8.890854,42.270337,1345.1],[8.890946,42.270121,1343.8],[8.891135,42.269901,1344.1],[8.891485,42.269681,1349],[8.891586,42.269589,1349.5],[8.891638,42.269517,1348.2],[8.891754,42.269464,1348.9],[8.892193,42.269346,1350.5],[8.892466,42.269311,1351.2],[8.89281,42.269228,1351],[8.892926,42.269161,1354],[8.893014,42.269123,1354.4],[8.893159,42.269103,1351],[8.893277,42.269038,1352.7],[8.893364,42.268939,1355.3],[8.893442,42.268892,1355.6],[8.893573,42.268846,1355.2],[8.89361,42.268807,1356],[8.893628,42.268768,1357],[8.893642,42.268658,1357.6],[8.893602,42.268457,1357.1],[8.893561,42.268359,1357.5],[8.893532,42.268268,1356.3],[8.893487,42.26814,1356.4],[8.893422,42.267995,1356.5],[8.893382,42.267854,1356.9],[8.893384,42.26772,1356.8],[8.893292,42.267615,1356.7],[8.893162,42.267521,1358.6],[8.893213,42.267405,1358.9],[8.893393,42.267342,1354.4],[8.893484,42.267244,1357.6],[8.893661,42.267181,1358.1],[8.893733,42.267135,1358.6],[8.893771,42.267086,1358.6],[8.893764,42.267017,1359.4],[8.893724,42.266926,1359.8],[8.893679,42.266881,1360.4],[8.893602,42.266795,1361],[8.893568,42.266732,1359.6],[8.893512,42.266681,1362.1],[8.893528,42.266546,1361.5],[8.89358,42.266515,1360.1],[8.893603,42.26647,1361.5],[8.893648,42.266386,1360.8],[8.893779,42.266283,1360.8],[8.893797,42.266236,1362],[8.893875,42.266187,1360.9],[8.893882,42.266137,1361.3],[8.893874,42.266061,1361.1],[8.89389,42.265952,1360.5],[8.893766,42.265751,1361.1],[8.893797,42.26526,1363.9],[8.893878,42.265121,1362.7],[8.894023,42.265087,1362.6],[8.89439,42.265135,1359.2],[8.894623,42.265187,1360.8],[8.895283,42.265202,1364],[8.895572,42.265221,1361.4],[8.89578,42.265183,1363.4],[8.895777,42.265146,1365.4],[8.895758,42.265117,1367.3],[8.895788,42.265068,1369.1],[8.895705,42.265059,1370],[8.895678,42.26506,1370],[8.895647,42.265048,1372.3],[8.89566,42.265014,1372.3],[8.895665,42.264997,1373.6],[8.895658,42.264968,1374.2],[8.895563,42.264988,1375],[8.895488,42.264978,1375.7],[8.89546,42.264964,1375.7],[8.895455,42.264946,1377.6],[8.895526,42.264904,1378.9],[8.895527,42.264887,1378.9],[8.895507,42.264864,1380.4],[8.895387,42.264855,1381.9],[8.895328,42.264869,1382.3],[8.895227,42.264854,1382.7],[8.895196,42.26483,1384.6],[8.895168,42.264815,1384.6],[8.894916,42.264689,1388.8],[8.894448,42.264492,1393.5],[8.894246,42.264576,1391.2],[8.893884,42.264502,1391.8],[8.893772,42.264354,1398.7],[8.893434,42.264281,1403.1],[8.893301,42.264243,1405.8],[8.89296,42.264231,1412.7],[8.892915,42.264261,1413.4],[8.892815,42.264488,1415.2],[8.892797,42.264613,1415],[8.8928,42.264658,1414.6],[8.892772,42.264698,1416.2],[8.8927,42.264763,1418.5],[8.892667,42.264803,1417.8],[8.892649,42.264817,1419.8],[8.892617,42.264823,1421.8],[8.8926,42.264802,1421.8],[8.892594,42.264753,1422.4],[8.89261,42.264688,1423.8],[8.892608,42.264606,1424.8],[8.892594,42.264544,1425],[8.892553,42.264407,1427.6],[8.892533,42.264187,1430.5],[8.892539,42.264087,1431.6],[8.892519,42.264032,1434.1],[8.892521,42.263946,1435.7],[8.89258,42.263869,1435.8],[8.892647,42.263827,1436.7],[8.892761,42.263751,1438.9],[8.892796,42.263747,1438.2],[8.892895,42.263693,1439.5],[8.892923,42.263661,1441.6],[8.892973,42.263646,1441.3],[8.89305,42.263636,1441.2],[8.893176,42.263598,1443.1],[8.89339,42.26352,1446.2],[8.893475,42.263493,1448.4],[8.893503,42.26348,1448.1],[8.893523,42.263466,1447.8],[8.893498,42.263456,1450.3],[8.893407,42.263446,1450.5],[8.893337,42.263423,1450.5],[8.893297,42.263418,1450.5],[8.893223,42.263394,1452.3],[8.893113,42.263372,1453.9],[8.893046,42.263338,1454.3],[8.892964,42.263298,1455.3],[8.893016,42.263244,1456.2],[8.893126,42.263238,1456.7],[8.893324,42.263196,1459.7],[8.893419,42.263201,1460.6],[8.893474,42.263139,1462.3],[8.893603,42.263075,1465],[8.893606,42.263017,1467.8],[8.893557,42.262969,1467.5],[8.893521,42.262881,1469.1],[8.893514,42.262802,1469.8],[8.893552,42.262803,1470.8],[8.893716,42.262849,1473.5],[8.893822,42.262882,1474.7],[8.893982,42.262894,1476.4],[8.894006,42.262888,1476.8],[8.894013,42.26287,1476.8],[8.893962,42.262832,1477.7],[8.893881,42.262766,1479],[8.893893,42.262747,1479],[8.893945,42.262738,1479.5],[8.894146,42.262745,1481.7],[8.894267,42.262727,1483.7],[8.894365,42.26268,1484.6],[8.894448,42.262602,1485],[8.894488,42.262479,1486.9],[8.894535,42.262388,1488.5],[8.894601,42.262286,1491.5],[8.894683,42.262258,1493.4],[8.894766,42.262262,1493.7],[8.894901,42.262285,1495.1],[8.894978,42.262273,1495.3],[8.895007,42.262232,1496.6],[8.894946,42.262175,1497.5],[8.894825,42.262028,1500.7],[8.894834,42.262005,1500.7],[8.894962,42.261982,1503.4],[8.89503,42.261992,1503.9],[8.89511,42.261981,1504],[8.895124,42.261958,1505.4],[8.895,42.261886,1506.2],[8.895236,42.261544,1515.3],[8.89522,42.261434,1517.5],[8.895168,42.261166,1521.3],[8.895151,42.261087,1523],[8.895134,42.261006,1523.3],[8.895116,42.260878,1525.1],[8.895131,42.26087,1525.1],[8.895158,42.260891,1526],[8.895272,42.260963,1528],[8.895562,42.2611,1531],[8.895582,42.261099,1533.2],[8.895591,42.261082,1533.2],[8.895525,42.260965,1535],[8.895463,42.260838,1536.7],[8.895452,42.260781,1537.5],[8.895415,42.260721,1537.1],[8.895396,42.26069,1536.6],[8.895405,42.260679,1536.6],[8.895423,42.26068,1537.9],[8.895443,42.260699,1537.9],[8.895558,42.260778,1539.9],[8.895717,42.260887,1541.5],[8.895758,42.26089,1542.4],[8.895738,42.260857,1542.6],[8.895678,42.260733,1544.2],[8.895615,42.260658,1544],[8.895617,42.260625,1544.9],[8.895637,42.260615,1546.2],[8.895755,42.260662,1547.9],[8.895919,42.260715,1548],[8.895939,42.260706,1549.3],[8.895955,42.26067,1550.2],[8.895899,42.260575,1551.1],[8.895922,42.260438,1553],[8.895899,42.260337,1553.4],[8.895915,42.260293,1553.9],[8.895953,42.260285,1554.6],[8.896315,42.260398,1559.5],[8.896384,42.260389,1560],[8.896485,42.260265,1562.3],[8.896775,42.259913,1566.3],[8.896811,42.259902,1567.2],[8.896905,42.260053,1569.9],[8.897085,42.260145,1573],[8.897134,42.260035,1574.6],[8.897139,42.259957,1575.5],[8.89719,42.25994,1576.3],[8.897239,42.259953,1576.9],[8.897306,42.259967,1578.2],[8.897461,42.259898,1580.1],[8.897619,42.259755,1584.4],[8.897823,42.25964,1588.2],[8.897958,42.259529,1590.2],[8.898051,42.259513,1590.9],[8.898172,42.259493,1592.6],[8.898245,42.259374,1594.7],[8.898387,42.259338,1596.3],[8.898558,42.259324,1598.3],[8.898813,42.259213,1600.3],[8.899071,42.259135,1602.5],[8.899309,42.258997,1604.6],[8.899411,42.25886,1608.3],[8.899537,42.258824,1611],[8.90027,42.258593,1620.9],[8.900853,42.258362,1626.7],[8.901011,42.258293,1629.5],[8.901259,42.258218,1633.9],[8.901464,42.258172,1636.1],[8.901591,42.258183,1633.8],[8.901967,42.25811,1639.5],[8.902237,42.25806,1640.2],[8.902313,42.257995,1643.4],[8.902391,42.257904,1643],[8.902584,42.257497,1647],[8.902824,42.257273,1650.3],[8.902918,42.25714,1652],[8.903071,42.257066,1650.6],[8.903169,42.257043,1650.9],[8.903325,42.256761,1654.9],[8.903537,42.256569,1656.1],[8.903873,42.25627,1664.2],[8.904202,42.256132,1665.6],[8.904661,42.256087,1665.1],[8.905054,42.25597,1669.9],[8.905345,42.255966,1672.5],[8.905751,42.255988,1677],[8.906256,42.25593,1680.6],[8.906508,42.255932,1684],[8.906394,42.255845,1686.9],[8.905887,42.255708,1690.4],[8.905976,42.255611,1693.8],[8.906254,42.255576,1697.4],[8.906477,42.255578,1699.7],[8.906687,42.255663,1700.6],[8.906976,42.255779,1705.6],[8.907156,42.255889,1707.5],[8.907327,42.255887,1711.7],[8.906742,42.255295,1720.3],[8.906577,42.254993,1728],[8.907356,42.255384,1733.6],[8.907604,42.255457,1735.3],[8.907795,42.25547,1737.5],[8.907345,42.255074,1746.6],[8.907552,42.255096,1749],[8.907969,42.255189,1751.8],[8.908454,42.255172,1752.8],[8.908604,42.255148,1751.4],[8.909139,42.255024,1757.4],[8.909415,42.255067,1757.3],[8.909883,42.255073,1763.7],[8.910513,42.255394,1767.4],[8.910534,42.255405,1767.4],[8.910797,42.255462,1769.9],[8.910959,42.255466,1771.5],[8.911372,42.255478,1771.9],[8.911845,42.255376,1775.8],[8.91237,42.255301,1778.1],[8.912991,42.255223,1778.4],[8.913394,42.255193,1781.4],[8.91395,42.255148,1786.7],[8.914421,42.255227,1794.3],[8.915159,42.255303,1807.6],[8.915598,42.255403,1807.9],[8.915818,42.255383,1809],[8.915916,42.255282,1801.7],[8.917067,42.255344,1793.1],[8.91751,42.255319,1799],[8.917438,42.25543,1802.2],[8.917727,42.255411,1807.6],[8.917564,42.255572,1811.3],[8.918072,42.255485,1819.9],[8.918083,42.255756,1825.4],[8.918113,42.255723,1826.5],[8.918247,42.255575,1826.9],[8.919078,42.255596,1832.3],[8.919769,42.25554,1837.7],[8.921085,42.255298,1838.8],[8.921916,42.254869,1843.6],[8.922769,42.254627,1848.9],[8.923617,42.254468,1856.3],[8.924824,42.254228,1865.8],[8.925527,42.25421,1876.3],[8.92611,42.254281,1881.8],[8.926553,42.254335,1882.8],[8.926932,42.254302,1879.5],[8.927393,42.254413,1874.1],[8.927951,42.254556,1864.4],[8.928509,42.254655,1856.8],[8.9294,42.254782,1851.4],[8.930322,42.254838,1849.7],[8.930886,42.254826,1848.4],[8.93146,42.254738,1848.1],[8.9322,42.254949,1845.9],[8.932452,42.255088,1844.8],[8.932781,42.255146,1843.8],[8.933184,42.255198,1841],[8.933457,42.255115,1839.2],[8.933801,42.255136,1835.2],[8.933761,42.255384,1830.3],[8.933956,42.255395,1826.9],[8.934186,42.255369,1822.4],[8.93426,42.25545,1819.2],[8.934215,42.255587,1817.8],[8.934246,42.255618,1815.4],[8.934408,42.255601,1814.2],[8.934475,42.255525,1813.2],[8.934713,42.255447,1810.7],[8.935039,42.255353,1806.2],[8.934985,42.255539,1803.3],[8.935131,42.255531,1801.6],[8.935237,42.255468,1800.8],[8.935273,42.255443,1800.8],[8.935435,42.255329,1799.3],[8.935538,42.255479,1794.9],[8.935711,42.255492,1792.5],[8.935847,42.255519,1790.8],[8.936192,42.255589,1785.6],[8.936279,42.25561,1783.8],[8.936429,42.255646,1781.8],[8.936623,42.255869,1776.3],[8.936758,42.255938,1774.9],[8.936856,42.255975,1773.3],[8.936891,42.256007,1772.1],[8.936968,42.256173,1768.4],[8.937024,42.256206,1768],[8.937106,42.256241,1766.4],[8.9372,42.256293,1765.1],[8.937303,42.256329,1763.1],[8.937352,42.256389,1761.1],[8.937368,42.256494,1759.5],[8.937476,42.256629,1755.6],[8.937527,42.256729,1752.7],[8.937614,42.256771,1751.4],[8.937717,42.256767,1750.8],[8.937865,42.256738,1749.9],[8.937963,42.256694,1749.3],[8.938207,42.256707,1747.8],[8.938329,42.256698,1747.4],[8.938418,42.256727,1747.2],[8.938931,42.256874,1747.7],[8.939097,42.256928,1748.2],[8.939167,42.256982,1748.6],[8.939253,42.256972,1748.4],[8.939666,42.256739,1747.7],[8.939955,42.256636,1748.2],[8.940122,42.25662,1748.5],[8.940444,42.256561,1748.3],[8.940578,42.256495,1747.6],[8.940709,42.256422,1747.1],[8.940951,42.256386,1747.4],[8.941305,42.256227,1747],[8.941508,42.25611,1747.1],[8.941672,42.255955,1747.2],[8.941736,42.255874,1746.8],[8.94204,42.25559,1747.8],[8.942287,42.255179,1749.9],[8.942474,42.255013,1749.4],[8.942497,42.254886,1748.4],[8.942635,42.254676,1748.5],[8.942756,42.254556,1748.7],[8.942895,42.254492,1749.3],[8.942986,42.254408,1749.4],[8.943076,42.254349,1749.1],[8.943357,42.254265,1748.3],[8.943531,42.254234,1748.8],[8.943714,42.254146,1748.4],[8.943799,42.254079,1748.5],[8.944505,42.253758,1748.5],[8.944818,42.253616,1748.5],[8.945341,42.253537,1747.9],[8.945685,42.253327,1746.7],[8.945908,42.25318,1746.9],[8.946086,42.253041,1746.7],[8.946209,42.252956,1746.4],[8.946416,42.25292,1746.9],[8.946663,42.252776,1747.1],[8.94685,42.252713,1747.2],[8.947566,42.252546,1747.1],[8.947963,42.25252,1747.4],[8.948327,42.252536,1747],[8.948625,42.252561,1747.2],[8.9487,42.252568,1747.2],[8.949028,42.252631,1747],[8.949453,42.25276,1746.5],[8.949836,42.252916,1746],[8.950015,42.252965,1746.1],[8.950516,42.253022,1746.7],[8.95076,42.253071,1747.2],[8.951095,42.253195,1747],[8.951243,42.253232,1746.6],[8.951422,42.253252,1746.5],[8.951819,42.253231,1746.7],[8.952119,42.253259,1746.3],[8.952604,42.25326,1746.3],[8.952998,42.253307,1746.2],[8.953203,42.253344,1746.2],[8.953406,42.253414,1745.3],[8.953506,42.253474,1745.6],[8.953722,42.253576,1745.6],[8.953878,42.253622,1745.7],[8.953935,42.253676,1746.8],[8.954128,42.25376,1745.9],[8.954236,42.253843,1746.2],[8.95446,42.253964,1746.5],[8.954635,42.253998,1746.5],[8.954839,42.254084,1747.1],[8.954964,42.254161,1747.8],[8.955105,42.254224,1747.2],[8.955223,42.254283,1747.7],[8.955326,42.25434,1747.4],[8.955443,42.254394,1747.5],[8.955585,42.254432,1747.5],[8.955778,42.254548,1748.3],[8.955952,42.254624,1748.3],[8.956114,42.254755,1748.6],[8.956318,42.254887,1748.4],[8.956436,42.254997,1748.3],[8.95649,42.255039,1748.7],[8.956556,42.255123,1749.3],[8.956621,42.255228,1749],[8.956686,42.25526,1748.4],[8.956717,42.255285,1748.7],[8.956734,42.255319,1748.4],[8.956741,42.255355,1748.4],[8.956746,42.255387,1748.4],[8.956892,42.255447,1749.3],[8.957087,42.255571,1749.1],[8.95721,42.255694,1749.2],[8.957311,42.255805,1749.2],[8.957442,42.255892,1748.8],[8.957552,42.255964,1748.6],[8.957629,42.256049,1749.2],[8.957687,42.256075,1748.8],[8.957784,42.256089,1748.8],[8.95803,42.256062,1747.2],[8.95813,42.256041,1746.9],[8.958296,42.256042,1747.3],[8.958474,42.255973,1747.9],[8.958621,42.255843,1747.2],[8.958676,42.255804,1747.5],[8.958723,42.255752,1747.7],[8.95877,42.255677,1747.3],[8.95877,42.255637,1747],[8.958707,42.255572,1746.3],[8.958638,42.255542,1744.8],[8.958629,42.255486,1744.2],[8.958605,42.255454,1743.5],[8.958612,42.255412,1743.2],[8.958571,42.255347,1742],[8.958571,42.255286,1741.2],[8.958523,42.255265,1740.9],[8.958498,42.255226,1740.3],[8.958306,42.255114,1738.5],[8.958153,42.254978,1737],[8.958101,42.254954,1736.1],[8.958059,42.254902,1735.4],[8.957983,42.254869,1734.8],[8.957835,42.254835,1734.1],[8.957795,42.254764,1734],[8.957761,42.254713,1733.9],[8.957751,42.254698,1733.8],[8.957701,42.254687,1734],[8.957693,42.25467,1734],[8.957655,42.254612,1734],[8.957656,42.25455,1733.8],[8.957665,42.254432,1733.3],[8.957692,42.254288,1732.2],[8.95766,42.254104,1730],[8.957672,42.253962,1728.6],[8.957458,42.253955,1729.7],[8.957542,42.253842,1729.6],[8.95758,42.253693,1730.5],[8.957672,42.25355,1731.3],[8.957968,42.25329,1730.6],[8.958323,42.253034,1731.3],[8.958423,42.252944,1732.8],[8.95882,42.252761,1732.4],[8.959128,42.252633,1729.4],[8.959206,42.252552,1728.6],[8.95932,42.252467,1727.2],[8.959885,42.251938,1725.4],[8.959988,42.251827,1725.9],[8.96016,42.251658,1724.9],[8.960248,42.251456,1723],[8.960319,42.25143,1721.6],[8.960512,42.251347,1718.7],[8.960913,42.25108,1715.5],[8.961256,42.250969,1710.6],[8.961459,42.250878,1706.1],[8.961592,42.250778,1703.1],[8.961988,42.250223,1689.4],[8.962136,42.250082,1685.6],[8.962163,42.249942,1682.5],[8.962157,42.249664,1676.1],[8.962126,42.249599,1675.3],[8.961959,42.249462,1671.5],[8.961912,42.249367,1669.3],[8.961948,42.249202,1665.5],[8.96194,42.249142,1664.7],[8.961824,42.248958,1661.9],[8.961781,42.248841,1661.4],[8.961812,42.248693,1657.9],[8.961851,42.248562,1654.8],[8.961768,42.248322,1652.8],[8.961956,42.248175,1648.6],[8.962056,42.248022,1646.3],[8.962181,42.247955,1643.4],[8.962232,42.247893,1641.1],[8.96229,42.247745,1636.6],[8.962383,42.247611,1634],[8.962561,42.247437,1631.6],[8.962651,42.247323,1630.5],[8.962701,42.24708,1628.3],[8.962896,42.246676,1622.1],[8.963027,42.246578,1620.7],[8.963476,42.246376,1618.3],[8.96368,42.246227,1616.6],[8.963799,42.246107,1615.5],[8.963868,42.246061,1613.7],[8.964147,42.245929,1612.2],[8.964504,42.245691,1609],[8.964669,42.245563,1606.4],[8.96477,42.245519,1606.1],[8.965196,42.245423,1605.2],[8.96546,42.245325,1604.2],[8.965543,42.245264,1603.9],[8.965672,42.245067,1603.3],[8.965701,42.245013,1603.2],[8.965761,42.244868,1602.2],[8.965996,42.244652,1601.7],[8.966208,42.244451,1600.7],[8.966427,42.244362,1600.7],[8.966766,42.244012,1601.3],[8.966867,42.243924,1601.2],[8.967117,42.243783,1601.1],[8.967748,42.243472,1600.7],[8.968151,42.243129,1599.4],[8.968237,42.242956,1598.6],[8.968302,42.242872,1598.3],[8.968861,42.242442,1600.2],[8.969518,42.242127,1600.6],[8.969726,42.241964,1602.8],[8.970087,42.24186,1603.5],[8.97021,42.241775,1602.6],[8.970317,42.241658,1601.9],[8.97044,42.24156,1601.3],[8.97079,42.241332,1601.6],[8.971322,42.240817,1598],[8.971656,42.240476,1597.8],[8.972086,42.240165,1599.6],[8.972863,42.239622,1600],[8.97293,42.239548,1599.9],[8.973018,42.239322,1598.8],[8.973089,42.239285,1597.9],[8.973574,42.238818,1598],[8.973853,42.238367,1598.1],[8.973945,42.238244,1598.2],[8.974134,42.238048,1599],[8.974275,42.237797,1599.7],[8.974394,42.237642,1599.4],[8.974695,42.237334,1601.6],[8.974669,42.23724,1603],[8.974552,42.237191,1602.8],[8.974394,42.237124,1601.1],[8.974326,42.23705,1598.4],[8.974304,42.236929,1595.4],[8.974343,42.236797,1593.5],[8.974372,42.236675,1590.7],[8.974425,42.236449,1584.4],[8.974592,42.236319,1581.5],[8.974647,42.236253,1580.2],[8.974658,42.23622,1579.2],[8.974754,42.236162,1576.3],[8.974772,42.236079,1573.8],[8.974765,42.236005,1572.9],[8.974759,42.235884,1570.2],[8.974705,42.235796,1569.2],[8.974754,42.235669,1565.6],[8.974898,42.235471,1561],[8.975036,42.23533,1557.6],[8.975051,42.235232,1555.7],[8.975105,42.235137,1553.4],[8.975308,42.234991,1550],[8.975358,42.234915,1548.7],[8.975522,42.234519,1545.6],[8.975725,42.234208,1543],[8.975841,42.233916,1544],[8.976061,42.233579,1543.5],[8.976121,42.233426,1543.3],[8.976405,42.232328,1543.2],[8.977187,42.231353,1543.1],[8.97735,42.230887,1544.7],[8.977492,42.230709,1545.2],[8.977772,42.230214,1545.3],[8.977679,42.229355,1544.6],[8.977836,42.228489,1545.4],[8.977802,42.22811,1546.1],[8.977812,42.227922,1546.2],[8.977873,42.227742,1547.8],[8.977906,42.227578,1550],[8.977985,42.227437,1551.5],[8.97802,42.227295,1552.5],[8.978088,42.227168,1554.4],[8.978213,42.227104,1557.4],[8.978261,42.226997,1560.1],[8.978326,42.226809,1566.8],[8.978508,42.226637,1569.4],[8.978505,42.226476,1569.6],[8.978531,42.226359,1570.1],[8.97855,42.226236,1570.4],[8.978565,42.226142,1570.9],[8.978806,42.22593,1575.4],[8.978834,42.225905,1576],[8.979046,42.225615,1577.8],[8.979097,42.225525,1577.4],[8.979155,42.225425,1578.2],[8.979148,42.225276,1579.1],[8.979236,42.22506,1580.8],[8.979481,42.224663,1583.5],[8.979533,42.224396,1585.1],[8.979611,42.224239,1586],[8.979829,42.224041,1585.2],[8.979718,42.223843,1583.2],[8.97959,42.222881,1577],[8.979681,42.222639,1578],[8.97971,42.222332,1577.9],[8.979889,42.22177,1581.7],[8.97996,42.221507,1580.6],[8.980084,42.221346,1580.6],[8.980222,42.221152,1583.8],[8.980266,42.221089,1584.3],[8.980322,42.220852,1581.6],[8.980374,42.220757,1582.7],[8.980568,42.220576,1589.5],[8.980849,42.220387,1595.8],[8.980838,42.220343,1596],[8.980837,42.220324,1596],[8.980823,42.220304,1596],[8.980809,42.220296,1596],[8.980731,42.22026,1594.8],[8.980683,42.220224,1596.4],[8.980623,42.220104,1598.7],[8.980436,42.220001,1601.4],[8.980346,42.219891,1604.2],[8.980557,42.219879,1604.3],[8.980574,42.219848,1604.8],[8.980611,42.219823,1604.8],[8.980712,42.219821,1605.1],[8.980842,42.219754,1606],[8.980977,42.21966,1606.6],[8.981192,42.219639,1607.1],[8.981239,42.219598,1607.9],[8.981323,42.219625,1607.4],[8.98141,42.219642,1606],[8.981456,42.219665,1605.6],[8.981487,42.219682,1605.6],[8.981604,42.219721,1609.9],[8.981825,42.219402,1611.5],[8.982011,42.218999,1616.2],[8.982107,42.218837,1620.2],[8.982174,42.218611,1623.6],[8.982463,42.218365,1631.7],[8.982558,42.217967,1636.6],[8.983109,42.217088,1646.3],[8.983513,42.216641,1650.7],[8.983592,42.216167,1655.5],[8.983671,42.215961,1658.5],[8.983885,42.21577,1666.4],[8.984083,42.215532,1680.6],[8.98407,42.215332,1684.5],[8.984153,42.215193,1692.4],[8.984049,42.215088,1699.5],[8.984076,42.214935,1704.9],[8.984226,42.214813,1711.1],[8.984137,42.214556,1716],[8.9842,42.214452,1722],[8.984273,42.21417,1734.7],[8.98436,42.214077,1741.3],[8.984443,42.21391,1750.9],[8.984623,42.213802,1756.2],[8.984876,42.213587,1759.7],[8.985057,42.213237,1768.9],[8.985353,42.213274,1776.8],[8.985654,42.21315,1783.8],[8.985844,42.212938,1783.6],[8.986622,42.212512,1784.9],[8.986864,42.212429,1785.1],[8.987297,42.212382,1786.1],[8.987586,42.212274,1786.4],[8.988318,42.211353,1792.9],[8.988757,42.211291,1799.3],[8.988938,42.211004,1806.2],[8.989285,42.210868,1811.9],[8.989531,42.211005,1829.2],[8.990524,42.211071,1868.5],[8.991496,42.210725,1879],[8.991837,42.210677,1883.5],[8.99213,42.210806,1892.2],[8.992585,42.210881,1901.5],[8.993295,42.210907,1912.3],[8.993586,42.211055,1922.1],[8.994125,42.211226,1938.1],[8.994376,42.211207,1941.7],[8.995228,42.211522,1961],[8.996326,42.21176,1966.8],[8.996711,42.211722,1964.2],[8.9968,42.21166,1958.7],[8.997308,42.211438,1958.8],[8.997621,42.211458,1959.7],[8.997929,42.211392,1961.3],[8.998306,42.211546,1964.1],[8.998718,42.211528,1968.6],[8.998826,42.211612,1970.3],[8.998828,42.211729,1970.9],[8.998829,42.211786,1971.6],[8.998999,42.211884,1979.1],[8.999171,42.211905,1982],[8.999285,42.211997,1988.2],[8.999375,42.212119,1995.6],[8.999708,42.212224,2010.4],[8.999823,42.212372,2020.8],[9.0002,42.2124,2028.4],[9.000426,42.212381,2034.2],[9.00065,42.212411,2043.2],[9.001217,42.212344,2050.2],[9.001607,42.212321,2060.1],[9.001754,42.212409,2067.2],[9.002049,42.212307,2070],[9.002293,42.212309,2076.6],[9.002482,42.21216,2080.9],[9.002604,42.212169,2084.2],[9.003174,42.21176,2109.7],[9.00333,42.2117,2113.1],[9.003466,42.211701,2117.8],[9.003497,42.211817,2120.3],[9.003562,42.211855,2123.9],[9.003862,42.211678,2138.8],[9.003923,42.211804,2139.9],[9.004118,42.211807,2152.1],[9.004276,42.211943,2156.9],[9.004402,42.211931,2162.2],[9.004618,42.21181,2173.4],[9.005335,42.211604,2204.1],[9.005905,42.211595,2234.6],[9.006063,42.211544,2226],[9.006328,42.211386,2216.9],[9.006806,42.210865,2206.5],[9.006909,42.210298,2204.5],[9.007049,42.21004,2200.3],[9.007191,42.20986,2196.1],[9.007458,42.209741,2189.7],[9.007958,42.20923,2183.5],[9.008153,42.209224,2173.1],[9.008385,42.209086,2167.8],[9.008525,42.20905,2163.4],[9.008759,42.208997,2152.6],[9.009084,42.208807,2146.4],[9.00942,42.208736,2140.4],[9.009614,42.208576,2131.9],[9.009861,42.208593,2121.6],[9.00998,42.208569,2117.5],[9.010097,42.208564,2112.5],[9.010245,42.208503,2110.2],[9.010406,42.208474,2111.7],[9.010945,42.208526,2108.2],[9.011016,42.208528,2107.1],[9.011105,42.208491,2103.4],[9.011258,42.2085,2089.1],[9.011475,42.208405,2082.7],[9.011464,42.208356,2092],[9.011517,42.208313,2094.5],[9.011585,42.208311,2092.2],[9.011729,42.208209,2091.3],[9.012012,42.208187,2094.1],[9.012159,42.20817,2085.1],[9.012258,42.208165,2081],[9.012396,42.208109,2074.1],[9.01247,42.208047,2066],[9.012551,42.208012,2061.7],[9.012592,42.208066,2070.4],[9.012692,42.208149,2081],[9.012851,42.208119,2075.6],[9.012952,42.208128,2076.8],[9.013052,42.20809,2074.4],[9.013093,42.208102,2080.3],[9.013138,42.208092,2076.6],[9.013156,42.20811,2081.3],[9.013218,42.208075,2078.2],[9.013281,42.208101,2083.3],[9.013326,42.208065,2079],[9.013411,42.208024,2077.2],[9.013503,42.208006,2076.4],[9.013581,42.207954,2076],[9.013655,42.207945,2079.6],[9.013673,42.207918,2076.3],[9.013756,42.207867,2076.9],[9.013785,42.207875,2078.9],[9.013816,42.207847,2080.5],[9.013978,42.207805,2081.3],[9.014047,42.207768,2081.9],[9.014139,42.207743,2082.2],[9.014261,42.207678,2082.7],[9.014345,42.207587,2080.5],[9.014436,42.207507,2079.7],[9.014467,42.207506,2081.6],[9.014499,42.207467,2079.9],[9.014688,42.20744,2080],[9.014799,42.20742,2083.3],[9.014845,42.207329,2079],[9.014955,42.207257,2074.6],[9.01503,42.207225,2073.6],[9.015059,42.207215,2074.7],[9.015078,42.207172,2072.2],[9.01506,42.207146,2069.5],[9.015096,42.207136,2069.5],[9.015126,42.207143,2070.9],[9.01527,42.207012,2069],[9.015401,42.206927,2067.9],[9.015456,42.20687,2066.1],[9.015495,42.206859,2066.6],[9.015517,42.206807,2062.6],[9.015572,42.206779,2062.9],[9.015649,42.206767,2061.4],[9.015715,42.206682,2058.7],[9.015769,42.206651,2058.7],[9.01581,42.206602,2056.4],[9.015857,42.206528,2053.1],[9.015896,42.206509,2051],[9.015899,42.206488,2051],[9.015876,42.20646,2049.6],[9.0159,42.206411,2048.1],[9.015889,42.206363,2046.5],[9.015943,42.206179,2041.6],[9.016016,42.206139,2041.3],[9.016031,42.206105,2038.7],[9.016098,42.206092,2038],[9.016144,42.206094,2037.1],[9.016307,42.20606,2035],[9.01634,42.206046,2035],[9.016349,42.206003,2033.8],[9.016403,42.205942,2028.8],[9.016566,42.205885,2033],[9.016684,42.205756,2030.6],[9.016753,42.205593,2027.1],[9.016802,42.205569,2028.2],[9.016931,42.205578,2031],[9.017113,42.20555,2032.4],[9.017189,42.205505,2032.6],[9.017305,42.205367,2031.9],[9.017404,42.205331,2032.6],[9.017456,42.205224,2028],[9.017518,42.205231,2033.8],[9.017611,42.205182,2034.5],[9.017749,42.205085,2034.5],[9.017791,42.205081,2035.8],[9.017899,42.205019,2037.3],[9.017906,42.204986,2036.2],[9.01797,42.204941,2036.3],[9.018172,42.204887,2038.1],[9.018239,42.204863,2038.4],[9.018301,42.204731,2039],[9.018451,42.204685,2039.4],[9.018596,42.204604,2038],[9.018641,42.204604,2038.4],[9.018673,42.204583,2038.6],[9.018877,42.204548,2038.4],[9.018938,42.204515,2037.9],[9.01921,42.204461,2037.4],[9.01928,42.204464,2037.2],[9.019445,42.204386,2035.5],[9.019516,42.204387,2035.3],[9.019582,42.204338,2034.1],[9.019767,42.204218,2028.9],[9.019852,42.20423,2029.5],[9.019926,42.204223,2030.5],[9.019993,42.204198,2031.8],[9.020121,42.204117,2028.3],[9.02033,42.204037,2024.7],[9.020349,42.204051,2025.4],[9.02043,42.204004,2023.6],[9.020463,42.203997,2024.4],[9.02053,42.204027,2028.1],[9.020658,42.203937,2024.9],[9.02078,42.203914,2024.2],[9.020858,42.203895,2025.4],[9.020901,42.203896,2026],[9.020985,42.203852,2026],[9.02104,42.203851,2026.2],[9.0211,42.203854,2026],[9.021254,42.203777,2026.7],[9.021305,42.203656,2026.6],[9.021497,42.203556,2031.2],[9.021557,42.203445,2031],[9.021698,42.203226,2034.7],[9.021769,42.203105,2039.9],[9.021865,42.203044,2043.1],[9.021966,42.203046,2043],[9.022015,42.203118,2043.4],[9.022105,42.203137,2042.1],[9.022165,42.203185,2041.7],[9.022322,42.203191,2035.8],[9.022339,42.203248,2037],[9.022392,42.203263,2036.5],[9.022417,42.203307,2035.7],[9.022491,42.203328,2036.6],[9.022565,42.203375,2037.5],[9.022649,42.203411,2037.4],[9.022756,42.20354,2037.3],[9.022811,42.20356,2037],[9.022981,42.203565,2039.7],[9.023059,42.203617,2039.3],[9.023091,42.203674,2038.1],[9.023157,42.203596,2041.5],[9.023416,42.203613,2048.6],[9.023516,42.203703,2045.6],[9.023696,42.203957,2043.1],[9.023814,42.204093,2046.9],[9.023936,42.20414,2049.1],[9.024063,42.204239,2048],[9.024253,42.204357,2051.9],[9.024317,42.204438,2051],[9.024359,42.204442,2052.9],[9.02446,42.204531,2054.8],[9.024617,42.204582,2056],[9.024628,42.204615,2057.6],[9.024664,42.204751,2054.2],[9.024702,42.20477,2054.8],[9.024712,42.20479,2056.1],[9.02472,42.204852,2053.5],[9.024824,42.204942,2052.8],[9.025011,42.205095,2053.4],[9.025117,42.205192,2050.7],[9.025251,42.205364,2048.3],[9.025337,42.205481,2049.6],[9.025369,42.205497,2050.5],[9.025574,42.20583,2053.4],[9.025602,42.205958,2050.7],[9.02563,42.205987,2052.5],[9.025593,42.206016,2050.3],[9.025613,42.206171,2050.7],[9.025593,42.206358,2048.7],[9.025594,42.206553,2047.4],[9.025808,42.206682,2046.7],[9.025921,42.206804,2046.1],[9.025982,42.206846,2045.7],[9.026476,42.206914,2056.2],[9.026552,42.207028,2053.6],[9.026707,42.207093,2059.4],[9.026888,42.207162,2062.7],[9.026994,42.207248,2061.9],[9.027157,42.207312,2063.2],[9.027482,42.20745,2067.5],[9.027532,42.207566,2064.9],[9.027633,42.207629,2064.6],[9.027627,42.207855,2057.7],[9.027745,42.20799,2060.8],[9.028025,42.208487,2058.3],[9.027948,42.208656,2050.4],[9.028111,42.20884,2053.3],[9.028194,42.208955,2057.5],[9.028272,42.209089,2057.6],[9.028455,42.209305,2064.2],[9.028485,42.209277,2064.7],[9.028527,42.209258,2068.2],[9.028599,42.20926,2072.6],[9.028622,42.209206,2076.9],[9.028653,42.209214,2076.9],[9.028725,42.209139,2083],[9.028794,42.209122,2088.9],[9.028819,42.209033,2090.7],[9.028864,42.209024,2093],[9.028913,42.209033,2095.4],[9.028962,42.209043,2100.2],[9.028998,42.209118,2099.1],[9.029034,42.209086,2102.1],[9.029096,42.209071,2107.3],[9.029145,42.209146,2109.6],[9.02925,42.209084,2115.1],[9.029323,42.209134,2120.1],[9.029379,42.209102,2122.7],[9.029473,42.209016,2128.4],[9.029544,42.208834,2136.3],[9.029606,42.208816,2141.2],[9.029644,42.208768,2141.1],[9.029747,42.208739,2145],[9.029773,42.208717,2145],[9.029983,42.208528,2149.7],[9.030151,42.208377,2154.4],[9.030639,42.2083,2156.5],[9.030917,42.20819,2158.5],[9.031508,42.208212,2164.6],[9.031861,42.208141,2170],[9.032171,42.208135,2171.4],[9.032501,42.208076,2171.2],[9.032693,42.207986,2174],[9.032857,42.20798,2173.5],[9.033302,42.208059,2166.4],[9.033395,42.208052,2168.6],[9.033529,42.207976,2170.4],[9.03404,42.207923,2171.3],[9.034339,42.20784,2173],[9.034494,42.207819,2172.7],[9.0346,42.207867,2171.4],[9.034938,42.207881,2174.9],[9.035349,42.207876,2176.8],[9.035538,42.207844,2178.3],[9.035814,42.207796,2186.8],[9.035914,42.207766,2190.7],[9.035982,42.207647,2196],[9.036116,42.207629,2196.1],[9.036421,42.20746,2196.2],[9.036534,42.207349,2197.3],[9.036915,42.207163,2197.9],[9.037111,42.207038,2201.9],[9.037412,42.206914,2205],[9.037484,42.206829,2206.9],[9.037554,42.206764,2207],[9.03771,42.206724,2204.9],[9.037818,42.206751,2204.6],[9.037936,42.206711,2204],[9.03796,42.206647,2202.1],[9.038242,42.206583,2195.4],[9.038493,42.206479,2189.6],[9.038744,42.206375,2182.8],[9.038751,42.206334,2180.6],[9.038948,42.206188,2179.1],[9.03928,42.205876,2174.5],[9.040179,42.205404,2166.7],[9.040204,42.205353,2165],[9.040528,42.205169,2159.2],[9.040498,42.205118,2155.5],[9.040685,42.205001,2152.5],[9.040854,42.204931,2156.2],[9.040942,42.204817,2153.4],[9.04103,42.204757,2152.4],[9.041244,42.204699,2148.9],[9.041342,42.204646,2147.4],[9.041696,42.204565,2143.8],[9.041885,42.204494,2142.3],[9.042564,42.204218,2136.4],[9.042658,42.204139,2133],[9.042797,42.204056,2129.5],[9.04283,42.204012,2127.5],[9.042933,42.204001,2128],[9.043112,42.203888,2124.3],[9.043154,42.203726,2119.6],[9.043245,42.203653,2115.9],[9.043473,42.203505,2113.4],[9.043501,42.203394,2111.1],[9.043598,42.203264,2109.1],[9.043785,42.203183,2108.1],[9.043984,42.203023,2103.3],[9.044062,42.202961,2102.3],[9.044054,42.202855,2096.3],[9.044091,42.202811,2096],[9.044346,42.202309,2087.9],[9.044404,42.202274,2089.4],[9.044398,42.202206,2087.5],[9.044439,42.202152,2088.5],[9.044541,42.202063,2091.4],[9.04467,42.201852,2090.4],[9.044705,42.201822,2089.1],[9.044714,42.201764,2089.6],[9.04491,42.201554,2088.2],[9.045022,42.201402,2084.8],[9.045343,42.201012,2074.8],[9.045543,42.200883,2073.9],[9.045553,42.200851,2073.9],[9.04557,42.20082,2072.6],[9.045616,42.200764,2071.3],[9.045615,42.200704,2066.7],[9.045668,42.200672,2065.3],[9.045716,42.200585,2061.8],[9.045728,42.200472,2057.5],[9.046042,42.200268,2052.8],[9.04624,42.200042,2045.2],[9.046477,42.19997,2046.2],[9.046618,42.199978,2047.4],[9.046678,42.199982,2047.2],[9.046989,42.200095,2036.6],[9.047086,42.199935,2025.4],[9.04716,42.199948,2023.3],[9.047168,42.19989,2020],[9.047181,42.199645,2011.9],[9.047209,42.199566,2008.8],[9.047273,42.199562,2006.9],[9.047329,42.199329,1994.4],[9.047353,42.199259,1992.8],[9.047398,42.199235,1989.5],[9.047481,42.199235,1986.2],[9.047603,42.199279,1983.9],[9.047751,42.199289,1980.3],[9.047796,42.199243,1977.6],[9.047794,42.199199,1976],[9.047999,42.199221,1971.1],[9.048103,42.199221,1967.9],[9.048251,42.199188,1963.2],[9.048312,42.199007,1955.3],[9.048336,42.198944,1951.6],[9.0484,42.198896,1948],[9.048471,42.198872,1945.6],[9.048667,42.199102,1947.9],[9.048955,42.198982,1938],[9.049222,42.199018,1930.1],[9.049572,42.198987,1916.4],[9.050002,42.198838,1900.9],[9.050287,42.198679,1888.2],[9.05034,42.198679,1885.8],[9.050418,42.198737,1885.1],[9.050507,42.198765,1884.6],[9.050566,42.19874,1882.8],[9.050848,42.198696,1876.8],[9.051107,42.198568,1869.1],[9.051289,42.198536,1866.9],[9.051402,42.198433,1861.4],[9.051356,42.198318,1859],[9.051438,42.198168,1851.7],[9.051531,42.198118,1849.6],[9.051533,42.198058,1848.3],[9.051537,42.198022,1847.8],[9.051329,42.197955,1849.4],[9.051232,42.197785,1847.9],[9.050987,42.197795,1848.9],[9.050866,42.197766,1849.3],[9.050793,42.197696,1848],[9.050667,42.197656,1848.3],[9.050557,42.197583,1846.8],[9.050532,42.197581,1847.6],[9.050463,42.197577,1848.4],[9.050022,42.197418,1850.8],[9.050143,42.197406,1847.1],[9.050003,42.197321,1841.2],[9.050077,42.197328,1844.8],[9.050136,42.197308,1840.7],[9.050141,42.197279,1837],[9.050232,42.197299,1839.6],[9.050275,42.197309,1838.8],[9.050403,42.197304,1836],[9.050573,42.197349,1834.3],[9.050495,42.197256,1831.1],[9.050607,42.197293,1830.2],[9.050582,42.197234,1826.5],[9.050669,42.197266,1826.6],[9.050661,42.197176,1821.9],[9.050814,42.197221,1819.6],[9.051011,42.19723,1817],[9.050835,42.197126,1814.7],[9.050963,42.197121,1812.2],[9.051169,42.197114,1809.3],[9.051082,42.197027,1803.2],[9.050889,42.196971,1804.5],[9.050853,42.196871,1800.2],[9.050797,42.196716,1792.9],[9.050789,42.196695,1792.9],[9.05122,42.196505,1772.4],[9.051286,42.196328,1761.5],[9.051595,42.196176,1750.9],[9.051842,42.196151,1743.8],[9.051923,42.196089,1740.2],[9.052007,42.196069,1736.2],[9.052028,42.196014,1734.9],[9.0521,42.195998,1732.1],[9.052119,42.195957,1730.7],[9.052136,42.195949,1728.1],[9.052346,42.195852,1720.4],[9.052362,42.195799,1717.8],[9.052534,42.195761,1711.9],[9.052587,42.195715,1709.5],[9.052565,42.195616,1706.3],[9.052594,42.195603,1704.6],[9.052844,42.195613,1700.3],[9.05291,42.195696,1698.4],[9.053117,42.195457,1686.7],[9.053234,42.195319,1678.2],[9.053362,42.195207,1669],[9.053608,42.195118,1656],[9.053819,42.195064,1646.4],[9.054149,42.195041,1633.5],[9.054362,42.195035,1625.5],[9.054537,42.194926,1617.4],[9.054659,42.194941,1615.8],[9.0547,42.194928,1615.2],[9.054741,42.19494,1614.7],[9.05485,42.194909,1612.6],[9.055122,42.194876,1608.7],[9.055225,42.194904,1607.1],[9.055357,42.194939,1605.2],[9.05541,42.195019,1604.4],[9.055399,42.195146,1604.1],[9.055371,42.195297,1604.2],[9.055418,42.195363,1605.4],[9.055497,42.195378,1603.8],[9.055555,42.195378,1603],[9.05564,42.195409,1603],[9.055735,42.195413,1600.5],[9.055795,42.195418,1597.6],[9.055859,42.195436,1596.7],[9.055991,42.19541,1594.9],[9.056074,42.195409,1594.7],[9.05614,42.19536,1591.9],[9.056245,42.195343,1587.8],[9.056376,42.195323,1586.4],[9.056401,42.195346,1585.7],[9.056433,42.195354,1587.8],[9.056497,42.195339,1583.9],[9.056576,42.195356,1584.8],[9.056646,42.19538,1582.5],[9.056672,42.195359,1582.5],[9.056625,42.195315,1580.2],[9.056702,42.195322,1577.8],[9.05673,42.195342,1576.7],[9.056832,42.19536,1577.5],[9.0569,42.195366,1574.9],[9.057014,42.195377,1572.2],[9.057112,42.195433,1571.9],[9.057277,42.195414,1565.9],[9.057374,42.195447,1557.2],[9.05749,42.19545,1552.4],[9.057471,42.195365,1548.5],[9.057583,42.195319,1542.8],[9.057543,42.195241,1539.3],[9.057612,42.195229,1536.6],[9.057632,42.195199,1532.3],[9.057664,42.19521,1532.3],[9.05768,42.195185,1530.4],[9.057718,42.195212,1528.6],[9.057783,42.195182,1526.8],[9.057825,42.195213,1525],[9.057872,42.195206,1523.3],[9.057993,42.195256,1520.2],[9.058319,42.195338,1512.5],[9.058505,42.195315,1508.6],[9.058647,42.195282,1504.8],[9.058818,42.195357,1501.3],[9.05886,42.195303,1499.4],[9.058955,42.195259,1497.2],[9.059065,42.195242,1494.7],[9.059255,42.195235,1491],[9.05941,42.195227,1486.4],[9.059508,42.195287,1481.9],[9.059488,42.195536,1477.9],[9.05953,42.195572,1478.7],[9.059578,42.195612,1481],[9.059823,42.195566,1478],[9.059955,42.195539,1477.4],[9.060102,42.195574,1476.8],[9.060291,42.195579,1474.4],[9.06067,42.195615,1472],[9.060857,42.195626,1469],[9.061031,42.195624,1466.1],[9.061261,42.195792,1466],[9.061395,42.195933,1465.4],[9.061571,42.196067,1463.3],[9.061735,42.196098,1461.5],[9.061858,42.196148,1459.7],[9.061907,42.196231,1460.6],[9.061964,42.196263,1460.4],[9.062087,42.196233,1458.5],[9.062391,42.196155,1457.8],[9.062698,42.196169,1459.2],[9.062935,42.196128,1456.5],[9.063023,42.196182,1457.2],[9.063068,42.196168,1455.4],[9.063106,42.196163,1455.5],[9.063278,42.196103,1455.1],[9.063287,42.19607,1453.4],[9.063282,42.195941,1448.1],[9.063325,42.19585,1446.3],[9.063367,42.195635,1438.8],[9.063386,42.195575,1437.9],[9.063451,42.195425,1431.9],[9.063415,42.19532,1427.5],[9.063354,42.195074,1415.7],[9.063466,42.194976,1412.8],[9.063482,42.194818,1405],[9.06349,42.194579,1393.8],[9.063463,42.19441,1387.8],[9.063518,42.194234,1383.2],[9.063644,42.194073,1379.9],[9.063561,42.193959,1375.1],[9.063613,42.193767,1370],[9.063692,42.193554,1364.4],[9.063793,42.193484,1363],[9.063964,42.193447,1361.7],[9.063997,42.193419,1360.4],[9.064791,42.19312,1353.9],[9.064888,42.193075,1352.9],[9.06505,42.193018,1350.9],[9.065076,42.193041,1352.8],[9.065243,42.193043,1354.3],[9.065467,42.192947,1352.3],[9.065511,42.192866,1350.8],[9.065601,42.192792,1347.8],[9.066161,42.1925,1337.3],[9.06689,42.191929,1321.8],[9.06711,42.191745,1313],[9.067357,42.191549,1308.4],[9.067596,42.191355,1301.3],[9.067806,42.191233,1297],[9.067922,42.191153,1295.9],[9.067986,42.1911,1293.7],[9.068239,42.19097,1289.6],[9.068383,42.190832,1286.7],[9.068455,42.190754,1285],[9.068554,42.190761,1284.3],[9.068646,42.19073,1283.6],[9.06887,42.190664,1281.1],[9.069051,42.190636,1278.9],[9.069818,42.190524,1271.6],[9.070361,42.190506,1269.5],[9.070569,42.190441,1269.3],[9.070728,42.190331,1268],[9.070878,42.190213,1266.5],[9.071028,42.190096,1265.6],[9.071117,42.189926,1260.2],[9.071514,42.189835,1257.8],[9.071875,42.189664,1253.4],[9.072059,42.189551,1249.5],[9.072347,42.18934,1245.7],[9.07267,42.18933,1245.6],[9.073009,42.189309,1244.1],[9.073572,42.18914,1239.2],[9.074104,42.188949,1232.8],[9.074621,42.188708,1224.9],[9.075006,42.188633,1225.5],[9.075148,42.188412,1220.2],[9.075371,42.188254,1219.5],[9.075388,42.188163,1216.6],[9.075416,42.188018,1213.6],[9.075473,42.187732,1206.6],[9.075643,42.187391,1202.4],[9.075694,42.187006,1193.2],[9.075629,42.186782,1186.2],[9.075717,42.186413,1182.5],[9.075626,42.18605,1177.2],[9.07558,42.185707,1172.6],[9.076286,42.184493,1157.9],[9.076193,42.184055,1149.9],[9.076189,42.183905,1147.6],[9.076199,42.183819,1145.8],[9.076395,42.183642,1144.8],[9.076915,42.183048,1134.7],[9.077323,42.182684,1128.5],[9.07753,42.182462,1124.6],[9.077824,42.182142,1118.9],[9.078048,42.181974,1115.5],[9.078297,42.181816,1110.2],[9.078758,42.181629,1104],[9.079721,42.181334,1091.8],[9.079973,42.181107,1087.2],[9.080056,42.181019,1083.8],[9.080432,42.180733,1082.4],[9.08069,42.180532,1080.9],[9.08116,42.179558,1065.6],[9.08245,42.179219,1059.5],[9.083552,42.178965,1054.3],[9.084189,42.178711,1050],[9.084628,42.17852,1049.3],[9.084998,42.17835,1048.5],[9.085513,42.178238,1047.7],[9.086318,42.178062,1044.8],[9.086637,42.177996,1043.3],[9.086887,42.177795,1039.1],[9.087332,42.17744,1034.4],[9.087671,42.177077,1030.4],[9.088054,42.176919,1028.9],[9.088568,42.176728,1027.1],[9.089587,42.176498,1025.9],[9.090529,42.175979,1022.7],[9.091631,42.17502,1018.6],[9.091977,42.174954,1021.5],[9.092255,42.174462,1017.9],[9.092626,42.174406,1022.7],[9.093542,42.17436,1028.8],[9.09397,42.174425,1031],[9.094253,42.174468,1030.6],[9.095104,42.174087,1025.4],[9.095744,42.173638,1019.9],[9.096416,42.173414,1022.1],[9.097242,42.172607,1019.9],[9.097466,42.172266,1019.2],[9.09748,42.172182,1018.4],[9.09763,42.172061,1017.2],[9.097738,42.171772,1013.1],[9.098197,42.17168,1011.9],[9.0983,42.17152,1009.2],[9.098458,42.171304,1008.2],[9.099248,42.170671,1003.6],[9.099257,42.170615,1002.4],[9.099436,42.170163,992.5],[9.099493,42.170002,988.4],[9.099576,42.169942,984.9],[9.099611,42.16989,982.9],[9.099611,42.169815,980.3],[9.099637,42.169784,980.3],[9.09963,42.169651,977.1],[9.099697,42.169542,973],[9.099783,42.169527,970.9],[9.099881,42.169298,965.9],[9.099992,42.169089,962.1],[9.100228,42.168899,956.6],[9.100414,42.168971,952.4],[9.100535,42.168807,950.7],[9.100837,42.168577,947.5],[9.10085,42.168419,943.2],[9.100893,42.168313,937.3],[9.100989,42.168207,934.3],[9.101302,42.168005,941.5],[9.100992,42.167798,949.1],[9.100905,42.167687,952.3],[9.100677,42.167519,955.8],[9.100468,42.167127,967.2],[9.100358,42.166903,971.8],[9.100345,42.166651,984.7],[9.100323,42.166516,989.5],[9.100205,42.166364,992],[9.09999,42.166127,998.8],[9.099857,42.16607,998.4],[9.099329,42.165947,1001.3],[9.098941,42.165906,1004],[9.098759,42.165846,1006.1],[9.098296,42.165608,1012.8],[9.098124,42.165548,1012.2],[9.097899,42.165391,1014.9],[9.097605,42.165258,1014.2],[9.097452,42.165211,1012.2],[9.09726,42.16509,1015],[9.096986,42.165055,1015.5],[9.09693,42.165041,1015.8],[9.09654,42.165004,1018.9],[9.096125,42.164928,1021.6],[9.095439,42.164639,1028.5],[9.094875,42.164336,1034.1],[9.094676,42.164252,1035.3],[9.094244,42.163973,1041],[9.094068,42.163899,1041],[9.093944,42.163819,1042.6],[9.093875,42.163748,1044.7],[9.093767,42.163566,1050],[9.093514,42.163321,1055.2],[9.093419,42.163268,1055.2],[9.093194,42.163192,1053.2],[9.093009,42.163051,1056.3],[9.09259,42.16286,1065.2],[9.092255,42.162684,1072.5],[9.091902,42.162541,1079.2],[9.091715,42.162432,1083.4],[9.091443,42.162321,1085.6],[9.090913,42.162061,1095.7],[9.090641,42.16195,1100.4],[9.090302,42.161809,1100.8],[9.089916,42.161659,1099.9],[9.089648,42.161524,1101],[9.088795,42.161294,1112.7],[9.087272,42.161224,1126.9],[9.087157,42.161185,1129.2],[9.086508,42.16111,1136.1],[9.0862,42.161036,1137.9],[9.085996,42.161019,1140.2],[9.085798,42.160973,1142.6],[9.085561,42.160943,1144.8],[9.085256,42.160862,1151.7],[9.085023,42.160768,1156.9],[9.084888,42.160741,1157.5],[9.084522,42.16073,1159.2],[9.084333,42.160668,1162.4],[9.084135,42.160489,1168.6],[9.083717,42.160445,1176.5],[9.083343,42.160391,1182.6],[9.083215,42.160388,1184.2],[9.082843,42.160482,1186.5],[9.08242,42.160534,1189.4],[9.082291,42.16057,1188.5],[9.082141,42.160627,1188],[9.081459,42.160596,1191.8],[9.081406,42.160768,1191.4],[9.081544,42.160925,1192.5],[9.081591,42.161044,1195.6],[9.081492,42.161135,1201.1],[9.081321,42.161026,1203.6],[9.081141,42.160957,1208.5],[9.080713,42.160829,1222.5],[9.080559,42.160672,1224.2],[9.080265,42.160512,1232.1],[9.080002,42.160438,1238.3],[9.079634,42.160247,1245.3],[9.079338,42.160093,1250.9],[9.079009,42.159951,1256.9],[9.07885,42.159799,1260],[9.078596,42.159589,1266.1],[9.07848,42.159442,1269.4],[9.078298,42.15917,1272.5],[9.078048,42.158689,1277.8],[9.077812,42.158366,1281.6],[9.07769,42.158115,1281.2],[9.077626,42.15804,1281.7],[9.077188,42.157593,1291.7],[9.076826,42.157248,1297.2],[9.076679,42.15713,1301.3],[9.075971,42.156651,1317.3],[9.075673,42.156471,1326.8],[9.075667,42.156286,1325],[9.075602,42.15621,1326.8],[9.07541,42.156,1330.1],[9.075262,42.155848,1335.8],[9.075012,42.155686,1342.5],[9.074775,42.155555,1351.1],[9.074588,42.155457,1356.9],[9.074451,42.155361,1361],[9.074305,42.155168,1367.6],[9.074252,42.154923,1369.8],[9.074182,42.154609,1373.8],[9.074221,42.154346,1375.3],[9.074238,42.154208,1375.8],[9.074221,42.154168,1377.5],[9.074232,42.154062,1378.7],[9.074147,42.154015,1381.2],[9.074066,42.153926,1382.7],[9.074044,42.15388,1383.8],[9.074063,42.153791,1384.5],[9.07406,42.153719,1384.9],[9.074043,42.153625,1385.3],[9.073961,42.153532,1386.9],[9.074081,42.153321,1385.6],[9.074112,42.153274,1385.2],[9.074043,42.153236,1386.6],[9.073951,42.153194,1388.3],[9.073916,42.153183,1389],[9.07388,42.153172,1389.7],[9.073839,42.153145,1390.8],[9.073798,42.153119,1391.9],[9.073698,42.153063,1393.9],[9.07358,42.152997,1397.4],[9.073495,42.152979,1400.2],[9.073307,42.152994,1406.4],[9.073221,42.152971,1410.1],[9.073171,42.152927,1412.3],[9.07305,42.152753,1419.2],[9.072963,42.152572,1423.7],[9.072777,42.152406,1434.5],[9.07269,42.152386,1441.9],[9.072639,42.152397,1443.3],[9.07257,42.152446,1444.9],[9.07252,42.152508,1446.5],[9.072425,42.152664,1450.1],[9.072298,42.152872,1455.9],[9.072118,42.153112,1463.4],[9.071767,42.153657,1472.3],[9.07137,42.153126,1482.4],[9.071546,42.152516,1488],[9.071488,42.152165,1497.3],[9.070985,42.151746,1516.7],[9.070661,42.15152,1529.8],[9.070689,42.151182,1541.3],[9.070512,42.150861,1552.9],[9.070536,42.15031,1575],[9.070284,42.149975,1587.3],[9.070474,42.149712,1598.5],[9.070712,42.149093,1607.9],[9.071049,42.148687,1629.5],[9.071518,42.147455,1673.4],[9.072047,42.147131,1705.1],[9.072195,42.146816,1718.8],[9.072372,42.146679,1727.9],[9.072656,42.146197,1753.6],[9.072692,42.146183,1754.9],[9.073104,42.146024,1772.8],[9.073066,42.145498,1793],[9.073085,42.145051,1813.8],[9.073149,42.144551,1830.7],[9.073669,42.143224,1847.5],[9.073621,42.142715,1856.2],[9.074046,42.142386,1868.9],[9.074218,42.142062,1878.4],[9.074471,42.141966,1887.2],[9.074441,42.141315,1904],[9.074935,42.140642,1930.3],[9.075114,42.140142,1944.6],[9.075394,42.140038,1952.8],[9.075459,42.139623,1965.5],[9.07559,42.139165,1980.8],[9.075805,42.139096,1983.8],[9.075609,42.138798,1990],[9.075702,42.138604,1999.2],[9.075795,42.138528,2004.9],[9.075749,42.138307,2012.8],[9.075833,42.138168,2020.7],[9.075781,42.13795,2027.8],[9.075661,42.137706,2030.3],[9.075844,42.137492,2042.7],[9.076,42.137484,2053.4],[9.076143,42.137112,2070.9],[9.07618,42.137011,2077.2],[9.076252,42.136941,2084.2],[9.07633,42.136948,2085.3],[9.076397,42.137022,2088],[9.076413,42.137077,2085.1],[9.076475,42.137084,2089.3],[9.076497,42.137037,2090.7],[9.076618,42.1369,2103.3],[9.076978,42.136842,2115],[9.077261,42.136804,2114],[9.077315,42.136657,2109.8],[9.077978,42.136822,2088.2],[9.078178,42.136862,2082.3],[9.078451,42.13678,2068.2],[9.078714,42.136676,2053.9],[9.079122,42.136744,2050.3],[9.080307,42.136806,2044.3],[9.080948,42.136975,2041.9],[9.081773,42.137034,2021.4],[9.082272,42.137255,2020.7],[9.08327,42.137116,2004.7],[9.083955,42.137198,2008.2],[9.084188,42.137197,2010.7],[9.084288,42.137165,2006.1],[9.084413,42.137146,2000],[9.084539,42.137161,1998.6],[9.084654,42.137167,1995.9],[9.084996,42.136991,1981],[9.085152,42.136796,1966.4],[9.08547,42.136261,1937],[9.085323,42.136124,1927.5],[9.084808,42.13603,1923.3],[9.084259,42.135745,1914.8],[9.084285,42.135558,1903.5],[9.084154,42.135247,1885.4],[9.08422,42.135047,1875.5],[9.084683,42.134951,1863],[9.084638,42.134734,1852.3],[9.08458,42.134634,1847.5],[9.084416,42.134591,1844.8],[9.084377,42.134509,1841.3],[9.084492,42.13442,1836.6],[9.084897,42.134148,1818.5],[9.084943,42.134037,1814.7],[9.085226,42.133997,1809.2],[9.085564,42.133838,1796.3],[9.085419,42.133591,1784.8],[9.08498,42.133329,1771.8],[9.084819,42.13324,1765.5],[9.084631,42.133232,1763.6],[9.084507,42.133158,1755.1],[9.084588,42.133007,1750.2],[9.08479,42.132825,1741.6],[9.085043,42.132612,1734.3],[9.085119,42.132447,1728.9],[9.084964,42.132214,1722.5],[9.084824,42.132078,1719.3],[9.084814,42.131931,1715.1],[9.0847,42.131825,1711.5],[9.084687,42.131759,1709.5],[9.08465,42.131566,1700.6],[9.084848,42.131382,1691.9],[9.085396,42.131391,1677.1],[9.085624,42.131514,1670.9],[9.086019,42.131542,1659.5],[9.086101,42.131366,1647.8],[9.086067,42.131245,1646.8],[9.085999,42.131044,1642.4],[9.085848,42.130956,1638.1],[9.085777,42.130506,1627.6],[9.086245,42.129383,1612.7],[9.086537,42.129321,1607.5],[9.087057,42.129344,1593.8],[9.087336,42.129015,1574.1],[9.087485,42.128832,1572.3],[9.087745,42.128481,1565.9],[9.087775,42.128219,1557.1],[9.087689,42.127849,1548.2],[9.087743,42.127432,1543.5],[9.087646,42.127245,1535.3],[9.087626,42.126974,1530.7],[9.087508,42.126263,1512.1],[9.087965,42.125991,1509.7],[9.088139,42.125605,1503.7],[9.088545,42.125463,1501.6],[9.088706,42.125372,1498.8],[9.088804,42.125255,1493.1],[9.089075,42.125265,1487.4],[9.089139,42.125231,1486.8],[9.08907,42.125164,1484.5],[9.089355,42.125132,1480.7],[9.089788,42.124082,1461],[9.089999,42.123902,1456.2],[9.089988,42.123707,1452.2],[9.090274,42.123471,1446.8],[9.090459,42.122941,1436.2],[9.090426,42.122785,1434],[9.090595,42.122758,1430.8],[9.090902,42.12235,1421.9],[9.091084,42.122322,1419.4],[9.091218,42.122234,1416.9],[9.091351,42.122247,1418],[9.091635,42.121918,1414.1],[9.091656,42.12168,1407.6],[9.091647,42.121653,1406.9],[9.092011,42.121356,1411.6],[9.093436,42.12102,1386.5],[9.0936,42.121063,1385.4],[9.093787,42.12106,1383],[9.093903,42.121049,1380.6],[9.094263,42.121132,1377.2],[9.094463,42.121108,1372.3],[9.0947,42.121086,1366],[9.094928,42.121114,1358.7],[9.095046,42.120901,1357.1],[9.095223,42.120813,1355.2],[9.095634,42.12062,1349.9],[9.095911,42.120384,1338.3],[9.096146,42.12022,1335.7],[9.097192,42.119932,1330.8],[9.097354,42.119861,1331.3],[9.097433,42.119788,1331.9],[9.097625,42.119765,1330],[9.097842,42.1197,1326.9],[9.097998,42.119638,1323.1],[9.098172,42.119537,1317],[9.098459,42.119436,1306.5],[9.099735,42.119158,1283.2],[9.099863,42.119097,1281.7],[9.099849,42.119008,1284.5],[9.09989,42.118957,1283.5],[9.100152,42.118994,1279],[9.100274,42.119001,1274],[9.10034,42.118967,1270.5],[9.100452,42.118834,1265.7],[9.100701,42.118812,1267.4],[9.100929,42.118904,1265.8],[9.101129,42.119033,1262.8],[9.101399,42.119111,1261],[9.101563,42.119335,1257.7],[9.101894,42.119498,1256.2],[9.102302,42.119487,1251.8],[9.10311,42.119357,1250.3],[9.104053,42.119483,1240],[9.105944,42.119064,1242.3],[9.106176,42.119128,1225.5],[9.106512,42.119033,1223.3],[9.107025,42.118763,1218.9],[9.107144,42.118485,1212],[9.107418,42.118475,1201.4],[9.107474,42.118239,1200.4],[9.107825,42.118033,1190.5],[9.108439,42.117745,1155.7],[9.108642,42.11775,1149.7],[9.108683,42.117759,1148.2],[9.108855,42.117768,1144.2],[9.108954,42.117577,1138.2],[9.110063,42.116956,1114.7],[9.11014,42.116717,1113.4],[9.110249,42.116577,1110.2],[9.110435,42.11658,1107.3],[9.110505,42.116405,1104.6],[9.111076,42.116102,1096],[9.111466,42.116016,1092.5],[9.111845,42.116072,1089.1],[9.112323,42.116233,1086.3],[9.112376,42.116269,1085.7],[9.112375,42.116294,1085.7],[9.112389,42.116413,1080.4],[9.112407,42.116479,1086.3],[9.1126,42.116619,1087.3],[9.113465,42.116955,1085.7],[9.114206,42.117172,1080.6],[9.11479,42.117337,1075.2],[9.11541,42.117398,1074.3],[9.116336,42.117289,1067],[9.116883,42.117103,1062.5],[9.117398,42.117377,1059.8],[9.117997,42.11747,1057.5],[9.11863,42.117501,1052.4],[9.119071,42.117496,1052.9],[9.11963,42.117773,1049],[9.119899,42.117812,1048.8],[9.120173,42.117922,1047.1],[9.120865,42.118605,1039.9],[9.121061,42.118866,1033.6],[9.121293,42.118975,1036.3],[9.121564,42.11905,1033.8],[9.122611,42.11935,1027.5],[9.123031,42.119634,1021.9],[9.123167,42.119878,1020.8],[9.123325,42.120078,1019.7],[9.123795,42.12044,1015],[9.124266,42.12065,1012.2],[9.12445,42.120685,1010.1],[9.124814,42.120754,1007.8],[9.125055,42.120842,1006.1],[9.125187,42.120851,1004.7],[9.125292,42.120759,1002.5],[9.125371,42.120621,1000.7],[9.125718,42.120495,996.5],[9.126139,42.120572,993.8],[9.127531,42.121049,983.6],[9.12771,42.121234,981.6],[9.127896,42.121656,978.6],[9.128031,42.121725,978],[9.128201,42.121826,976.9],[9.128466,42.122011,975.6],[9.128567,42.122137,974.8],[9.128587,42.1222,974.4],[9.128566,42.122316,973.7],[9.128544,42.122452,972.8],[9.128576,42.122599,972],[9.12865,42.12272,971.2],[9.128526,42.123042,970.7],[9.128394,42.123303,970.2],[9.128285,42.123484,969.4],[9.128186,42.123665,968.4],[9.128124,42.123773,967.4],[9.128108,42.123976,966.6],[9.12816,42.124136,965.9],[9.128251,42.124249,965],[9.128494,42.124513,963],[9.128726,42.125082,959.9],[9.129074,42.126092,952.8],[9.12907,42.126564,951.2],[9.129156,42.126508,950.7],[9.129377,42.126353,946.2],[9.129513,42.126274,942.1],[9.129688,42.126251,943.4],[9.129954,42.126385,948.4],[9.130094,42.126463,947.1],[9.130192,42.126452,946.4],[9.130402,42.126292,944.6],[9.130568,42.126128,944.3],[9.130646,42.125998,944.3],[9.13074,42.125789,945.7],[9.1308,42.125712,946],[9.130921,42.125675,945.3],[9.131042,42.12569,942.9],[9.131167,42.125769,943.4],[9.131193,42.126052,943.3],[9.131166,42.126249,943.6],[9.13121,42.126402,943.4],[9.131294,42.126596,942.3],[9.13142,42.126702,942.2],[9.131632,42.126792,941.9],[9.132055,42.12686,941.9],[9.132396,42.126947,938.5],[9.132545,42.126996,938.1],[9.132643,42.127037,937.6],[9.132757,42.127133,935.4],[9.132898,42.127041,936.9],[9.133052,42.12693,939.1],[9.133275,42.126763,941.2],[9.13338,42.126653,941.5],[9.133496,42.126533,941.6],[9.133511,42.126519,941.6],[9.133667,42.126377,941.2],[9.133915,42.126289,940.9],[9.134085,42.126276,941],[9.134546,42.126333,942.7],[9.134548,42.126289,943],[9.134552,42.126214,944.3],[9.134566,42.12608,946.3],[9.134667,42.125592,955.1],[9.134727,42.125189,962.7],[9.134837,42.124913,969],[9.135047,42.124659,975],[9.135153,42.12448,978.4],[9.135319,42.124399,981.7],[9.135387,42.124398,981.7],[9.13543,42.124438,982.1],[9.135477,42.12479,987.5],[9.135949,42.125465,992.8],[9.136152,42.12573,993],[9.136373,42.125878,994],[9.136548,42.12589,994.3],[9.136753,42.125805,993.8],[9.136918,42.125841,993.6],[9.137121,42.125932,996.5],[9.137395,42.126248,998.4],[9.13759,42.126455,1002.1],[9.137825,42.126714,1005.6],[9.138118,42.126961,1009.7],[9.138374,42.127112,1012.2],[9.138555,42.127157,1011.2],[9.138688,42.127195,1010.5],[9.138773,42.127302,1010.7],[9.138821,42.127448,1012.8],[9.138857,42.127619,1014.3],[9.139032,42.127747,1017.1],[9.139233,42.127827,1018.2],[9.139494,42.127963,1017.6],[9.139777,42.128061,1017.7],[9.139981,42.128207,1018.3],[9.140298,42.128365,1019.9],[9.140423,42.128406,1020.1],[9.14075,42.128445,1021.2],[9.140959,42.128509,1019.2],[9.141186,42.128617,1019.8],[9.141357,42.128787,1020.9],[9.14153,42.128881,1021.7],[9.141806,42.128927,1023.3],[9.141985,42.129014,1022],[9.142116,42.12909,1024],[9.14213,42.129225,1026.3],[9.142018,42.129368,1024.1],[9.141935,42.129518,1022.9],[9.141896,42.129687,1024.4],[9.141879,42.129879,1026.8],[9.141906,42.130114,1027],[9.141914,42.130296,1030.8],[9.141807,42.130468,1031],[9.141694,42.130671,1030.9],[9.141611,42.130848,1031.8],[9.141611,42.130946,1032],[9.141642,42.130985,1032.7],[9.141696,42.131005,1033.9],[9.141754,42.130957,1035.8],[9.14182,42.130743,1035.8],[9.141936,42.130572,1038.2],[9.142196,42.130332,1041.6],[9.142281,42.130159,1047.1],[9.142271,42.129979,1048.4],[9.14227,42.129882,1048.6],[9.142365,42.129772,1050.1],[9.142402,42.129748,1052],[9.142425,42.129819,1053.4],[9.14245,42.129883,1056.9],[9.142472,42.129985,1058.8],[9.14251,42.130073,1058.4],[9.142684,42.130281,1065.3],[9.142658,42.130513,1069.2],[9.142599,42.130697,1068.9],[9.142546,42.130926,1066.4],[9.142555,42.13097,1066.3],[9.142598,42.130982,1067.9],[9.142788,42.130869,1076.4],[9.142988,42.130699,1084.1],[9.143466,42.130384,1089.8],[9.143795,42.130172,1099.5],[9.143973,42.130017,1107],[9.144178,42.12982,1112.3],[9.144367,42.129721,1118.3],[9.144462,42.129728,1120.7],[9.14449,42.129991,1123.2],[9.144453,42.130364,1123.3],[9.14442,42.130892,1128.5],[9.144394,42.131127,1126.2],[9.144411,42.131439,1126.8],[9.144556,42.131567,1128.1],[9.144693,42.131672,1129.4],[9.144859,42.131476,1136.7],[9.145037,42.131476,1141.5],[9.145283,42.131499,1147.2],[9.145711,42.131109,1164.3],[9.145856,42.131163,1166.8],[9.145933,42.130977,1172.7],[9.146084,42.131029,1174.5],[9.146223,42.130896,1179.3],[9.146483,42.130841,1180.6],[9.146527,42.130545,1185.1],[9.146766,42.130543,1189.6],[9.14681,42.130461,1191.9],[9.146842,42.130178,1193.6],[9.146975,42.13015,1196.8],[9.147202,42.129921,1204.9],[9.147567,42.129376,1213.8],[9.147686,42.129306,1214.6],[9.147721,42.129183,1214.4],[9.148047,42.12862,1221.2],[9.148219,42.128447,1224.8],[9.148541,42.128175,1229.3],[9.148593,42.128057,1231.4],[9.148461,42.127899,1235.4],[9.148205,42.127564,1246],[9.147824,42.127089,1256.4],[9.147482,42.126765,1266.3],[9.146821,42.126272,1278.4],[9.146744,42.126176,1281],[9.147006,42.126133,1286.7],[9.147261,42.126143,1289.3],[9.147462,42.126122,1288.7],[9.147601,42.12601,1289],[9.147735,42.125767,1294.7],[9.147956,42.125531,1300.6],[9.14847,42.125185,1309.6],[9.149371,42.125024,1303.6],[9.149939,42.124034,1314.9],[9.149876,42.123697,1320.3],[9.150113,42.123223,1309.3],[9.150073,42.122849,1313.6],[9.150125,42.121967,1314.9],[9.150346,42.121526,1314.5],[9.150294,42.121174,1325.2],[9.150564,42.12085,1331.1],[9.150866,42.120418,1332.7],[9.150915,42.120098,1334.7],[9.150486,42.120455,1347.3],[9.150252,42.120427,1354.6],[9.150294,42.120129,1359.2],[9.150094,42.119723,1374.5],[9.149843,42.118956,1383.9],[9.14975,42.118608,1393.1],[9.149858,42.118329,1398.8],[9.149688,42.118362,1403.8],[9.149524,42.118539,1402.3],[9.149249,42.119126,1415.8],[9.149084,42.119017,1422.2],[9.148834,42.118257,1436.7],[9.149044,42.11786,1433.1],[9.149556,42.117378,1448.6],[9.150055,42.117125,1449.5],[9.150648,42.116782,1447.9],[9.150624,42.116692,1455],[9.150281,42.116697,1466.2],[9.149654,42.116874,1475.1],[9.149288,42.117005,1478],[9.149051,42.117132,1475.9],[9.14887,42.117179,1477.5],[9.148756,42.117109,1485.8],[9.150727,42.115599,1517.5],[9.151443,42.114991,1530],[9.151894,42.114749,1538.1],[9.152197,42.114639,1541.5],[9.152424,42.114571,1544.1],[9.152575,42.114579,1544.3],[9.152758,42.114613,1546.1],[9.153064,42.114707,1550],[9.153102,42.114737,1550],[9.153177,42.114762,1551.1],[9.153354,42.114862,1554],[9.153387,42.114843,1555.7],[9.153427,42.114777,1557.6],[9.153364,42.114416,1562.4],[9.15331,42.114263,1566.2],[9.153229,42.114092,1569.8],[9.153205,42.114057,1571.2],[9.153256,42.114068,1571.9],[9.15343,42.114152,1573],[9.15358,42.114254,1572.9],[9.153667,42.114284,1575.4],[9.153942,42.114478,1579.3],[9.153969,42.114488,1579.3],[9.153996,42.11444,1581.8],[9.153977,42.114335,1584.1],[9.153943,42.114244,1585.1],[9.153934,42.114024,1592],[9.153858,42.11399,1589.2],[9.153792,42.113856,1590.8],[9.153797,42.113799,1591.7],[9.153736,42.113634,1594.8],[9.153875,42.113715,1596.3],[9.154011,42.113843,1597.8],[9.154042,42.113872,1598.2],[9.154159,42.113942,1601.5],[9.154262,42.114043,1600.8],[9.154389,42.114147,1602.4],[9.154473,42.114278,1601.2],[9.154845,42.114465,1606.4],[9.155124,42.114512,1611.6],[9.155296,42.11457,1614.4],[9.155543,42.114622,1618.5],[9.15588,42.114653,1622.4],[9.156027,42.114621,1624.7],[9.156174,42.114601,1625.9],[9.156267,42.11457,1628.4],[9.156409,42.114575,1629.9],[9.15651,42.114534,1632.4],[9.156582,42.114477,1633.9],[9.156802,42.114342,1638.6],[9.156954,42.114185,1642],[9.157059,42.114113,1643.1],[9.157221,42.114069,1643.4],[9.157312,42.114066,1643.3],[9.157482,42.114059,1642.6],[9.157575,42.114043,1641.9],[9.157651,42.113996,1640],[9.157707,42.11378,1635.3],[9.157756,42.113691,1633.1],[9.157805,42.113352,1627.9],[9.157943,42.112853,1619.6],[9.158034,42.112571,1614.8],[9.158115,42.112139,1607.9],[9.158101,42.112017,1606.6],[9.157893,42.111774,1604],[9.157839,42.111598,1598.2],[9.157728,42.111521,1597.5],[9.157696,42.111338,1591.5],[9.157356,42.110918,1581.8],[9.157068,42.110627,1578.3],[9.156937,42.110211,1574],[9.156788,42.109875,1572.1],[9.156792,42.109693,1571.5],[9.156795,42.109585,1571.8],[9.156984,42.109451,1566.6],[9.1574,42.109157,1562.2],[9.157929,42.108962,1556.1],[9.158017,42.108854,1554.8],[9.15803,42.108618,1556.2],[9.158196,42.108605,1555],[9.158374,42.108638,1553.8],[9.158481,42.108669,1553.7],[9.158633,42.108714,1552.2],[9.158796,42.108609,1555.5],[9.158881,42.108513,1557.3],[9.15911,42.108562,1553.6],[9.159498,42.108521,1554.1],[9.160372,42.108338,1559.5],[9.160899,42.10834,1559.8],[9.16206,42.108437,1557.4],[9.162471,42.108402,1563.4],[9.163177,42.108719,1556.1],[9.163706,42.108719,1556.5],[9.164543,42.108864,1550.7],[9.166147,42.109165,1549.8],[9.166637,42.10928,1548.2],[9.167092,42.109321,1548.4],[9.167523,42.109303,1551],[9.16783,42.109274,1548.9],[9.168197,42.109184,1548.1],[9.168233,42.109154,1548.8],[9.1672,42.107787,1541.1],[9.167152,42.107549,1538.7],[9.167478,42.107114,1530.2],[9.167576,42.106792,1526.6],[9.167579,42.10631,1520.4],[9.168473,42.105886,1513.1],[9.169014,42.105765,1505.9],[9.169503,42.105427,1515.3],[9.170174,42.105088,1510.7],[9.170615,42.104689,1512.1],[9.171003,42.104429,1510.8],[9.171335,42.103911,1512.8],[9.171808,42.103397,1513.5],[9.172376,42.102937,1513.7],[9.172541,42.102719,1514.4],[9.172535,42.102697,1514.7],[9.172509,42.102621,1514.8],[9.172413,42.102566,1513.6],[9.172331,42.102552,1513.6],[9.172287,42.102554,1513.7],[9.172127,42.102527,1513.1],[9.171327,42.102498,1512.4],[9.170872,42.102576,1515.7],[9.170485,42.10273,1515.5],[9.169982,42.102895,1512.6],[9.169554,42.10309,1515.2],[9.168976,42.103481,1526.9],[9.168855,42.103602,1531.3],[9.168329,42.103736,1532.4],[9.167626,42.103921,1533],[9.166636,42.104234,1547.3],[9.166239,42.104189,1543.8],[9.166115,42.104116,1544],[9.165944,42.103844,1540.4],[9.165738,42.103614,1540.8],[9.165731,42.103516,1538.2],[9.165589,42.103296,1540.8],[9.165554,42.10289,1514.5],[9.165065,42.102825,1522.5],[9.164602,42.102585,1527.1],[9.164506,42.102398,1518.3],[9.163735,42.102338,1529.6],[9.163341,42.102308,1529.6],[9.162957,42.102322,1538.1],[9.162845,42.102226,1532.3],[9.162601,42.102154,1533.8],[9.162362,42.102142,1538.7],[9.162142,42.102048,1539.4],[9.162154,42.10195,1537.1],[9.162116,42.101868,1537.4],[9.161967,42.101773,1538.9],[9.161853,42.101653,1538.8],[9.161789,42.101405,1538.3],[9.161902,42.101138,1533.6],[9.161679,42.101023,1536.3],[9.161601,42.10093,1533.9],[9.1613,42.100877,1536.4],[9.160899,42.100873,1538.2],[9.160427,42.100824,1537.8],[9.16018,42.100833,1539.1],[9.15969,42.100729,1533],[9.159439,42.100765,1539.7],[9.159016,42.10041,1534.5],[9.158572,42.100315,1534.5],[9.158396,42.099948,1533.8],[9.158283,42.099889,1537.5],[9.158304,42.099779,1535.3],[9.158277,42.099724,1534.5],[9.158193,42.099693,1538],[9.158183,42.099623,1537.1],[9.15795,42.099503,1544.3],[9.157925,42.099408,1540.6],[9.157843,42.099365,1541.9],[9.157763,42.099236,1539.5],[9.157608,42.099115,1539.7],[9.157318,42.098948,1541.4],[9.157258,42.098873,1538.9],[9.1571,42.098831,1543.5],[9.157058,42.098677,1540.2],[9.15693,42.098559,1539.7],[9.156824,42.098369,1534.8],[9.156643,42.098279,1534.9],[9.156373,42.0982,1535.2],[9.156249,42.098216,1536],[9.156096,42.098205,1536.7],[9.155758,42.097811,1538.2],[9.155677,42.097676,1537.3],[9.155345,42.097532,1542.5],[9.155264,42.097435,1540.5],[9.155181,42.09742,1540],[9.155233,42.097161,1542.8],[9.155221,42.096916,1541],[9.155068,42.096606,1546.5],[9.154876,42.096567,1545.6],[9.154491,42.096531,1547.9],[9.154296,42.096353,1548],[9.154307,42.096246,1546.4],[9.154315,42.096166,1546.3],[9.154361,42.09605,1546.3],[9.154328,42.095886,1547.7],[9.154298,42.095701,1546.8],[9.154198,42.095607,1548.9],[9.154121,42.095435,1547.9],[9.15401,42.095248,1548.3],[9.153918,42.095249,1550.3],[9.153885,42.095219,1549.9],[9.153842,42.095162,1551],[9.153835,42.095138,1551.5],[9.153901,42.095132,1549.8],[9.153955,42.095078,1549.9],[9.154883,42.094763,1542.3],[9.155573,42.094569,1534.3],[9.155724,42.094419,1531.7],[9.15628,42.094192,1524.2],[9.157052,42.093259,1508.5],[9.157433,42.092784,1501.4],[9.158078,42.0922,1492.4],[9.15818,42.091595,1485.8],[9.158148,42.091354,1485.5],[9.158022,42.091154,1485.2],[9.157839,42.09102,1482],[9.157583,42.090956,1480.8],[9.157278,42.090785,1476.9],[9.157006,42.090724,1472.1],[9.156707,42.090719,1474.2],[9.1562,42.090831,1478.4],[9.155261,42.090961,1467.7],[9.154612,42.090976,1463.6],[9.153844,42.090962,1464.5],[9.153182,42.090737,1455.2],[9.153,42.090609,1451.2],[9.153616,42.090497,1443.8],[9.153641,42.090401,1439.9],[9.153524,42.090343,1438.4],[9.153342,42.090316,1437.4],[9.153296,42.090303,1437.7],[9.153285,42.090265,1436.8],[9.153479,42.0901,1438.3],[9.153677,42.089786,1440],[9.153811,42.0895,1442.6],[9.154274,42.08849,1451.9],[9.155725,42.086922,1448.8],[9.154745,42.086375,1451.8],[9.15424,42.085803,1445.8],[9.154498,42.085718,1448.1],[9.153877,42.084713,1501.2],[9.15377,42.084419,1516.3],[9.154167,42.084007,1532.5],[9.154812,42.083153,1559.5],[9.155366,42.082941,1564.5],[9.155742,42.082626,1569.9],[9.15612,42.081769,1592.6],[9.156477,42.081595,1594.1],[9.156498,42.081453,1598.5],[9.156265,42.081288,1603],[9.155753,42.081212,1610.8],[9.155323,42.080938,1619.4],[9.154972,42.080848,1625],[9.154865,42.080847,1625.8],[9.154781,42.080769,1626.5],[9.15467,42.080539,1627.1],[9.154569,42.080444,1627.5],[9.154384,42.080347,1628.5],[9.154167,42.080258,1629.7],[9.153964,42.080112,1630.7],[9.153934,42.079888,1627.4],[9.153333,42.079616,1623.5],[9.15329,42.079521,1619.7],[9.152785,42.079218,1616.5],[9.152722,42.078968,1616.5],[9.152502,42.078718,1611.4],[9.152425,42.078601,1609.7],[9.152368,42.078537,1608.1],[9.15215,42.078437,1608.3],[9.151645,42.07834,1613.6],[9.151435,42.078121,1612.8],[9.151399,42.078055,1607.6],[9.15113,42.077905,1609.9],[9.150993,42.077884,1609.8],[9.150733,42.077781,1612],[9.150533,42.077767,1615.4],[9.150372,42.077678,1609.4],[9.150205,42.077611,1608.8],[9.150088,42.077558,1607.8],[9.15002,42.077524,1606.2],[9.150016,42.077442,1602.6],[9.150123,42.077309,1598.6],[9.150126,42.077277,1597.8],[9.150207,42.077261,1597.4],[9.150257,42.077146,1594.3],[9.1503,42.077078,1592.4],[9.150288,42.077017,1592],[9.150274,42.076985,1591.8],[9.150228,42.07695,1591.5],[9.150157,42.076894,1592.2],[9.150027,42.076639,1596.1],[9.150306,42.076512,1599.9],[9.150407,42.076448,1600.5],[9.150434,42.076389,1602.6],[9.150531,42.076274,1606.6],[9.150852,42.07619,1610.6],[9.150885,42.0761,1615.4],[9.151076,42.076069,1615.6],[9.151254,42.075888,1621.3],[9.151537,42.075821,1622.9],[9.151619,42.075736,1625.2],[9.151564,42.075631,1628.5],[9.151639,42.075498,1624],[9.151913,42.075231,1625.2],[9.152297,42.075105,1621.6],[9.152499,42.074696,1618.5],[9.152756,42.074354,1609.9],[9.152958,42.074169,1602.3],[9.153301,42.073714,1599],[9.1533,42.073612,1599.4],[9.153034,42.073531,1600.5],[9.152585,42.07317,1592.7],[9.151982,42.073024,1586.3],[9.151897,42.072894,1581.9],[9.151684,42.072867,1589.4],[9.151191,42.072691,1574],[9.151089,42.072435,1566.6],[9.151092,42.072356,1563.3],[9.150964,42.072113,1558.7],[9.150878,42.072038,1556.3],[9.150846,42.071898,1550],[9.150623,42.071816,1551.3],[9.150473,42.071673,1548.8],[9.150551,42.071596,1543.6],[9.150587,42.071209,1533.1],[9.150648,42.071197,1531],[9.150749,42.071176,1529.9],[9.150822,42.0711,1527.2],[9.150805,42.071031,1526.4],[9.150755,42.071017,1525.4],[9.150767,42.070979,1524],[9.150963,42.070984,1522.6],[9.151095,42.070937,1519.1],[9.151156,42.070953,1517.8],[9.151317,42.070997,1512.4],[9.151399,42.071125,1508.7],[9.151496,42.070988,1504.4],[9.151553,42.071056,1502.7],[9.151771,42.071133,1499.2],[9.151846,42.071075,1495.2],[9.152041,42.071165,1489.3],[9.152199,42.071297,1485.7],[9.152348,42.071208,1479.5],[9.152877,42.071325,1468.7],[9.153279,42.071488,1463.6],[9.153617,42.071445,1454.5],[9.154132,42.071576,1447.1],[9.154286,42.071479,1441.8],[9.154514,42.071432,1435.6],[9.155199,42.071553,1425.4],[9.155791,42.071603,1418],[9.156153,42.071403,1400.4],[9.156353,42.07149,1401.9],[9.156503,42.071486,1399.1],[9.156682,42.071533,1394.8],[9.157111,42.071513,1386.5],[9.157411,42.07159,1386.9],[9.157642,42.071529,1377.1],[9.15774,42.07148,1373.7],[9.157894,42.071495,1370],[9.158089,42.071467,1365.5],[9.158051,42.071407,1361.6],[9.158209,42.071422,1360.8],[9.158321,42.071414,1358.2],[9.158335,42.071327,1354.2],[9.158407,42.071316,1353],[9.158452,42.071222,1348.6],[9.158594,42.071225,1346.7],[9.158656,42.071221,1345.9],[9.158708,42.071039,1347.1],[9.158804,42.070912,1347.1],[9.159049,42.070747,1345.8],[9.159258,42.070634,1344.3],[9.159339,42.070541,1344.7],[9.159702,42.070256,1345.2],[9.159919,42.070198,1343.4],[9.160162,42.070079,1342.3],[9.160486,42.069917,1341.6],[9.160906,42.069849,1338],[9.161237,42.069728,1337.5],[9.161617,42.069545,1341],[9.16207,42.06921,1339.3],[9.162046,42.068689,1345.1],[9.162857,42.068634,1346.4],[9.163356,42.06834,1351],[9.163585,42.067963,1354.1],[9.164168,42.067577,1350.3],[9.164528,42.067476,1343.3],[9.165161,42.0676,1337.7],[9.165529,42.067579,1339.4],[9.165987,42.067195,1355.5],[9.166543,42.067043,1345.6],[9.166884,42.066844,1342.5],[9.166939,42.066698,1337.7],[9.166828,42.066251,1335.3],[9.167111,42.065545,1334.4],[9.16682,42.064553,1335.6],[9.16687,42.064164,1334.6],[9.166612,42.063714,1343],[9.166707,42.063369,1345.3],[9.166658,42.062972,1352],[9.166795,42.062742,1354],[9.166904,42.06256,1356.9],[9.167231,42.062171,1363.5],[9.167591,42.062016,1357],[9.167121,42.06131,1363.2],[9.166887,42.061117,1372.4],[9.166992,42.060895,1372.8],[9.167242,42.060653,1364.7],[9.167175,42.060356,1365.6],[9.168315,42.05993,1370.5],[9.168515,42.059758,1375.4],[9.168212,42.059661,1378.3],[9.167563,42.059543,1387.2],[9.166922,42.059392,1398.7],[9.166412,42.059015,1404.7],[9.165822,42.0587,1410.6],[9.165243,42.058485,1421],[9.164878,42.058416,1428.4],[9.164825,42.058405,1429],[9.164758,42.05821,1424.3],[9.164645,42.058134,1425.1],[9.164433,42.058071,1429.7],[9.163911,42.057917,1437],[9.163602,42.057787,1438.6],[9.163557,42.057801,1439.2],[9.163432,42.057735,1439.9],[9.163269,42.057555,1440.2],[9.163099,42.0574,1442.2],[9.162444,42.057182,1450.4],[9.162367,42.057146,1451.3],[9.16217,42.057113,1453.7],[9.162093,42.056942,1452.6],[9.161964,42.056858,1453.6],[9.161647,42.056671,1458.5],[9.161513,42.056684,1461.3],[9.161523,42.056601,1460.7],[9.161278,42.056436,1464.1],[9.161266,42.056327,1464.4],[9.161649,42.056076,1457.3],[9.161699,42.055937,1458.6],[9.162113,42.055879,1456.3],[9.162604,42.05575,1459.9],[9.163242,42.05567,1460.7],[9.164099,42.05529,1473.4],[9.164905,42.055119,1478],[9.165495,42.054869,1483.6],[9.165887,42.054635,1486.2],[9.165951,42.054523,1487.6],[9.166151,42.054176,1493.5],[9.166327,42.053397,1507.9],[9.166598,42.053267,1504.2],[9.166949,42.053253,1498],[9.167167,42.053052,1497.2],[9.167211,42.052884,1497.9],[9.166895,42.052407,1505.5],[9.1671,42.052296,1503.4],[9.16704,42.052196,1506.4],[9.167337,42.052143,1504.7],[9.1674,42.051934,1509.4],[9.168056,42.051678,1512.1],[9.16823,42.051745,1510],[9.168677,42.051636,1510.6],[9.168918,42.051541,1509.6],[9.169326,42.051232,1509.5],[9.169459,42.050998,1512.6],[9.169706,42.050841,1515.4],[9.170125,42.050712,1515.6],[9.17055,42.05061,1515.4],[9.170803,42.050504,1517.1],[9.170259,42.049779,1524.5],[9.170207,42.049514,1523.5],[9.169993,42.049047,1526.7],[9.170002,42.048987,1526.3],[9.169831,42.048738,1528.2],[9.169505,42.048692,1532.1],[9.169141,42.048534,1532.3],[9.168832,42.048322,1532.6],[9.168592,42.048049,1531.7],[9.168489,42.047745,1527.2],[9.168268,42.047581,1531.2],[9.16805,42.047221,1530.5],[9.167993,42.046928,1533.2],[9.16805,42.046771,1531.9],[9.168171,42.046629,1529.9],[9.167602,42.046093,1534.4],[9.167573,42.045777,1534.6],[9.167411,42.045639,1536.5],[9.166963,42.045336,1543.3],[9.166985,42.045193,1541.6],[9.167125,42.045132,1539],[9.166687,42.044913,1546.2],[9.166617,42.044714,1547.2],[9.166778,42.04445,1547.1],[9.166741,42.044224,1550.6],[9.166925,42.044093,1551.1],[9.167614,42.043819,1551.1],[9.167675,42.043652,1550.5],[9.167578,42.043523,1552.5],[9.167716,42.043276,1554.1],[9.167822,42.043204,1554.2],[9.168018,42.042939,1552.6],[9.16738,42.042225,1553.9],[9.167329,42.042068,1554.8],[9.167442,42.041821,1555.2],[9.168081,42.041525,1551.8],[9.168575,42.041394,1550.5],[9.169156,42.041115,1554],[9.169512,42.041063,1552.2],[9.170029,42.041091,1548.2],[9.170274,42.040946,1549.7],[9.170792,42.040634,1551.7],[9.170882,42.040375,1557.8],[9.171134,42.040179,1559.6],[9.171394,42.040177,1551.9],[9.17164,42.040102,1551.6],[9.17203,42.039922,1555.2],[9.172419,42.039675,1562.1],[9.172301,42.039172,1571.1],[9.172113,42.038983,1578.2],[9.172221,42.038747,1572.5],[9.172197,42.038623,1572.7],[9.171753,42.038159,1577.8],[9.171385,42.037989,1581.7],[9.17037,42.037672,1590.7],[9.170172,42.037566,1591.6],[9.169916,42.036955,1590.1],[9.169754,42.036906,1594.3],[9.169495,42.036324,1593.4],[9.169196,42.03582,1592.7],[9.169014,42.03549,1594.1],[9.168833,42.035153,1594.3],[9.168653,42.034988,1592.8],[9.168403,42.034916,1591.8],[9.168159,42.034928,1592.9],[9.168196,42.034729,1590.5],[9.168053,42.034525,1590.4],[9.167788,42.034292,1587.7],[9.166686,42.033681,1578.8],[9.166122,42.033397,1573.7],[9.165934,42.033397,1572.5],[9.165711,42.033315,1571.4],[9.165667,42.033284,1571.1],[9.16563,42.033218,1570.7],[9.165637,42.033154,1570.5],[9.165733,42.033096,1570.6],[9.16591,42.032939,1569.4],[9.166046,42.032785,1567.6],[9.166106,42.032636,1565.5],[9.166106,42.032399,1561.4],[9.165921,42.032279,1560.8],[9.16579,42.032158,1559.9],[9.165851,42.031935,1554.1],[9.165792,42.031737,1551.2],[9.165158,42.031521,1546],[9.165132,42.031456,1542.2],[9.16547,42.031439,1539.4],[9.165779,42.031482,1536.4],[9.166038,42.031489,1530.7],[9.166229,42.031464,1526.1],[9.166259,42.031413,1520.9],[9.166011,42.031279,1519.6],[9.165002,42.030716,1498.7],[9.164423,42.03062,1488],[9.164887,42.03042,1480.1],[9.16507,42.030439,1482.6],[9.165298,42.030364,1475.9],[9.165539,42.030466,1476],[9.165868,42.030375,1462.7],[9.166265,42.03047,1464.4],[9.166514,42.030459,1461.6],[9.165598,42.030094,1449.6],[9.165167,42.029897,1438.3],[9.164805,42.029787,1434.8],[9.164333,42.029734,1430.5],[9.163718,42.029655,1422.2],[9.163458,42.029804,1422.6],[9.163227,42.029566,1418.7],[9.16306,42.029366,1415.8],[9.162194,42.029051,1410.3],[9.162077,42.028885,1407.2],[9.16193,42.028723,1402.9],[9.161727,42.028597,1404],[9.161369,42.028562,1410],[9.161236,42.028471,1409.9],[9.16079,42.028355,1415.9],[9.160741,42.028262,1416],[9.160493,42.028224,1420.6],[9.160096,42.028158,1428],[9.159631,42.028018,1430.1],[9.159378,42.027754,1430.4],[9.159365,42.027536,1428.7],[9.159493,42.027418,1424.9],[9.159485,42.027289,1423.2],[9.159604,42.027139,1419.2],[9.159842,42.027009,1413],[9.159778,42.026847,1408.7],[9.159792,42.026761,1406.4],[9.159866,42.026631,1408.2],[9.159938,42.02659,1409],[9.160091,42.026504,1410.8],[9.160395,42.02653,1409.2],[9.160417,42.026591,1408.6],[9.161164,42.027087,1398.9],[9.161605,42.027281,1394.1],[9.162309,42.027457,1388.8],[9.162386,42.027485,1388.1],[9.162734,42.027444,1389],[9.163385,42.027444,1387.9],[9.163658,42.02741,1386.9],[9.163875,42.027241,1394.4],[9.164172,42.027236,1395.9],[9.164861,42.027151,1400.6],[9.166065,42.027275,1405.8],[9.16749,42.027288,1418.5],[9.167681,42.02726,1420.6],[9.168057,42.027075,1425],[9.168938,42.027229,1428.4],[9.169516,42.027177,1428.5],[9.170496,42.027336,1432.7],[9.170805,42.027284,1432.8],[9.171125,42.027101,1433.3],[9.171474,42.027136,1431.7],[9.171741,42.02727,1430.3],[9.172031,42.02732,1428.5],[9.172314,42.027345,1425.9],[9.172471,42.027401,1425.3],[9.173799,42.027683,1415.5],[9.174621,42.027653,1408.9],[9.175356,42.027507,1398.9],[9.17674,42.027361,1384.9],[9.178071,42.027186,1374.9],[9.178853,42.027265,1368.5],[9.179637,42.027535,1370.9],[9.18078,42.027337,1351.9],[9.181193,42.027397,1350.3],[9.181831,42.027345,1346.6],[9.182699,42.027173,1332.5],[9.183485,42.027015,1323.6],[9.184174,42.027038,1316.4],[9.185235,42.027342,1306.8],[9.187048,42.027962,1286.7],[9.190142,42.028835,1268.4],[9.190549,42.028996,1268.2],[9.190831,42.029148,1269.4],[9.191157,42.029184,1270.4],[9.192195,42.028999,1273.1],[9.193142,42.028633,1277.4],[9.193619,42.028303,1282.2],[9.194068,42.028106,1284.1],[9.194359,42.02803,1286.1],[9.194659,42.028082,1287.2],[9.194809,42.028197,1288.3],[9.19493,42.028248,1289.3],[9.195391,42.027656,1298.1],[9.196241,42.026702,1313.5],[9.196757,42.026308,1319.5],[9.197136,42.025922,1324.9],[9.19728,42.02579,1326],[9.197593,42.025318,1329.8],[9.197677,42.024842,1331.7],[9.197767,42.024484,1334.6],[9.197946,42.02435,1337.6],[9.198463,42.024182,1346.5],[9.199017,42.024123,1358.9],[9.199178,42.024185,1363.7],[9.199322,42.024716,1376.3],[9.199409,42.025111,1385.5],[9.19969,42.025492,1399.4],[9.200032,42.025841,1413.7],[9.200674,42.026217,1428.5],[9.200773,42.02632,1431],[9.200807,42.026482,1433.3],[9.200882,42.026529,1433.6],[9.201069,42.026761,1437.5],[9.201507,42.026931,1439.8],[9.201981,42.026974,1445.1],[9.202236,42.026799,1449.1],[9.202459,42.026647,1455.1],[9.202689,42.026532,1461.9],[9.202889,42.026557,1464.9],[9.203406,42.026381,1476.8],[9.203729,42.026376,1482.3],[9.204206,42.026179,1485.7],[9.204517,42.026171,1491],[9.204574,42.026122,1491.9],[9.204883,42.026151,1492.2],[9.204886,42.026219,1493.6],[9.205277,42.026388,1495.7],[9.205524,42.026395,1497.7],[9.205818,42.026598,1491.2],[9.205917,42.02713,1482.2],[9.206133,42.027188,1482.3],[9.206199,42.027244,1481.7],[9.206296,42.027285,1479.1],[9.206396,42.027262,1480.4],[9.206559,42.02715,1478.2],[9.206701,42.02699,1477],[9.206866,42.026948,1477.7],[9.207135,42.026618,1477.5],[9.208005,42.026269,1475.4],[9.208376,42.025853,1479.2],[9.209109,42.025906,1479.4],[9.209183,42.025797,1480.2],[9.209196,42.025585,1483.4],[9.209312,42.025302,1484.3],[9.209361,42.025278,1484.9],[9.209608,42.024991,1490],[9.209867,42.024797,1493.5],[9.210075,42.024689,1495.1],[9.210139,42.02459,1494.9],[9.210152,42.024447,1496.1],[9.209933,42.024339,1499.2],[9.209784,42.024173,1502.6],[9.209806,42.024053,1504.4],[9.209924,42.023887,1505.4],[9.20993,42.023572,1502.8],[9.210242,42.023339,1501.3],[9.210054,42.022816,1509.6],[9.209584,42.022486,1526.1],[9.209023,42.022109,1543],[9.209484,42.021628,1566.1],[9.209426,42.021414,1575.2],[9.209719,42.02117,1587.7],[9.210373,42.020946,1602.1],[9.210777,42.020598,1619.9],[9.211383,42.020343,1629.5],[9.211638,42.020188,1632.3],[9.211932,42.02018,1635.9],[9.212009,42.020111,1640],[9.212138,42.020097,1643.1],[9.212252,42.019913,1647.2],[9.212528,42.019801,1650.5],[9.212954,42.019797,1650.3],[9.213721,42.019487,1655.1],[9.213917,42.019576,1664.1],[9.214369,42.019405,1672],[9.214485,42.019297,1672.5],[9.214621,42.0193,1676.4],[9.215738,42.018916,1695.8],[9.21591,42.018789,1700.3],[9.216658,42.018605,1719.4],[9.216862,42.018617,1723.3],[9.217108,42.018397,1728.4],[9.217182,42.018507,1733.3],[9.217324,42.018419,1737.8],[9.217374,42.018617,1743.6],[9.217465,42.018586,1746.1],[9.217517,42.018848,1754.7],[9.218134,42.018527,1770.4],[9.218265,42.018516,1774.5],[9.218258,42.01859,1775.5],[9.21841,42.018527,1779.1],[9.218464,42.018626,1782.2],[9.21865,42.018534,1788.5],[9.21869,42.0186,1791.7],[9.218831,42.018559,1795.6],[9.218874,42.01869,1800.3],[9.218932,42.018664,1801.2],[9.219005,42.018829,1807.6],[9.219327,42.018641,1815.8],[9.219555,42.018447,1822.6],[9.219645,42.018509,1825.6],[9.22049,42.018018,1842.8],[9.22054,42.017897,1843],[9.220595,42.017265,1842.4],[9.220593,42.0169,1843.1],[9.220415,42.016613,1843.5],[9.220161,42.016109,1844.2],[9.220002,42.015585,1846.5],[9.219894,42.015386,1846.3],[9.219787,42.014964,1843.1],[9.219658,42.014799,1844.7],[9.219586,42.014627,1846],[9.219565,42.014398,1844.6],[9.219437,42.014171,1844.9],[9.219237,42.013904,1845.5],[9.219218,42.013687,1846.6],[9.219151,42.013458,1848.2],[9.219056,42.013244,1850],[9.218987,42.01286,1853.4],[9.218996,42.012555,1855.9],[9.218657,42.011761,1859.8],[9.21857,42.011384,1860],[9.218645,42.011044,1857.7],[9.218692,42.010755,1854],[9.218578,42.010391,1848.8],[9.218479,42.010245,1843.5],[9.218522,42.010181,1842.2],[9.2184,42.010091,1839.7],[9.2183,42.009718,1834.4],[9.218288,42.009585,1832.9],[9.218148,42.009333,1829.5],[9.218232,42.009286,1827.3],[9.218229,42.009188,1824.7],[9.218144,42.009081,1823.3],[9.218167,42.008938,1822.4],[9.218168,42.008846,1820.8],[9.218454,42.008754,1815],[9.218467,42.008627,1813],[9.218225,42.008547,1814.8],[9.21787,42.008433,1814.2],[9.217765,42.008395,1814.3],[9.21763,42.008274,1814.1],[9.217521,42.00813,1814.1],[9.217159,42.007889,1813.9],[9.216809,42.007713,1813.9],[9.216564,42.007629,1814.4],[9.216431,42.007614,1815.8],[9.216108,42.007443,1816.9],[9.215756,42.007223,1820.3],[9.215367,42.007016,1823.3],[9.215156,42.006874,1824],[9.215015,42.006867,1824.5],[9.214873,42.00675,1826.2],[9.214681,42.006547,1829.8],[9.214626,42.006401,1831.7],[9.214619,42.006242,1833.8],[9.214552,42.006039,1836.8],[9.21441,42.005834,1838.5],[9.214163,42.005688,1840.6],[9.213962,42.005535,1841.6],[9.213937,42.005118,1844.1],[9.214023,42.004873,1845.1],[9.214023,42.004398,1847.8],[9.214251,42.004133,1851.5],[9.214335,42.003942,1858],[9.21437,42.003764,1864],[9.214231,42.003624,1868.3],[9.214285,42.003485,1872.9],[9.214214,42.003344,1877],[9.214449,42.00322,1882.8],[9.214434,42.003092,1886.6],[9.214674,42.00297,1894.3],[9.214802,42.002812,1899.4],[9.214991,42.002556,1907.3],[9.214954,42.002468,1910.5],[9.21498,42.002384,1913.4],[9.215452,42.002083,1920.2],[9.215677,42.001927,1925.2],[9.215743,42.001766,1928.7],[9.21582,42.001799,1931.2],[9.216079,42.001812,1937],[9.216159,42.001672,1940.7],[9.216149,42.001518,1942.6],[9.216059,42.00147,1942.3],[9.215987,42.001274,1948.3],[9.216022,42.001235,1950],[9.216063,42.001232,1951],[9.21607,42.001188,1952.8],[9.216031,42.001159,1954.5],[9.216001,42.001049,1956.5],[9.216017,42.001035,1956.5],[9.216097,42.001043,1959],[9.21609,42.001007,1960.6],[9.216145,42.000965,1962.5],[9.216125,42.00088,1967.4],[9.216203,42.00075,1976.4],[9.216281,42.000744,1977],[9.216268,42.000664,1982.1],[9.216143,42.00054,1985.4],[9.216173,42.00053,1985.4],[9.216103,42.000434,1986.9],[9.216125,42.000349,1985.7],[9.216169,42.000324,1984],[9.216163,42.000229,1980.3],[9.216133,42.000149,1976.4],[9.215977,42.000081,1976],[9.215919,41.999821,1972.4],[9.215882,41.999724,1973.6],[9.215806,41.999725,1976.3],[9.215757,41.999586,1973.7],[9.215827,41.999486,1964.3],[9.215955,41.999119,1954.1],[9.2159,41.998931,1958.9],[9.215978,41.998664,1959.5],[9.215995,41.998471,1955.3],[9.215913,41.998406,1959.3],[9.216002,41.998305,1956],[9.216217,41.998078,1948.5],[9.216333,41.997973,1947.1],[9.216435,41.997844,1948.8],[9.216488,41.997744,1952.3],[9.216561,41.99757,1961.7],[9.216594,41.997438,1970.3],[9.216633,41.997366,1975.2],[9.216681,41.997266,1976.9],[9.216634,41.997171,1980.1],[9.21661,41.997139,1982.6],[9.216832,41.996884,1993.9],[9.216998,41.996796,1995.7],[9.217071,41.996764,1996],[9.217133,41.996739,1997.4],[9.217209,41.996721,1996.2],[9.2173,41.996585,1999.6],[9.217317,41.996556,1999.9],[9.217379,41.996544,1998.5],[9.217482,41.996479,1999.1],[9.217567,41.996512,1996.1],[9.217651,41.996494,1994.1],[9.217775,41.996474,1991.8],[9.217934,41.996532,1986.6],[9.218004,41.996533,1985.8],[9.21813,41.996313,1988.4],[9.218146,41.996156,1987.3],[9.218119,41.996088,1986.4],[9.218066,41.995965,1985],[9.21798,41.995888,1986.5],[9.217949,41.995859,1985.5],[9.217969,41.995802,1982.7],[9.217963,41.995778,1981.3],[9.217874,41.99571,1980.1],[9.217819,41.995638,1980.6],[9.217814,41.995563,1978],[9.217771,41.995535,1976.8],[9.217771,41.99547,1975.1],[9.217806,41.995434,1972.8],[9.217824,41.995409,1970.6],[9.217844,41.995373,1969.8],[9.217892,41.995332,1967.5],[9.217944,41.995302,1964.4],[9.217948,41.995283,1964.4],[9.217933,41.995241,1961.5],[9.217937,41.995199,1958.9],[9.217993,41.995188,1956.9],[9.218058,41.995192,1954.6],[9.218127,41.995175,1953.3],[9.218156,41.995136,1951.1],[9.218134,41.995103,1949.6],[9.2181,41.995084,1950.4],[9.218068,41.995078,1950.8],[9.218072,41.99504,1949.1],[9.218058,41.995008,1947.3],[9.217973,41.994941,1946.6],[9.217943,41.994896,1945.5],[9.2179,41.994845,1942.5],[9.217893,41.994796,1940.8],[9.217856,41.994749,1939.8],[9.217816,41.994712,1939.1],[9.217762,41.994675,1938.3],[9.217753,41.994651,1938.3],[9.217759,41.994625,1937],[9.217732,41.994596,1937.5],[9.217731,41.99455,1934.5],[9.217767,41.994517,1934.1],[9.217766,41.994484,1932.6],[9.21774,41.994451,1931.6],[9.217708,41.994443,1931.6],[9.217716,41.994424,1931.6],[9.21772,41.994396,1930],[9.2177,41.99438,1928.7],[9.217619,41.994343,1929.3],[9.217594,41.994301,1927.9],[9.217568,41.994214,1925.6],[9.217607,41.994106,1921.4],[9.217516,41.994024,1920.3],[9.21746,41.993983,1919.6],[9.217445,41.993922,1918.6],[9.217416,41.993901,1917.5],[9.217401,41.993887,1917.5],[9.217404,41.993847,1916.1],[9.217426,41.993783,1915.2],[9.217413,41.99371,1913.6],[9.217379,41.99364,1912.9],[9.217351,41.993491,1913],[9.217319,41.993448,1912.7],[9.217301,41.993372,1912.7],[9.217304,41.993272,1912.6],[9.217284,41.993164,1912.9],[9.217262,41.993112,1913.2],[9.217275,41.993061,1912.2],[9.217296,41.993012,1912.3],[9.21738,41.992958,1911.4],[9.217461,41.992863,1910.4],[9.217587,41.992717,1908.3],[9.217665,41.99261,1907.7],[9.217666,41.992562,1907.9],[9.217701,41.992486,1907.6],[9.217709,41.992429,1908.1],[9.21774,41.9923,1909.6],[9.217743,41.992282,1909.6],[9.217751,41.992266,1909.2],[9.217745,41.992243,1909.2],[9.21774,41.99223,1910.3],[9.21775,41.992215,1909.4],[9.217749,41.992194,1909.4],[9.217758,41.992179,1909.9],[9.21779,41.992163,1909.1],[9.217854,41.992128,1908.9],[9.217954,41.99211,1907.8],[9.217997,41.992081,1907.4],[9.218019,41.992038,1906.9],[9.21808,41.991995,1906.1],[9.21817,41.991968,1905.6],[9.218213,41.991952,1905.4],[9.218283,41.991871,1906.3],[9.218329,41.991778,1907.1],[9.218356,41.99174,1907.1],[9.218339,41.9917,1906.9],[9.21834,41.991658,1906.5],[9.21837,41.9916,1905.8],[9.218389,41.991529,1903.9],[9.218428,41.991447,1902.3],[9.218438,41.991395,1902],[9.218486,41.991363,1901.3],[9.21853,41.99132,1900.5],[9.218581,41.991283,1899.6],[9.218607,41.991253,1900],[9.218642,41.991197,1899.1],[9.218649,41.991173,1900],[9.218629,41.991139,1898.8],[9.218616,41.991103,1899.1],[9.218598,41.991086,1897.9],[9.218586,41.991054,1898.2],[9.218551,41.991029,1897.1],[9.218546,41.990998,1897.1],[9.218524,41.99097,1897.2],[9.218524,41.990934,1897.1],[9.218507,41.990891,1896.3],[9.218506,41.990845,1897.4],[9.218481,41.990792,1898.5],[9.218448,41.99075,1898.3],[9.218404,41.990622,1900.3],[9.218339,41.990555,1900.3],[9.21835,41.990503,1902.9],[9.218523,41.990197,1898.6],[9.218728,41.989847,1884.3],[9.218943,41.98973,1876],[9.219081,41.989594,1867.2],[9.219272,41.989463,1860.5],[9.219414,41.989288,1854.6],[9.219454,41.988975,1850.4],[9.219863,41.988323,1830.9],[9.219888,41.988121,1826.3],[9.219887,41.987921,1821.4],[9.219738,41.987752,1819],[9.219526,41.987474,1815.8],[9.219361,41.987311,1812.7],[9.219333,41.987018,1810.8],[9.219265,41.986835,1805.7],[9.21913,41.986717,1800.1],[9.218941,41.986587,1790.1],[9.218834,41.986373,1781.1],[9.218969,41.986234,1776.2],[9.218904,41.985974,1765.6],[9.218909,41.985903,1765.3],[9.218933,41.985881,1764.9],[9.21895,41.985815,1767],[9.218982,41.985772,1766.7],[9.218952,41.98573,1767],[9.218967,41.98571,1767.4],[9.219008,41.985695,1769.9],[9.219086,41.985659,1766.6],[9.219106,41.985649,1766.6],[9.219152,41.985613,1762.7],[9.219194,41.985599,1762.4],[9.219239,41.985605,1762],[9.219295,41.985581,1758.6],[9.219326,41.985574,1758.6],[9.219377,41.985556,1758.9],[9.219443,41.98554,1756.7],[9.219491,41.985536,1756.2],[9.219509,41.985521,1755.6],[9.219494,41.985501,1756.2],[9.21949,41.98547,1753.8],[9.219518,41.985423,1751.9],[9.21952,41.985354,1748.3],[9.219544,41.985334,1748.3],[9.219561,41.98532,1747.4],[9.219529,41.985302,1746],[9.219502,41.985268,1743.1],[9.219443,41.985242,1741.6],[9.219389,41.985228,1738.6],[9.219371,41.985199,1737.1],[9.219309,41.985183,1733.5],[9.219279,41.985168,1731.8],[9.219214,41.985158,1730.2],[9.219168,41.985144,1726.5],[9.219155,41.985113,1725.2],[9.219156,41.985083,1722.3],[9.219128,41.98507,1722.3],[9.219038,41.985068,1716.7],[9.219018,41.985046,1715.2],[9.219034,41.985014,1714.2],[9.219069,41.984979,1711.5],[9.219096,41.984904,1709.8],[9.21923,41.984711,1708.5],[9.219298,41.984467,1712.6],[9.219309,41.984328,1709.5],[9.219278,41.984278,1705.8],[9.219254,41.984214,1706.3],[9.219192,41.984072,1705.8],[9.219192,41.984002,1707.7],[9.219165,41.983916,1711],[9.21919,41.983834,1710],[9.219279,41.983746,1707.7],[9.219387,41.983676,1705.3],[9.219443,41.983624,1703.5],[9.219461,41.983541,1699.6],[9.219513,41.983533,1699.7],[9.219573,41.983525,1699.3],[9.219589,41.983496,1697.7],[9.219568,41.983396,1696.7],[9.219599,41.983325,1697.3],[9.219595,41.983223,1698.8],[9.219611,41.983168,1701.2],[9.21962,41.983103,1702.6],[9.219536,41.982989,1705.3],[9.21942,41.982861,1708.5],[9.219389,41.982813,1708.7],[9.219381,41.982777,1710.9],[9.219395,41.982733,1712.9],[9.219408,41.982687,1713.7],[9.219395,41.982615,1709.7],[9.219407,41.982519,1703.1],[9.219507,41.982459,1700.5],[9.219608,41.982369,1696.3],[9.219644,41.982344,1694.2],[9.219706,41.982351,1694.9],[9.219793,41.982329,1696.4],[9.219854,41.982332,1698.3],[9.219942,41.982259,1698.9],[9.220067,41.982137,1702.5],[9.220114,41.982097,1703.6],[9.220185,41.982066,1705.6],[9.220275,41.982057,1708.5],[9.220346,41.981978,1710.3],[9.220397,41.981926,1710.4],[9.220425,41.981782,1707.7],[9.220472,41.981558,1701.1],[9.220777,41.981414,1692.6],[9.220922,41.981297,1690.4],[9.221086,41.981133,1680.6],[9.221219,41.981061,1677.1],[9.221357,41.981006,1677.2],[9.221424,41.980957,1674.9],[9.221471,41.980796,1667.5],[9.221459,41.980762,1665.6],[9.221459,41.980713,1663.8],[9.221512,41.980672,1663.1],[9.221512,41.980621,1661.7],[9.221534,41.980505,1658.3],[9.221551,41.980439,1656.5],[9.221533,41.980382,1653.8],[9.221528,41.980333,1652.6],[9.221516,41.98029,1651.2],[9.221484,41.980255,1650.2],[9.221432,41.980204,1648.8],[9.221397,41.980149,1648.6],[9.221321,41.98011,1647.3],[9.221272,41.980027,1645.1],[9.221286,41.979963,1643.7],[9.221303,41.979895,1641.9],[9.22131,41.979827,1641.9],[9.221298,41.97981,1640.6],[9.221263,41.979787,1640.5],[9.221258,41.979754,1639.1],[9.221229,41.979723,1639.2],[9.221139,41.979247,1633.8],[9.221249,41.979089,1632.3],[9.22124,41.978929,1631],[9.22125,41.978871,1630.7],[9.221286,41.978816,1631.5],[9.221339,41.978748,1632],[9.22138,41.97865,1632.5],[9.221417,41.97861,1632.8],[9.221428,41.978559,1633],[9.221507,41.978411,1634.3],[9.221566,41.978311,1633.2],[9.221578,41.978243,1634.3],[9.221625,41.978134,1633.3],[9.221641,41.978044,1632.6],[9.221629,41.977988,1631.4],[9.221571,41.977891,1627.8],[9.221491,41.977818,1627.1],[9.221305,41.977662,1622.3],[9.221237,41.977576,1620.2],[9.22117,41.977446,1617.9],[9.221142,41.977341,1615.7],[9.221146,41.97717,1613.4],[9.221173,41.977056,1613.1],[9.221225,41.976996,1613.2],[9.221311,41.976947,1612.7],[9.221331,41.97683,1613.2],[9.221381,41.976748,1613.4],[9.221428,41.976712,1613.5],[9.221508,41.976609,1614.1],[9.221536,41.976527,1614.4],[9.221657,41.976408,1613.6],[9.221687,41.976363,1614],[9.221677,41.976314,1614.3],[9.221734,41.9762,1614.6],[9.221765,41.976057,1614.8],[9.221783,41.976024,1614.4],[9.221826,41.975999,1614.2],[9.221826,41.975964,1614.8],[9.221841,41.975931,1614.8],[9.221832,41.975901,1615.4],[9.22185,41.975866,1616],[9.22184,41.975812,1616.3],[9.221879,41.975707,1616.8],[9.221921,41.975677,1615.9],[9.221986,41.975533,1616.7],[9.222039,41.975482,1615],[9.222088,41.975398,1614.8],[9.222094,41.975337,1615],[9.222116,41.975282,1616.1],[9.222121,41.975225,1616.8],[9.222151,41.975139,1617.1],[9.22214,41.975096,1617.8],[9.222174,41.97499,1617.3],[9.2222,41.974965,1617.9],[9.222265,41.974824,1616],[9.22227,41.974774,1616.7],[9.222258,41.974702,1618.4],[9.222333,41.974582,1620.1],[9.222407,41.97447,1619.4],[9.222432,41.974332,1623.7],[9.222478,41.974258,1624],[9.223238,41.973468,1639.5],[9.223289,41.973391,1641.7],[9.223307,41.973327,1642.9],[9.223289,41.973307,1644.2],[9.223253,41.973288,1644.4],[9.223204,41.973201,1646.4],[9.223221,41.973155,1646.7],[9.223371,41.973024,1647.8],[9.223441,41.973001,1647.1],[9.223515,41.972924,1646.5],[9.223641,41.972724,1641.5],[9.223733,41.972614,1637.9],[9.223865,41.972479,1635.2],[9.223957,41.972364,1632],[9.223972,41.972293,1631.8],[9.224023,41.972242,1631.4],[9.224059,41.972183,1629.5],[9.22409,41.972115,1628],[9.224129,41.972064,1626.1],[9.224182,41.97202,1626.8],[9.224213,41.971953,1625.1],[9.224275,41.971892,1624.3],[9.224323,41.97184,1623.7],[9.22436,41.971745,1621.5],[9.224496,41.971543,1616.7],[9.224533,41.971495,1617.2],[9.224551,41.97143,1616.5],[9.224549,41.971385,1615.8],[9.224594,41.971261,1614.8],[9.224602,41.971226,1614.1],[9.224635,41.971192,1615.1],[9.224618,41.971146,1614.4],[9.224651,41.970938,1608.9],[9.224681,41.970904,1609.2],[9.224685,41.970832,1607.9],[9.224735,41.970597,1601.7],[9.224735,41.970522,1600.7],[9.224712,41.970407,1598.6],[9.224704,41.970354,1598.1],[9.224716,41.970331,1597.4],[9.2247,41.970304,1597],[9.224673,41.970227,1595],[9.224664,41.970158,1594.6],[9.224656,41.97008,1594.6],[9.224601,41.969991,1591.5],[9.224561,41.96987,1589],[9.224499,41.969767,1586.4],[9.224484,41.969689,1584.5],[9.224479,41.969603,1579.7],[9.224494,41.969518,1577.7],[9.224507,41.969462,1575.8],[9.224507,41.969433,1574.1],[9.224531,41.969402,1573.8],[9.224593,41.969263,1570.4],[9.224616,41.969192,1570.5],[9.224593,41.969133,1568.1],[9.224601,41.969089,1567.9],[9.224632,41.968974,1567.6],[9.224606,41.968905,1566],[9.224596,41.968305,1563.8],[9.224482,41.968196,1561.9],[9.224444,41.968146,1560.8],[9.224432,41.968014,1560],[9.22444,41.967989,1561.2],[9.224435,41.967944,1560.6],[9.224452,41.967867,1561.5],[9.224409,41.967772,1561.6],[9.224376,41.967723,1562.3],[9.224378,41.967628,1561.8],[9.224366,41.967584,1560.9],[9.223891,41.966861,1553],[9.223835,41.966567,1550.4],[9.223979,41.965983,1532.5],[9.223934,41.965859,1530.8],[9.223918,41.965821,1530.6],[9.223878,41.965787,1529.3],[9.223801,41.965773,1528.5],[9.223769,41.965756,1526.7],[9.223748,41.965712,1524.9],[9.223709,41.965661,1523.3],[9.22369,41.965591,1522.5],[9.223724,41.965553,1523],[9.223735,41.965485,1521.4],[9.223777,41.965434,1521.4],[9.223807,41.965428,1522.3],[9.223828,41.965412,1521.2],[9.223873,41.965301,1520.6],[9.224122,41.965162,1519],[9.224225,41.965043,1515.7],[9.224251,41.964909,1512.4],[9.224224,41.964846,1512.9],[9.224159,41.964763,1513],[9.224137,41.964664,1515],[9.224156,41.964534,1511.3],[9.224037,41.964219,1521.8],[9.224063,41.964066,1523],[9.224153,41.964049,1524.5],[9.224087,41.963987,1525.6],[9.224057,41.963881,1522.7],[9.224138,41.963881,1520.3],[9.224107,41.963745,1515.9],[9.22414,41.963622,1509.9],[9.224094,41.963444,1515.5],[9.224078,41.963363,1515.6],[9.224203,41.963247,1510.4],[9.224263,41.963093,1508.9],[9.224189,41.962897,1510.8],[9.224172,41.962651,1515.4],[9.224303,41.962364,1519.1],[9.224472,41.962218,1519.7],[9.224727,41.962122,1518.9],[9.224922,41.962075,1521.1],[9.225089,41.961953,1526.7],[9.22516,41.961899,1527.7],[9.225145,41.961838,1531.1],[9.225161,41.9618,1533.1],[9.225246,41.961615,1536.1],[9.225217,41.961519,1538.1],[9.225294,41.961401,1539.9],[9.225308,41.961295,1541.4],[9.225346,41.961126,1547.3],[9.225237,41.961131,1552.2],[9.225218,41.961113,1553.6],[9.225227,41.961094,1553.6],[9.225193,41.961057,1556.6],[9.225209,41.961027,1558.3],[9.225634,41.960842,1557.2],[9.225979,41.96059,1565.5],[9.226233,41.960399,1572.2],[9.226354,41.960374,1572.1],[9.226476,41.960314,1571.9],[9.226714,41.960015,1582.2],[9.226638,41.959979,1587.5],[9.22661,41.959918,1592.3],[9.22666,41.959789,1595.7],[9.22659,41.959803,1595.6],[9.226355,41.959881,1602.3],[9.226114,41.959939,1607.3],[9.226093,41.95992,1608.6],[9.226255,41.959823,1609.6],[9.226316,41.959529,1616.9],[9.226288,41.959213,1613.8],[9.226258,41.959099,1611.9],[9.226119,41.95886,1610.7],[9.22615,41.958728,1607.6],[9.226084,41.958658,1609.5],[9.225944,41.957851,1611.9],[9.225991,41.957728,1607.3],[9.225959,41.957568,1611.5],[9.226,41.957501,1613.3],[9.225908,41.957479,1617.6],[9.225946,41.95699,1629.2],[9.226133,41.956748,1629.9],[9.226439,41.956574,1632.1],[9.226832,41.956486,1637.1],[9.226736,41.956403,1641],[9.22662,41.95639,1646.7],[9.226477,41.956418,1645.4],[9.226287,41.956409,1649.4],[9.22629,41.956331,1655.6],[9.226233,41.956297,1662.1],[9.226352,41.956207,1665],[9.22623,41.956125,1673.6],[9.226259,41.956046,1676.4],[9.226209,41.956029,1677],[9.226173,41.955984,1678.3],[9.226183,41.955935,1678.3],[9.226155,41.955891,1677.7],[9.226088,41.955851,1676.9],[9.226033,41.955777,1675.4],[9.225888,41.955681,1674.1],[9.225904,41.955585,1668.2],[9.225948,41.955543,1667.9],[9.225929,41.955502,1667.6],[9.225972,41.955447,1666],[9.225946,41.955326,1666.1],[9.225894,41.955252,1666.6],[9.225885,41.955198,1669],[9.226007,41.955131,1669.2],[9.226029,41.955074,1669.9],[9.226108,41.955003,1669.7],[9.226024,41.954796,1669.4],[9.225833,41.954666,1671.2],[9.225854,41.954476,1676.8],[9.225641,41.954247,1681.7],[9.225573,41.954364,1686.8],[9.225427,41.954153,1692],[9.225341,41.95403,1697.2],[9.225318,41.953792,1706.1],[9.225241,41.953724,1710.2],[9.225205,41.953811,1713],[9.225004,41.953603,1721.2],[9.224749,41.953434,1730.2],[9.224665,41.953591,1736.9],[9.224454,41.953436,1745.4],[9.224453,41.953679,1748.5],[9.224248,41.953462,1757.9],[9.2242,41.953748,1762.3],[9.224061,41.953534,1767.4],[9.224017,41.953367,1771.7],[9.223879,41.953534,1779.2],[9.223837,41.953848,1784.9],[9.223668,41.953672,1789.5],[9.223527,41.953606,1798.5],[9.223503,41.95344,1798.9],[9.223402,41.953046,1810.3],[9.223341,41.952918,1815.2],[9.223324,41.952795,1818.2],[9.223344,41.95263,1823.5],[9.223262,41.952681,1826],[9.223244,41.952652,1827.1],[9.223246,41.952581,1830.7],[9.223288,41.952539,1829.1],[9.223292,41.952504,1831.2],[9.223195,41.952531,1833.5],[9.223121,41.95252,1834.2],[9.223018,41.952437,1837.4],[9.223054,41.952414,1838],[9.223033,41.952364,1842.3],[9.223088,41.952328,1842.9],[9.222916,41.952164,1848],[9.222767,41.952019,1855.2],[9.222661,41.951987,1852.4],[9.222586,41.951946,1854.1],[9.222613,41.951921,1857.6],[9.22272,41.951923,1859.1],[9.222749,41.951905,1860.1],[9.222832,41.951906,1862.1],[9.222869,41.951923,1863.2],[9.22304,41.951933,1867.5],[9.223021,41.951841,1871.4],[9.223112,41.951829,1874.2],[9.222765,41.951587,1882.8],[9.223059,41.951587,1887.2],[9.223057,41.951571,1887.2],[9.222983,41.951504,1891.1],[9.222994,41.951479,1891.1],[9.223135,41.951469,1893],[9.223151,41.951436,1895],[9.223141,41.951369,1899],[9.223123,41.951311,1901.1],[9.222946,41.951153,1907.2],[9.222871,41.951113,1909.2],[9.222791,41.951093,1909.9],[9.222669,41.950981,1914.4],[9.222665,41.950795,1916.6],[9.222639,41.950688,1919.3],[9.222525,41.950597,1920.1],[9.222496,41.950552,1920.6],[9.222479,41.950482,1921.6],[9.222495,41.950382,1924.7],[9.222443,41.9503,1926.5],[9.222395,41.950197,1927.9],[9.222362,41.950124,1928.7],[9.222366,41.950035,1929.1],[9.222314,41.949825,1928.7],[9.222348,41.949739,1929],[9.222377,41.949533,1929.4],[9.222375,41.949413,1930],[9.222358,41.94931,1929.2],[9.222322,41.949229,1926.7],[9.222315,41.949118,1925.4],[9.222341,41.948946,1924.5],[9.22237,41.948898,1923.9],[9.222376,41.948643,1919.8],[9.222394,41.94853,1919.4],[9.222389,41.94849,1919.1],[9.222401,41.948459,1919],[9.222328,41.948346,1917.5],[9.222171,41.948217,1916.6],[9.222137,41.948204,1916.7],[9.222091,41.948169,1915.8],[9.22207,41.948127,1916.2],[9.222006,41.948096,1916.6],[9.221842,41.94795,1918.6],[9.221794,41.94793,1919.9],[9.221749,41.947881,1921.1],[9.221718,41.947802,1924.2],[9.221665,41.947736,1925.1],[9.221567,41.947625,1928.4],[9.221489,41.94758,1928.1],[9.221456,41.947445,1931.1],[9.221435,41.947424,1932.2],[9.221426,41.947338,1932.1],[9.221421,41.947283,1932.8],[9.221382,41.947138,1934.2],[9.221217,41.946934,1935.4],[9.22102,41.946803,1934.3],[9.220869,41.946732,1933.8],[9.220708,41.946631,1934.6],[9.220668,41.946583,1935.3],[9.220527,41.94645,1937.4],[9.220366,41.946395,1940.1],[9.220257,41.946308,1941.7],[9.220168,41.946143,1945.3],[9.220062,41.946053,1946.5],[9.220033,41.945943,1948.3],[9.220022,41.94589,1949.3],[9.219992,41.945814,1950.8],[9.220097,41.945778,1952.6],[9.220109,41.945752,1954],[9.22003,41.945532,1959],[9.219795,41.945219,1964.9],[9.219515,41.945004,1973.2],[9.219424,41.944946,1975.3],[9.219318,41.944865,1975.9],[9.219159,41.94482,1976.8],[9.219046,41.944731,1978.3],[9.219016,41.944719,1979.1],[9.218957,41.944651,1977.8],[9.218888,41.944604,1974.9],[9.218813,41.94459,1973.7],[9.218799,41.944602,1972.1],[9.218707,41.944609,1970.2],[9.218581,41.944588,1970.5],[9.218461,41.944585,1968.3],[9.218284,41.944542,1964.6],[9.218186,41.944547,1961.4],[9.218115,41.944518,1959.8],[9.217996,41.944285,1955],[9.217861,41.944198,1955.2],[9.217835,41.944131,1955.5],[9.217669,41.944048,1949.4],[9.217684,41.944025,1949.3],[9.217676,41.943933,1948.4],[9.217675,41.943869,1947.1],[9.217708,41.943821,1945.4],[9.217698,41.943789,1946.2],[9.217649,41.943757,1946.2],[9.217618,41.9437,1944.8],[9.217638,41.943677,1943.1],[9.217622,41.943644,1941.5],[9.217546,41.943635,1944.4],[9.217498,41.943615,1946],[9.21737,41.943616,1950.6],[9.217208,41.943364,1951.8],[9.217,41.943284,1952.2],[9.216881,41.943154,1948.6],[9.216693,41.943074,1945.4],[9.216622,41.942942,1941.8],[9.216378,41.942865,1941],[9.216252,41.942715,1943.1],[9.216036,41.942685,1944.7],[9.215968,41.942684,1942.4],[9.215844,41.942636,1941.4],[9.215783,41.942635,1940.6],[9.215399,41.942359,1943.7],[9.214918,41.94206,1940.9],[9.214812,41.941955,1940.5],[9.214797,41.941947,1940.5],[9.214525,41.941794,1938.3],[9.214377,41.941676,1936.4],[9.214325,41.941627,1935.5],[9.214246,41.941613,1935.5],[9.21406,41.941487,1932.4],[9.213999,41.941355,1931.8],[9.213789,41.941066,1931.7],[9.213756,41.940923,1928.8],[9.213517,41.940539,1926.8],[9.21347,41.940399,1926.4],[9.213291,41.940063,1928.9],[9.213283,41.939928,1929.4],[9.213348,41.939828,1932.4],[9.213391,41.939705,1935.5],[9.213387,41.939504,1937],[9.213031,41.939176,1933],[9.212852,41.938944,1931.2],[9.212703,41.938796,1929],[9.21244,41.93861,1924.8],[9.212124,41.938378,1917.5],[9.212037,41.938204,1911],[9.212057,41.938145,1909.4],[9.212035,41.938072,1906.8],[9.212094,41.937999,1904.5],[9.212131,41.937643,1892.6],[9.212104,41.937539,1890.8],[9.212029,41.937456,1889.4],[9.211981,41.937427,1888.5],[9.211974,41.937398,1888.5],[9.211998,41.937358,1886.1],[9.211972,41.937312,1885],[9.211934,41.937295,1884],[9.211798,41.937244,1884.9],[9.211758,41.937182,1884.6],[9.211631,41.93711,1882.6],[9.211438,41.937179,1880.6],[9.211098,41.937214,1876.1],[9.210924,41.937169,1872.6],[9.210868,41.937132,1872.5],[9.210713,41.937108,1870.7],[9.210618,41.937119,1868.9],[9.210458,41.937044,1864.3],[9.210296,41.936876,1857.9],[9.210086,41.936777,1851.4],[9.20992,41.936808,1849.5],[9.209483,41.936659,1839.6],[9.209384,41.936591,1837.5],[9.20916,41.936555,1832.9],[9.209084,41.936606,1833],[9.208945,41.936665,1833.8],[9.208794,41.936653,1831.1],[9.208694,41.936602,1828.7],[9.2085,41.936573,1824.6],[9.208362,41.936603,1824.4],[9.208159,41.936583,1821.8],[9.207961,41.936472,1815.1],[9.207893,41.936452,1814.6],[9.207883,41.936411,1812.8],[9.207832,41.936399,1810.7],[9.207823,41.93634,1808.7],[9.207748,41.936317,1808.4],[9.207557,41.936209,1801.1],[9.207534,41.936162,1799.4],[9.207349,41.936045,1792.5],[9.207389,41.935987,1791.4],[9.207261,41.935925,1785.9],[9.207148,41.93588,1781.9],[9.207016,41.935882,1778.1],[9.207019,41.935834,1776.4],[9.207075,41.93576,1775.9],[9.207039,41.935743,1772.8],[9.20709,41.935663,1770.1],[9.206962,41.935656,1766.7],[9.206997,41.935606,1766],[9.206948,41.935587,1764.9],[9.207008,41.935525,1762.3],[9.206989,41.935425,1759.1],[9.206841,41.935433,1755.7],[9.206662,41.935308,1749.1],[9.206488,41.935324,1746.6],[9.206281,41.935219,1742.6],[9.206251,41.935158,1741.5],[9.206155,41.935079,1740.1],[9.206021,41.935059,1739.8],[9.205945,41.935086,1740.4],[9.205852,41.935116,1739.1],[9.205896,41.935189,1740.5],[9.205864,41.935197,1740.5],[9.2058,41.935211,1740.8],[9.205704,41.935231,1740.9],[9.205551,41.935205,1742.1],[9.205475,41.93521,1742.6],[9.205332,41.935179,1743.5],[9.205271,41.935211,1747.3],[9.205066,41.935171,1752.6],[9.204838,41.935088,1756.4],[9.204714,41.935099,1759.9],[9.204626,41.935044,1760.7],[9.204499,41.93503,1763.4],[9.2044,41.934994,1763.7],[9.204303,41.934893,1763.8],[9.204207,41.934801,1765.2],[9.204167,41.934731,1765.8],[9.204097,41.934662,1765],[9.203972,41.934604,1768.8],[9.203949,41.93464,1770.7],[9.203873,41.934593,1773],[9.203827,41.934586,1775],[9.203796,41.934555,1774.9],[9.203728,41.934568,1778.7],[9.203623,41.934524,1781.7],[9.203641,41.934614,1784.2],[9.203535,41.934562,1787.3],[9.203508,41.934446,1784.4],[9.203416,41.934407,1787.7],[9.203369,41.93443,1789.7],[9.203325,41.934387,1789.7],[9.203368,41.934356,1788.1],[9.203318,41.934277,1787.9],[9.203293,41.934222,1787.5],[9.20328,41.934146,1789.2],[9.203267,41.934055,1788.6],[9.203228,41.933998,1786],[9.20311,41.933951,1785],[9.203055,41.933919,1784.5],[9.203038,41.933851,1783.9],[9.20296,41.933746,1785.1],[9.202879,41.933641,1785.8],[9.202832,41.93363,1785.9],[9.20276,41.933556,1781.5],[9.202643,41.933534,1781.3],[9.202568,41.933539,1780.4],[9.20256,41.933436,1773],[9.202507,41.933362,1772.9],[9.202505,41.933323,1771.8],[9.202462,41.933334,1772.1],[9.20239,41.933315,1772.1],[9.202368,41.933248,1769.8],[9.202326,41.93321,1769],[9.202413,41.933144,1766.7],[9.202424,41.933077,1761.6],[9.202464,41.933075,1761.6],[9.202443,41.932886,1754.2],[9.202243,41.932793,1754.3],[9.202254,41.932723,1750],[9.201986,41.932542,1752.1],[9.201948,41.932465,1750.5],[9.201873,41.932407,1749.4],[9.201817,41.932404,1752.8],[9.201795,41.932375,1752.8],[9.2017,41.932293,1752.1],[9.201608,41.932279,1752],[9.201454,41.932234,1753.6],[9.201361,41.932151,1752.3],[9.201263,41.932085,1750.6],[9.201254,41.932051,1749.5],[9.201208,41.932045,1748.3],[9.201147,41.932002,1746.1],[9.201108,41.931996,1745.9],[9.201083,41.931959,1744],[9.201041,41.931934,1742.3],[9.200993,41.931904,1742.7],[9.200922,41.931857,1739.5],[9.200911,41.93176,1735.9],[9.200905,41.931704,1734.7],[9.20087,41.931668,1733.8],[9.200891,41.931607,1730.2],[9.20087,41.931593,1728.6],[9.200881,41.931567,1727.7],[9.200809,41.931534,1728.3],[9.200773,41.931495,1728.5],[9.200706,41.931454,1731.9],[9.200575,41.931273,1737.9],[9.200542,41.931241,1736.8],[9.200439,41.931232,1737.5],[9.200369,41.931163,1738],[9.200326,41.931089,1739.7],[9.200321,41.931031,1739],[9.200332,41.930981,1738.2],[9.200272,41.930852,1740.8],[9.200247,41.930776,1737.9],[9.200194,41.930751,1739.6],[9.200148,41.93064,1738.7],[9.200078,41.930591,1738.3],[9.199957,41.930594,1740.4],[9.199914,41.930546,1739.8],[9.19993,41.930487,1738.2],[9.19991,41.930442,1736.3],[9.199811,41.930377,1734.4],[9.199712,41.930329,1738.5],[9.199687,41.930285,1737.3],[9.1996,41.930276,1740.6],[9.199498,41.93016,1743],[9.199501,41.930093,1739.9],[9.199406,41.93003,1738.7],[9.199272,41.930023,1737.3],[9.19925,41.929959,1734.6],[9.199064,41.929845,1736.7],[9.19894,41.929929,1737.2],[9.19889,41.929887,1740.8],[9.198847,41.9298,1743.2],[9.198787,41.929773,1744.2],[9.198793,41.929673,1742.9],[9.198699,41.929585,1741.4],[9.198642,41.929598,1742.1],[9.198425,41.929487,1740.4],[9.198369,41.929423,1741.7],[9.198276,41.929407,1744],[9.198214,41.929378,1745],[9.198141,41.929231,1747.8],[9.198075,41.929199,1749],[9.19801,41.929094,1749.7],[9.197958,41.928986,1752.1],[9.197756,41.928768,1754.4],[9.19773,41.928689,1753.9],[9.197635,41.928674,1756.3],[9.197595,41.928569,1754.3],[9.197494,41.928482,1753],[9.197434,41.92841,1750.7],[9.197368,41.928426,1754.4],[9.197252,41.928327,1748.2],[9.197145,41.928276,1748.2],[9.196959,41.928218,1753],[9.196916,41.928228,1754.6],[9.196791,41.928117,1753.5],[9.196726,41.928122,1756.7],[9.196614,41.92806,1756.5],[9.196478,41.92801,1758.5],[9.196388,41.927819,1760.7],[9.196259,41.927735,1763.6],[9.196209,41.927672,1765.1],[9.196179,41.927593,1767.8],[9.196203,41.927526,1767.7],[9.196238,41.927483,1768.7],[9.196188,41.927423,1771],[9.196194,41.927366,1770.5],[9.196091,41.92726,1768.1],[9.196013,41.927176,1771.1],[9.195751,41.926924,1772.2],[9.195647,41.926797,1774.6],[9.195587,41.926652,1775.4],[9.195582,41.926427,1778.8],[9.195379,41.926267,1779.4],[9.194927,41.926243,1784],[9.19469,41.926175,1783.7],[9.194549,41.926058,1783.9],[9.194365,41.925961,1785.3],[9.194231,41.925834,1787.5],[9.194113,41.925585,1791.9],[9.194036,41.925528,1794.2],[9.193863,41.925334,1798.3],[9.193781,41.925265,1800],[9.193723,41.925252,1800.3],[9.193701,41.925189,1801],[9.193589,41.92508,1802],[9.193478,41.924993,1803.5],[9.193323,41.924909,1803.4],[9.193149,41.924761,1803.9],[9.19311,41.924625,1804.2],[9.193036,41.9245,1803],[9.192813,41.924613,1797.6],[9.192344,41.924287,1799.1],[9.192325,41.924209,1803.2],[9.192263,41.924161,1804.3],[9.192257,41.924083,1807.7],[9.192158,41.923972,1806.1],[9.192002,41.92394,1803.8],[9.191889,41.923855,1800.8],[9.19172,41.923655,1799.2],[9.191717,41.923608,1798.2],[9.191662,41.923549,1799.1],[9.19156,41.923378,1800.8],[9.19148,41.923242,1801.1],[9.191347,41.923101,1806.4],[9.191201,41.923011,1804.7],[9.191068,41.923032,1806.5],[9.190952,41.922954,1804.8],[9.19067,41.922891,1802.9],[9.190447,41.922587,1801.4],[9.190331,41.922439,1803.2],[9.190284,41.922338,1803.6],[9.190362,41.922058,1813.7],[9.190304,41.921987,1815.3],[9.190228,41.921963,1817.7],[9.190121,41.921853,1823],[9.189944,41.921783,1825.1],[9.189821,41.921632,1828.1],[9.189675,41.921558,1827.6],[9.18962,41.921548,1829.3],[9.189553,41.921485,1830.7],[9.189515,41.921395,1832.6],[9.189342,41.921288,1833.5],[9.188976,41.9211,1827],[9.188777,41.921126,1818.8],[9.188544,41.92106,1817.5],[9.187951,41.920951,1815.5],[9.187617,41.920796,1815.4],[9.187526,41.920697,1818.8],[9.187457,41.92066,1820.4],[9.187431,41.920589,1822.8],[9.187269,41.920403,1823.8],[9.186921,41.920311,1825.1],[9.186877,41.920313,1824.2],[9.186829,41.920244,1823.6],[9.18658,41.920091,1823.2],[9.186448,41.920029,1822.7],[9.186322,41.919724,1809.5],[9.186317,41.919635,1809.2],[9.186313,41.91951,1805.8],[9.186194,41.919256,1806.3],[9.185988,41.919336,1818.3],[9.185943,41.919293,1822.9],[9.185916,41.919102,1826.8],[9.185868,41.918962,1824.2],[9.185785,41.918838,1820.1],[9.185685,41.918752,1820.2],[9.185621,41.918762,1821.6],[9.185501,41.918644,1822.3],[9.185297,41.918565,1827.8],[9.185136,41.918376,1822.3],[9.184965,41.918369,1821.4],[9.184815,41.918283,1818.2],[9.184704,41.918032,1812.8],[9.18464,41.917909,1810.5],[9.184582,41.91768,1804.5],[9.184551,41.917592,1803.3],[9.184546,41.917491,1802],[9.184499,41.917301,1801.7],[9.184513,41.917112,1800.4],[9.184466,41.916988,1798.9],[9.184295,41.916721,1796.3],[9.184289,41.916655,1793.9],[9.184257,41.916637,1795.8],[9.184244,41.916467,1791.7],[9.184217,41.916404,1792.7],[9.184183,41.916293,1790.8],[9.184068,41.916119,1789.1],[9.184016,41.915942,1786.3],[9.183946,41.915855,1788.1],[9.183838,41.915749,1791.4],[9.183661,41.915524,1793.2],[9.183322,41.91532,1794.9],[9.18315,41.915304,1801.7],[9.183081,41.915268,1801.9],[9.18305,41.915291,1807.1],[9.182809,41.915265,1808.9],[9.182641,41.915198,1808.3],[9.18238,41.915047,1802.1],[9.182089,41.914889,1797.9],[9.182023,41.914823,1796.1],[9.181836,41.914805,1791.6],[9.181698,41.914759,1789.5],[9.181554,41.914766,1785],[9.181353,41.914634,1782.4],[9.181178,41.914669,1771.7],[9.181005,41.914518,1760.5],[9.18078,41.914268,1757.8],[9.18067,41.914074,1759.3],[9.180612,41.913981,1757.6],[9.18055,41.913955,1756.8],[9.180533,41.913903,1755.9],[9.180481,41.913837,1755],[9.180352,41.913753,1751.2],[9.180258,41.9135,1748],[9.180242,41.913345,1746.5],[9.180157,41.913324,1744.4],[9.180067,41.913211,1741.3],[9.179935,41.91312,1737.8],[9.179892,41.913037,1736.7],[9.17968,41.912934,1733.2],[9.179676,41.912863,1731.9],[9.17959,41.912816,1730.2],[9.179505,41.912749,1727.8],[9.179543,41.912705,1728.2],[9.179526,41.9126,1727.1],[9.179362,41.912677,1724.7],[9.179252,41.912507,1720],[9.179158,41.912511,1716.9],[9.179133,41.912426,1715.7],[9.179038,41.912364,1712.4],[9.179023,41.912271,1710.3],[9.178891,41.91209,1704.1],[9.178828,41.912107,1703],[9.178729,41.911956,1697.3],[9.178716,41.911911,1696.5],[9.178614,41.91191,1694.9],[9.178563,41.911724,1691.6],[9.178441,41.911658,1690.3],[9.178285,41.91147,1688.9],[9.178183,41.911337,1687.7],[9.178164,41.911207,1686.4],[9.178121,41.911163,1686.1],[9.178025,41.91113,1686.4],[9.177929,41.91098,1685.8],[9.17766,41.910757,1686.5],[9.177561,41.910715,1686.4],[9.177224,41.910646,1685.3],[9.176501,41.910815,1679.2],[9.176162,41.910786,1675.7],[9.176061,41.910731,1672.8],[9.175733,41.910495,1664.5],[9.175693,41.910379,1660],[9.175678,41.910289,1657.2],[9.175683,41.910144,1653.6],[9.17565,41.910047,1652.4],[9.175704,41.909669,1647.2],[9.175766,41.909628,1646.8],[9.175778,41.909508,1646.5],[9.175864,41.909368,1645.7],[9.175979,41.909202,1644.6],[9.176194,41.909101,1643.8],[9.176221,41.90884,1640.9],[9.176414,41.908596,1634.3],[9.176764,41.908529,1628.4],[9.17679,41.908459,1624.5],[9.177196,41.908437,1617.6],[9.177618,41.908293,1607.6],[9.177685,41.908276,1605.2],[9.177787,41.908299,1605.6],[9.177903,41.908278,1603],[9.177888,41.908209,1601.7],[9.177647,41.908106,1600.6],[9.177609,41.907993,1598.6],[9.17734,41.907861,1597.2],[9.177384,41.907778,1595.2],[9.177395,41.907645,1590.9],[9.177356,41.907496,1588.5],[9.177271,41.907358,1586.8],[9.177123,41.907205,1584.4],[9.177116,41.907075,1582.4],[9.17708,41.906975,1581.8],[9.177096,41.906814,1579.6],[9.177026,41.9067,1578.1],[9.177007,41.906581,1577.5],[9.17695,41.906521,1576.8],[9.176891,41.906208,1574.3],[9.176978,41.906038,1572.4],[9.177056,41.905922,1571.3],[9.177094,41.905766,1570.5],[9.176994,41.905717,1570.8],[9.176817,41.905769,1569.8],[9.17658,41.905688,1568.2],[9.176431,41.905564,1566],[9.176073,41.905446,1562.2],[9.176006,41.905478,1561.2],[9.175622,41.905337,1557],[9.175411,41.90529,1554.1],[9.17514,41.905294,1549.9],[9.174548,41.905172,1544.5],[9.174387,41.904986,1542.8],[9.174146,41.904891,1538.1],[9.173922,41.904627,1532.2],[9.173586,41.9042,1524.4],[9.173339,41.90405,1518.8],[9.172785,41.903853,1504],[9.172726,41.903952,1502.7],[9.172658,41.90395,1502.5],[9.172591,41.903888,1501],[9.17237,41.903851,1501.8],[9.17237,41.903775,1499.8],[9.172224,41.90365,1500.8],[9.17211,41.903374,1496.7],[9.171831,41.903228,1497.1],[9.171738,41.90312,1495.8],[9.171535,41.903059,1496.1],[9.17123,41.903093,1498.6],[9.171074,41.90298,1496.5],[9.170781,41.902918,1494.4],[9.17046,41.902706,1486.9],[9.170238,41.902516,1481.4],[9.169994,41.902363,1476.3],[9.169613,41.902203,1471.4],[9.169056,41.902055,1465.5],[9.16895,41.901993,1463.7],[9.168618,41.901964,1460.4],[9.168436,41.901807,1453.3],[9.168035,41.901625,1448.5],[9.167454,41.901477,1446.9],[9.166972,41.901456,1445.7],[9.166536,41.901482,1438.7],[9.165816,41.901479,1428.4],[9.165793,41.901019,1417.4],[9.165862,41.900898,1413.9],[9.165774,41.900794,1411.8],[9.165697,41.900553,1408],[9.165438,41.900441,1406.1],[9.165282,41.90033,1403.7],[9.165124,41.900334,1402.1],[9.165055,41.900274,1402.1],[9.164918,41.90027,1400.7],[9.164861,41.900162,1398.9],[9.164734,41.900137,1396.7],[9.164717,41.899943,1394.1],[9.164675,41.899886,1393],[9.164628,41.899887,1392.6],[9.164604,41.899809,1390.5],[9.164483,41.899824,1389.1],[9.164315,41.89967,1387.1],[9.164252,41.899659,1385.9],[9.164205,41.899606,1384.9],[9.164189,41.899552,1384.4],[9.164131,41.899527,1383],[9.16401,41.899415,1380.1],[9.164005,41.899204,1376.6],[9.163927,41.899134,1375],[9.163819,41.898995,1374.2],[9.163771,41.898952,1374.4],[9.1637,41.898789,1375.8],[9.163619,41.898761,1375.8],[9.163496,41.898674,1376],[9.163329,41.898638,1375.8],[9.163159,41.898534,1376.6],[9.162954,41.898356,1379.3],[9.162838,41.898317,1381],[9.162775,41.898324,1381.3],[9.162447,41.898174,1380.3],[9.161937,41.897974,1377.8],[9.161774,41.89783,1376.4],[9.161733,41.897531,1376.7],[9.161806,41.897238,1377.2],[9.161715,41.897126,1378],[9.161713,41.897051,1377.5],[9.161428,41.89682,1373.8],[9.161314,41.896807,1373.6],[9.161015,41.896644,1369.2],[9.160904,41.896531,1365.2],[9.160924,41.89624,1360.9],[9.160759,41.896312,1357.9],[9.160564,41.896264,1354.4],[9.160431,41.895976,1347.6],[9.160259,41.895883,1345.9],[9.160178,41.89589,1345.3],[9.160096,41.895763,1343.7],[9.159927,41.895707,1341.7],[9.159795,41.895432,1340.3],[9.159693,41.895181,1338.5],[9.159702,41.895044,1338.2],[9.159635,41.894933,1337.3],[9.159616,41.894793,1337.1],[9.159657,41.894712,1337.3],[9.15977,41.894591,1336.4],[9.159819,41.894494,1336.2],[9.159796,41.89427,1334.5],[9.15975,41.894134,1334.1],[9.159612,41.894035,1333.2],[9.159476,41.893997,1331.8],[9.159384,41.893863,1330.5],[9.159372,41.893675,1328.2],[9.15946,41.893544,1326.5],[9.159427,41.893319,1324.8],[9.159357,41.893174,1322.5],[9.159071,41.893004,1318.1],[9.15898,41.892888,1316.7],[9.158916,41.892736,1313.1],[9.15899,41.892683,1311.2],[9.158932,41.892474,1305.4],[9.158921,41.892366,1299.7],[9.159005,41.892294,1298.5],[9.159061,41.892235,1297.7],[9.159033,41.892192,1297.9],[9.158996,41.892166,1297.9],[9.158913,41.89219,1297.9],[9.158885,41.892061,1300.1],[9.158717,41.8919,1303],[9.158575,41.891805,1306.1],[9.158535,41.891689,1305.9],[9.158287,41.891429,1304.3],[9.158202,41.890988,1304.9],[9.158033,41.890746,1308.7],[9.158004,41.890462,1308.8],[9.157773,41.890119,1309.4],[9.157445,41.889944,1312.8],[9.157236,41.889681,1310.7],[9.157092,41.889642,1312],[9.156903,41.889517,1311.9],[9.15671,41.889336,1312.9],[9.15655,41.889174,1311.8],[9.156371,41.889062,1311.5],[9.156236,41.888958,1311.3],[9.156094,41.888909,1312.6],[9.156069,41.888805,1311.4],[9.155962,41.888649,1312.6],[9.155835,41.888467,1315.7],[9.155752,41.888271,1317.1],[9.15556,41.888091,1319.6],[9.155488,41.887982,1318.6],[9.155178,41.888015,1325.5],[9.154898,41.887966,1329],[9.154533,41.887988,1336.7],[9.154418,41.887827,1338.7],[9.154307,41.887675,1340],[9.154093,41.887589,1339.8],[9.153668,41.887547,1341.1],[9.153399,41.887563,1343.9],[9.153219,41.887496,1344.6],[9.152811,41.887375,1346.7],[9.152376,41.887354,1347.3],[9.152212,41.887393,1346.8],[9.151905,41.887339,1345.6],[9.151713,41.88737,1344.1],[9.151338,41.887551,1340.7],[9.151189,41.887544,1339.1],[9.151025,41.8876,1337],[9.150903,41.887684,1335.5],[9.150757,41.887725,1334.6],[9.150337,41.887786,1330.8],[9.150173,41.887797,1329.3],[9.150042,41.887774,1328.1],[9.149882,41.88767,1326.7],[9.149824,41.887657,1326.1],[9.149607,41.887389,1325.1],[9.149419,41.887066,1321.8],[9.149275,41.887049,1322.6],[9.149004,41.887102,1321.2],[9.148781,41.88712,1321.3],[9.148538,41.887206,1320.1],[9.148232,41.887279,1318],[9.148036,41.887385,1316.7],[9.147761,41.887456,1316.1],[9.14764,41.88745,1315.3],[9.147489,41.887395,1313.4],[9.147385,41.887317,1312.8],[9.147228,41.887175,1312.5],[9.14718,41.887098,1312.1],[9.147149,41.886901,1312],[9.147144,41.886584,1310.4],[9.146828,41.885937,1310],[9.146827,41.885848,1310.3],[9.146906,41.885688,1310.8],[9.146902,41.885564,1310.7],[9.146783,41.885368,1309.8],[9.146765,41.885311,1310],[9.146751,41.885301,1309.6],[9.14666,41.885196,1312.7],[9.146491,41.885172,1312.5],[9.146202,41.885098,1312.9],[9.146048,41.885046,1312.3],[9.145819,41.884953,1312],[9.145709,41.884922,1312.3],[9.14563,41.884825,1314.2],[9.145428,41.884738,1314.6],[9.145214,41.884718,1314.4],[9.145156,41.884671,1315.2],[9.144931,41.884682,1315.4],[9.144895,41.884647,1315.3],[9.144796,41.884548,1318.3],[9.144908,41.884416,1321.8],[9.144786,41.884335,1325],[9.14477,41.884216,1328.7],[9.144694,41.88412,1332],[9.144754,41.884034,1334.5],[9.144642,41.883976,1335.4],[9.144504,41.883791,1338.7],[9.14448,41.883716,1339.3],[9.144499,41.883537,1339],[9.144544,41.883379,1341],[9.144517,41.883317,1340.3],[9.144516,41.883167,1341.6],[9.144554,41.883036,1342.3],[9.144627,41.882909,1344.1],[9.144625,41.882814,1344],[9.144687,41.882705,1344.4],[9.144931,41.882437,1343.3],[9.144997,41.882397,1342.6],[9.145095,41.882365,1342.4],[9.145165,41.882214,1342],[9.145152,41.882123,1341.4],[9.145196,41.882045,1341.5],[9.145192,41.88194,1340.8],[9.145276,41.881817,1341.5],[9.145318,41.881732,1341.9],[9.145283,41.881611,1340.8],[9.14546,41.881361,1337.5],[9.145448,41.881323,1336.6],[9.145473,41.881244,1336.3],[9.14544,41.881124,1338],[9.145305,41.881052,1336],[9.145287,41.880995,1335.4],[9.145231,41.880954,1334.6],[9.145155,41.880763,1333.1],[9.145086,41.880573,1333.1],[9.144931,41.880326,1333.1],[9.144849,41.88022,1331.5],[9.144849,41.880166,1332],[9.14491,41.880067,1334],[9.1451,41.879858,1338.7],[9.145345,41.879468,1341.2],[9.145402,41.879129,1344],[9.145523,41.878951,1346.5],[9.145701,41.87885,1347.3],[9.145781,41.878608,1346.5],[9.14602,41.878583,1346.6],[9.146225,41.878633,1345.8],[9.146453,41.878657,1347],[9.147216,41.878588,1351.5],[9.147865,41.87844,1354.4],[9.148015,41.87843,1355.7],[9.14842,41.878325,1355.4],[9.148661,41.878148,1358.5],[9.148766,41.878079,1359.2],[9.148882,41.877961,1360.6],[9.149103,41.87789,1362.5],[9.149262,41.877865,1365.3],[9.149324,41.877762,1366],[9.149342,41.87769,1367.2],[9.149552,41.877524,1371.2],[9.149602,41.877482,1372.7],[9.14954,41.877296,1375.5],[9.149672,41.877186,1380.4],[9.149714,41.877013,1383.5],[9.149662,41.876707,1387.5],[9.149573,41.876675,1386],[9.149522,41.876586,1387.8],[9.14967,41.876493,1391.9],[9.149586,41.876331,1396],[9.149882,41.876,1405.3],[9.150112,41.875965,1407.1],[9.150207,41.875834,1408.1],[9.150329,41.875502,1412.3],[9.150328,41.875347,1413.1],[9.150238,41.875216,1413.4],[9.150528,41.875059,1406.6],[9.150702,41.87497,1407.5],[9.151007,41.874986,1409.1],[9.151148,41.874927,1408],[9.151701,41.874486,1411.2],[9.151856,41.874314,1412.5],[9.152043,41.874161,1413.2],[9.152208,41.874078,1412.4],[9.152521,41.873823,1410.5],[9.152855,41.873634,1409.8],[9.153097,41.87353,1408.7],[9.153216,41.873494,1408.3],[9.154614,41.87299,1416.9],[9.155137,41.872849,1422.1],[9.155655,41.872815,1422.4],[9.155843,41.872785,1422.9],[9.15606,41.872696,1424],[9.156162,41.872591,1424.7],[9.156198,41.872423,1426],[9.156156,41.872291,1426],[9.156071,41.872116,1425],[9.156051,41.872,1423.7],[9.156071,41.871815,1422.8],[9.156119,41.871684,1420.9],[9.156127,41.871607,1420.8],[9.156036,41.871276,1419.4],[9.156004,41.871073,1418.4],[9.156032,41.870806,1417.7],[9.156017,41.870649,1417.6],[9.156082,41.870446,1417.4],[9.156071,41.870323,1416.5],[9.156055,41.870242,1416.1],[9.156001,41.87007,1416.8],[9.155867,41.869703,1418.9],[9.155817,41.869504,1419.3],[9.155777,41.869206,1420.1],[9.155792,41.869065,1420.6],[9.155873,41.868951,1421.4],[9.15593,41.868928,1421.3],[9.156025,41.868823,1421.1],[9.156133,41.868663,1421.4],[9.156197,41.868416,1421.3],[9.156202,41.868187,1422.1],[9.156152,41.867946,1423],[9.156151,41.867737,1424.2],[9.156263,41.86754,1424.6],[9.156432,41.867337,1424.1],[9.156799,41.867145,1425.1],[9.157318,41.866776,1426.2],[9.157578,41.866561,1426.4],[9.157847,41.866394,1426.4],[9.157885,41.866014,1427.2],[9.157829,41.865814,1426.1],[9.157608,41.865374,1427.7],[9.157611,41.865142,1428.2],[9.157811,41.864637,1431.6],[9.15819,41.863987,1433.4],[9.158277,41.863776,1434.8],[9.158158,41.863354,1433.6],[9.15831,41.862609,1436.4],[9.158355,41.862422,1437.7],[9.158474,41.862195,1438.3],[9.158603,41.862106,1439.2],[9.158781,41.861996,1439.8],[9.159019,41.861958,1440.1],[9.159371,41.862003,1441],[9.159771,41.862033,1442.3],[9.159922,41.862071,1442.5],[9.160254,41.862293,1447.4],[9.160481,41.862403,1449.7],[9.160835,41.862468,1449.2],[9.161126,41.862583,1449.8],[9.161469,41.86267,1448.9],[9.161606,41.862615,1449.3],[9.161884,41.862398,1453.2],[9.16224,41.861913,1452.7],[9.162474,41.861671,1454.1],[9.162975,41.861711,1449],[9.163045,41.86168,1447.3],[9.163142,41.861511,1450.1],[9.163564,41.861112,1459],[9.163878,41.861126,1464.8],[9.164136,41.861124,1469.4],[9.164276,41.861038,1471.1],[9.164304,41.860816,1470.2],[9.16424,41.860676,1469.3],[9.164281,41.860454,1473.1],[9.164266,41.859842,1469.8],[9.164363,41.859578,1471.9],[9.164483,41.859494,1472.5],[9.16449,41.85941,1473.7],[9.164358,41.859283,1472.4],[9.164365,41.859023,1472.5],[9.164628,41.858743,1479.2],[9.165073,41.858571,1487.8],[9.165217,41.858394,1492.2],[9.165078,41.858227,1488.8],[9.165048,41.858092,1488.8],[9.164962,41.858014,1488.7],[9.164972,41.857826,1492.1],[9.164755,41.857449,1501.1],[9.164666,41.857136,1508.6],[9.164744,41.856942,1512.5],[9.164892,41.8569,1514],[9.164955,41.856724,1516.8],[9.165177,41.856563,1520.4],[9.165275,41.856536,1521.8],[9.165338,41.856428,1522.3],[9.165504,41.856349,1525.3],[9.165681,41.856322,1528],[9.165788,41.856271,1529.2],[9.165954,41.856249,1529.2],[9.165893,41.856027,1532.8],[9.165846,41.855953,1534.2],[9.165892,41.855755,1539.4],[9.165905,41.855571,1543.2],[9.165927,41.855528,1543.8],[9.165994,41.855446,1543.9],[9.166012,41.855261,1545.1],[9.166104,41.855209,1545.1],[9.166123,41.855055,1547.5],[9.166226,41.854926,1550],[9.166343,41.854798,1553.3],[9.166422,41.854645,1557.5],[9.166519,41.854564,1559.9],[9.166438,41.85438,1561.9],[9.166399,41.854167,1564.2],[9.166377,41.853556,1570.6],[9.16639,41.853391,1572],[9.166336,41.852807,1576.8],[9.166491,41.852451,1579.7],[9.166565,41.852036,1583.7],[9.166685,41.851822,1586],[9.166709,41.851656,1586],[9.166821,41.851324,1589.6],[9.16692,41.8512,1591],[9.166998,41.851155,1592.5],[9.167438,41.8509,1597.4],[9.167587,41.850903,1598],[9.167838,41.851038,1600],[9.168169,41.85115,1603.9],[9.168511,41.851219,1607.3],[9.168843,41.851291,1610.2],[9.169326,41.851698,1617],[9.169578,41.851823,1618.6],[9.169674,41.851851,1618],[9.16979,41.851794,1618.5],[9.169918,41.851601,1619.2],[9.170004,41.851507,1620.4],[9.170167,41.851457,1621.2],[9.170543,41.851439,1623.4],[9.170802,41.851475,1623.9],[9.17096,41.851566,1624.1],[9.171034,41.851674,1624.3],[9.171015,41.851803,1626.4],[9.171063,41.851934,1628.7],[9.171015,41.851967,1630.3],[9.170946,41.851972,1632.5],[9.170895,41.852061,1635.4],[9.170966,41.852151,1636.8],[9.171135,41.852287,1639],[9.171143,41.852349,1640.7],[9.171199,41.852399,1641.7],[9.17134,41.852431,1643.5],[9.171445,41.852596,1648],[9.17151,41.852586,1647.5],[9.171655,41.852604,1649.8],[9.171885,41.852518,1651.8],[9.171914,41.852486,1652.2],[9.172038,41.852528,1654.9],[9.17213,41.852603,1658.9],[9.172238,41.852559,1660.1],[9.172317,41.852472,1661],[9.17234,41.852432,1661.3],[9.172527,41.852377,1664.1],[9.172714,41.852384,1667.8],[9.172607,41.852032,1665.2],[9.172683,41.851932,1666.6],[9.172811,41.851844,1668.2],[9.173051,41.851815,1668.8],[9.173187,41.851776,1669.5],[9.173329,41.851672,1668.7],[9.173389,41.851569,1667.6],[9.173561,41.851552,1669.9],[9.1736,41.85149,1669.5],[9.173758,41.85149,1671.9],[9.173928,41.851417,1671.7],[9.174148,41.851393,1672.9],[9.174386,41.851267,1674.8],[9.17453,41.851301,1675.2],[9.174724,41.851291,1675.8],[9.174885,41.85121,1677.1],[9.175107,41.851141,1677.6],[9.175486,41.85093,1680.7],[9.175651,41.850895,1682.9],[9.17572,41.850811,1684],[9.175832,41.850807,1686.7],[9.175934,41.850816,1688.1],[9.175964,41.850779,1688.7],[9.176545,41.85069,1694.9],[9.17677,41.850526,1698.7],[9.177315,41.850239,1705],[9.177502,41.850188,1707.9],[9.177792,41.849989,1712.9],[9.177922,41.849921,1713.6],[9.177988,41.849669,1713.1],[9.177967,41.84943,1712.9],[9.177992,41.849277,1714.6],[9.178049,41.849147,1714.1],[9.17803,41.848961,1715.2],[9.177993,41.848878,1716.1],[9.178001,41.848384,1720.1],[9.177886,41.848096,1722.1],[9.177799,41.847966,1723.5],[9.177741,41.847656,1724.3],[9.17766,41.847413,1725.2],[9.177442,41.847074,1726.2],[9.177428,41.846798,1727.4],[9.177301,41.846456,1727],[9.17725,41.846376,1727],[9.177272,41.846195,1727.3],[9.17709,41.845831,1726.3],[9.177041,41.845478,1724.1],[9.17708,41.845326,1723.6],[9.177073,41.845064,1724.8],[9.177041,41.84497,1725.8],[9.177034,41.84475,1727.5],[9.176996,41.844617,1728.1],[9.17704,41.844469,1728.8],[9.177079,41.8444,1729],[9.177073,41.84431,1729.6],[9.177112,41.844209,1730.5],[9.177133,41.844002,1732.4],[9.177103,41.843912,1733.7],[9.177115,41.843769,1735.2],[9.17715,41.843685,1736.4],[9.177115,41.843322,1741.5],[9.177155,41.84317,1743.7],[9.177247,41.843018,1745.1],[9.177544,41.842706,1745.1],[9.177652,41.842444,1747.2],[9.177737,41.842388,1745.4],[9.177969,41.842023,1744.6],[9.178008,41.841778,1746.9],[9.177912,41.841704,1748.2],[9.177863,41.841488,1751],[9.178112,41.841347,1753.9],[9.178302,41.841322,1756.1],[9.178803,41.841358,1760.1],[9.179293,41.841396,1761.7],[9.179531,41.841389,1762.1],[9.179994,41.841194,1759.5],[9.180184,41.841164,1760.9],[9.180649,41.841273,1765.5],[9.18095,41.841294,1766.7],[9.18118,41.841175,1763.2],[9.181234,41.841073,1762],[9.181345,41.841013,1760],[9.181415,41.840912,1759.5],[9.181618,41.840786,1755.7],[9.181795,41.840758,1752.3],[9.181869,41.840688,1752.7],[9.182168,41.840569,1751.5],[9.182462,41.84053,1745.2],[9.182631,41.840404,1745.2],[9.182784,41.840254,1744.8],[9.183004,41.840192,1743.8],[9.183153,41.840171,1744.8],[9.183208,41.840138,1746.7],[9.183307,41.84015,1746.4],[9.18344,41.84013,1748.5],[9.183607,41.840112,1749.2],[9.183919,41.840192,1750.7],[9.18409,41.840319,1750.2],[9.184464,41.840485,1752.8],[9.184646,41.84048,1754.2],[9.184787,41.840495,1755.1],[9.184981,41.84055,1755.2],[9.185105,41.840562,1755.5],[9.185292,41.840595,1753.8],[9.185615,41.840654,1751.9],[9.185848,41.840702,1748.4],[9.186017,41.840646,1752.3],[9.186485,41.840738,1751.6],[9.186603,41.840738,1752.5],[9.186675,41.840762,1751.5],[9.187037,41.840823,1754],[9.187164,41.840887,1752.6],[9.187207,41.840952,1751.8],[9.187548,41.841176,1754.7],[9.187745,41.841283,1757.4],[9.187887,41.841445,1759.2],[9.187981,41.841463,1761.3],[9.188156,41.841347,1767],[9.188373,41.841268,1771.9],[9.188515,41.84119,1775.5],[9.188594,41.841218,1775.6],[9.18875,41.841335,1775.6],[9.188951,41.841351,1779.1],[9.189159,41.841483,1780.1],[9.189285,41.841472,1784],[9.189352,41.841443,1785.3],[9.189473,41.841451,1787.1],[9.189601,41.841422,1790.4],[9.189614,41.841309,1792.9],[9.18967,41.841231,1796.5],[9.189719,41.841189,1799.1],[9.189786,41.841179,1801],[9.189858,41.841108,1807.1],[9.19011,41.841064,1812.2],[9.190264,41.841145,1810.6],[9.190635,41.841097,1824.6],[9.190712,41.841051,1829],[9.190788,41.841053,1830.3],[9.190864,41.841076,1832.8],[9.19099,41.841091,1833.7],[9.191077,41.841136,1833.2],[9.191193,41.841121,1835.1],[9.191336,41.841188,1835],[9.191323,41.841238,1835.1],[9.191357,41.841252,1836.1],[9.191412,41.841233,1837.1],[9.191506,41.841291,1839.8],[9.191681,41.841336,1844.5],[9.191868,41.84152,1851.8],[9.191949,41.841524,1852.5],[9.192037,41.841592,1854],[9.192215,41.841654,1856.6],[9.19244,41.841723,1859.3],[9.192838,41.841828,1863.7],[9.192933,41.841893,1864.7],[9.192949,41.841927,1864.8],[9.193213,41.842047,1866.2],[9.193259,41.842188,1866.1],[9.193422,41.842262,1868.8],[9.193487,41.842369,1869.5],[9.193622,41.842496,1871.3],[9.193656,41.842622,1871.2],[9.193807,41.842734,1873.9],[9.193897,41.843024,1873.1],[9.193997,41.843151,1874.8],[9.194049,41.843284,1876.1],[9.194117,41.843344,1877.6],[9.194395,41.84352,1882.2],[9.194425,41.843594,1883.9],[9.194501,41.843647,1885.4],[9.194708,41.843639,1888.8],[9.194831,41.843617,1891.3],[9.194985,41.8437,1893.3],[9.19516,41.843895,1894.6],[9.195646,41.844115,1898.7],[9.196002,41.84431,1899],[9.196138,41.844328,1900.7],[9.1962,41.844353,1900.3],[9.196518,41.844394,1903.9],[9.196895,41.844287,1909.7],[9.197167,41.844169,1917.5],[9.197573,41.844056,1928.5],[9.197696,41.844086,1931.2],[9.197957,41.844017,1937.1],[9.198252,41.844148,1940.9],[9.198444,41.844304,1942.9],[9.198616,41.844328,1945.8],[9.198725,41.844417,1945.9],[9.198965,41.84449,1949.9],[9.199155,41.844436,1955.4],[9.19953,41.844456,1966.1],[9.199956,41.844641,1972.3],[9.200366,41.844577,1986.3],[9.200513,41.844631,1988.6],[9.200831,41.844663,1994.5],[9.20119,41.844676,2004.9],[9.201344,41.844739,2005],[9.201416,41.844808,2005.6],[9.201563,41.844828,2007],[9.201681,41.844896,2008.2],[9.201907,41.845008,2009],[9.202013,41.844987,2011.9],[9.20224,41.845047,2012.5],[9.202471,41.84517,2013],[9.202675,41.845353,2011.9],[9.202957,41.84569,2012.9],[9.202979,41.845781,2012.1],[9.203108,41.845914,2013.4],[9.203268,41.846006,2016.5],[9.203328,41.846032,2018.5],[9.203408,41.846038,2020],[9.203492,41.846044,2022.9],[9.203596,41.846023,2026.2],[9.203659,41.846003,2026.8],[9.203729,41.845914,2023.4],[9.20381,41.845961,2021.3],[9.203853,41.846015,2020.9],[9.203943,41.846079,2021.2],[9.20407,41.846199,2022],[9.20415,41.846239,2020.6],[9.20427,41.846231,2012.6],[9.20431,41.846209,2012.6],[9.204365,41.846254,2010.3],[9.204386,41.846162,2006.6],[9.204441,41.846197,2004.3],[9.204563,41.846235,2000.6],[9.204645,41.846234,1997.1],[9.204733,41.84619,1991.5],[9.204779,41.846234,1991.9],[9.204878,41.846303,1989.4],[9.204997,41.846382,1990],[9.205028,41.846467,1993.4],[9.205103,41.84651,1992],[9.205088,41.846558,1994.2],[9.205262,41.846657,1992.6],[9.20555,41.846797,1997],[9.205804,41.846841,1993.2],[9.205942,41.846852,1990.6],[9.206008,41.846902,1989.6],[9.206063,41.84688,1986.4],[9.206175,41.846999,1983.3],[9.206257,41.847042,1979.2],[9.206397,41.847103,1974],[9.206504,41.847075,1965.5],[9.206594,41.847139,1965.2],[9.206673,41.847195,1963.8],[9.206751,41.847247,1964],[9.206791,41.847247,1962.6],[9.206834,41.847259,1961.2],[9.206867,41.847247,1959.6],[9.207007,41.847316,1959],[9.20722,41.847302,1950.5],[9.207346,41.847408,1952.5],[9.207394,41.847344,1946.8],[9.207439,41.847335,1945.4],[9.207432,41.84712,1934.4],[9.207396,41.847085,1933.2],[9.207372,41.847042,1930.3],[9.207375,41.846981,1927],[9.207484,41.846926,1920.8],[9.207541,41.846826,1911.4],[9.20766,41.846795,1906.2],[9.207657,41.846768,1907.3],[9.20774,41.846707,1900.7],[9.207788,41.846549,1891.4],[9.207783,41.846499,1889.9],[9.207795,41.846462,1886.1],[9.207838,41.846452,1884.7],[9.207863,41.846456,1884.7],[9.20788,41.846433,1880.2],[9.207955,41.846462,1881.9],[9.208026,41.846446,1876.6],[9.20803,41.846421,1876.6],[9.208052,41.846413,1875.6],[9.2081,41.846392,1872.1],[9.208059,41.846372,1872.8],[9.208097,41.846365,1869.3],[9.208045,41.846352,1870.8],[9.208027,41.8463,1868],[9.208077,41.84621,1862.3],[9.208016,41.846186,1861.1],[9.20798,41.846157,1862.3],[9.208007,41.846064,1855.3],[9.207979,41.846024,1856.8],[9.207996,41.845991,1855.2],[9.208009,41.845925,1850.6],[9.208053,41.845919,1849],[9.208028,41.845896,1850.6],[9.208044,41.845877,1849.1],[9.208087,41.845876,1847.5],[9.208099,41.84584,1844.3],[9.208206,41.845807,1838.8],[9.208267,41.845696,1831.2],[9.208344,41.845667,1827],[9.208307,41.845614,1824.6],[9.208274,41.845602,1826.3],[9.208284,41.845582,1824],[9.208234,41.845565,1825.5],[9.208201,41.845523,1824.7],[9.208153,41.845499,1823.8],[9.208164,41.845475,1823.8],[9.208118,41.84543,1822.5],[9.208247,41.845374,1814.5],[9.208282,41.845316,1810.9],[9.208243,41.845265,1809.6],[9.208257,41.845265,1809.6],[9.208285,41.845246,1806.1],[9.208296,41.845206,1803.7],[9.20835,41.845205,1801.9],[9.208395,41.845176,1800.9],[9.2084,41.845152,1798.7],[9.208441,41.845157,1797.7],[9.208467,41.845126,1797.7],[9.208466,41.845061,1793.5],[9.208499,41.845055,1792.7],[9.208529,41.845016,1789.8],[9.208622,41.844987,1785.8],[9.208666,41.844991,1784.4],[9.208713,41.844975,1782.8],[9.208757,41.844983,1781.3],[9.208815,41.844964,1779.8],[9.208785,41.844935,1777.7],[9.208805,41.844894,1775.4],[9.208838,41.844856,1770.7],[9.208871,41.844851,1769.3],[9.208878,41.844823,1769.3],[9.208895,41.844806,1766.9],[9.208918,41.844818,1765.8],[9.208932,41.844802,1765.8],[9.2089,41.844771,1764.7],[9.208903,41.844666,1760.5],[9.208932,41.844621,1757.5],[9.208999,41.84462,1756],[9.209078,41.844474,1746.6],[9.209034,41.844442,1747.3],[9.209072,41.844396,1745.6],[9.209259,41.844365,1741.2],[9.209333,41.844358,1740.8],[9.209392,41.844352,1740.8],[9.209421,41.844318,1739],[9.209479,41.844307,1739.3],[9.209486,41.844265,1737.1],[9.209554,41.844261,1735.3],[9.209791,41.844155,1731.9],[9.209852,41.844145,1731.9],[9.209862,41.844121,1729.7],[9.210006,41.844046,1725.5],[9.209968,41.844005,1723],[9.210099,41.843985,1723.3],[9.2101,41.843941,1720.7],[9.21016,41.843926,1721.2],[9.210228,41.843858,1716.7],[9.210342,41.843797,1715.5],[9.21044,41.843741,1711.3],[9.210502,41.84374,1712.2],[9.210707,41.843613,1707.4],[9.210703,41.843573,1704.6],[9.210801,41.843534,1705.6],[9.210816,41.843421,1699.6],[9.210912,41.843426,1698.9],[9.210949,41.843364,1695.7],[9.210907,41.84321,1686.1],[9.210895,41.843082,1678.2],[9.210955,41.843029,1675.7],[9.210904,41.842998,1672.7],[9.210969,41.842956,1669],[9.211039,41.842935,1668.2],[9.211063,41.842888,1661.4],[9.210999,41.842877,1662.8],[9.210999,41.842782,1657.1],[9.211074,41.842726,1653],[9.211091,41.842672,1647.2],[9.211156,41.842643,1645.9],[9.211076,41.842599,1644.2],[9.211182,41.842557,1640],[9.211125,41.842527,1638],[9.211145,41.842472,1634.8],[9.211244,41.842432,1631.3],[9.211225,41.842328,1623.3],[9.211374,41.842247,1619.7],[9.211204,41.842174,1615.6],[9.211279,41.842104,1610.2],[9.211274,41.842065,1607.7],[9.21137,41.842027,1604.7],[9.21134,41.841892,1597.8],[9.211486,41.841778,1591.7],[9.211689,41.84176,1588.2],[9.211724,41.84173,1585.5],[9.21208,41.841714,1577.6],[9.212353,41.841845,1574.6],[9.212488,41.841893,1571.9],[9.212671,41.841889,1568.1],[9.213567,41.841882,1561],[9.213749,41.841804,1555.2],[9.21401,41.841707,1550.1],[9.214116,41.841669,1548.1],[9.214118,41.841575,1543.9],[9.214073,41.841522,1541.7],[9.214108,41.84149,1540.1],[9.214013,41.841478,1539.4],[9.213493,41.841391,1533.9],[9.213394,41.841352,1533.4],[9.213305,41.841226,1532.4],[9.21321,41.841148,1532.3],[9.213135,41.841147,1534],[9.212953,41.841033,1531.8],[9.212878,41.840947,1530.9],[9.212946,41.840918,1529.3],[9.212877,41.840837,1529.6],[9.212914,41.840805,1528.1],[9.212882,41.84069,1529.2],[9.212905,41.840606,1530.6],[9.212902,41.840566,1531.2],[9.212675,41.840327,1530.8],[9.212514,41.840314,1528.6],[9.212479,41.840344,1529.7],[9.212425,41.840342,1529.4],[9.212357,41.840324,1529.1],[9.212288,41.840277,1529.2],[9.212204,41.840155,1528.3],[9.212063,41.840014,1526.3],[9.211818,41.839923,1526.6],[9.211717,41.839834,1524.9],[9.211672,41.839676,1521.3],[9.211703,41.839662,1519.6],[9.211737,41.839592,1517.8],[9.211686,41.839409,1512.1],[9.211692,41.839319,1509.4],[9.211666,41.839272,1508.1],[9.211706,41.839139,1503.4],[9.21174,41.839086,1501.3],[9.211832,41.838986,1496.6],[9.211806,41.838932,1493.7],[9.211762,41.838818,1490.3],[9.211816,41.838755,1486.1],[9.211743,41.838659,1482.9],[9.211769,41.838505,1477.9],[9.211738,41.838459,1476.6],[9.211736,41.838279,1470.7],[9.211754,41.838235,1469.2],[9.21177,41.838153,1466.5],[9.211835,41.838053,1463],[9.211968,41.838015,1459.6],[9.211982,41.837967,1457.9],[9.211873,41.837875,1455.7],[9.211822,41.837819,1453.1],[9.211824,41.837763,1451.6],[9.21176,41.837688,1448.7],[9.211796,41.837673,1448.9],[9.211758,41.837605,1445.7],[9.211913,41.837508,1441.8],[9.211937,41.837426,1438.6],[9.212056,41.837463,1437.4],[9.212161,41.837502,1436.2],[9.212172,41.837405,1432.7],[9.212415,41.837423,1429.8],[9.212513,41.837413,1428.9],[9.212603,41.83744,1429.9],[9.212808,41.837338,1425.1],[9.212927,41.837256,1422.2],[9.212931,41.837208,1420.6],[9.21304,41.837068,1416],[9.213036,41.837032,1414.4],[9.213092,41.836964,1411.4],[9.21317,41.836934,1411.6],[9.213182,41.83689,1410.1],[9.213393,41.83678,1405.6],[9.213388,41.836621,1400],[9.213532,41.836506,1395.8],[9.213605,41.836305,1388.6],[9.213757,41.83599,1375.6],[9.213733,41.835791,1372.4],[9.213886,41.83533,1358.6],[9.213894,41.835162,1353.6],[9.213811,41.835,1350.6],[9.21383,41.83486,1346.4],[9.214071,41.834757,1339.7],[9.214002,41.834658,1338.9],[9.214065,41.834582,1335.4],[9.214232,41.834644,1331],[9.214332,41.834644,1330.2],[9.214414,41.834668,1331.3],[9.214571,41.834478,1332.1],[9.214598,41.834367,1331.6],[9.214584,41.834103,1332.8],[9.214614,41.833796,1334],[9.214541,41.833672,1330.1],[9.214532,41.83348,1334.6],[9.214413,41.833451,1329.1],[9.214207,41.833123,1327.2],[9.21419,41.832941,1330.1],[9.214084,41.833052,1323.3],[9.214017,41.832884,1325.1],[9.213866,41.832678,1321.9],[9.213645,41.832575,1317.2],[9.213328,41.8323,1314.6],[9.213316,41.832139,1317.8],[9.213341,41.832028,1321.8],[9.213322,41.831852,1323.6],[9.21329,41.831712,1327.3],[9.213225,41.831489,1329.8],[9.213255,41.831162,1336],[9.213171,41.831105,1334.9],[9.212926,41.831046,1337.3],[9.212795,41.830979,1339.5],[9.212717,41.830933,1339.4],[9.212564,41.830708,1340.7],[9.212541,41.83054,1340.4],[9.212476,41.830495,1339.9],[9.212378,41.830344,1339.8],[9.212505,41.829578,1329],[9.212185,41.829294,1327.7],[9.211844,41.828669,1341.4],[9.211789,41.828173,1347],[9.211881,41.828021,1348],[9.21227,41.82781,1357.3],[9.212253,41.827659,1356.4],[9.212346,41.827501,1359.6],[9.212533,41.827419,1366.9],[9.212569,41.827305,1368.8],[9.212771,41.827329,1377.2],[9.213033,41.827192,1387.9],[9.21291,41.826967,1382.7],[9.212962,41.826894,1384.4],[9.212585,41.826618,1380.1],[9.21201,41.826327,1374],[9.211761,41.825982,1375.3],[9.211706,41.82574,1377.5],[9.211744,41.82558,1379.2],[9.211381,41.825077,1374.3],[9.211116,41.824534,1371.5],[9.211068,41.824179,1374],[9.210937,41.823972,1372.7],[9.210944,41.823279,1368.6],[9.211075,41.82306,1373.6],[9.210431,41.822553,1368.2],[9.210245,41.82227,1369.7],[9.209999,41.822007,1365],[9.209761,41.821755,1356.1],[9.209749,41.82153,1356.5],[9.209749,41.821279,1352.2],[9.209723,41.821091,1350.8],[9.209783,41.820916,1353],[9.209765,41.820889,1353],[9.209466,41.820458,1350.3],[9.209472,41.820356,1350.5],[9.209504,41.820327,1350.5],[9.209534,41.820131,1349.7],[9.209449,41.819989,1345.1],[9.20953,41.81981,1344.3],[9.209486,41.81976,1341.6],[9.209546,41.819221,1337.2],[9.209662,41.819047,1335.2],[9.209655,41.819019,1335.5],[9.209634,41.818933,1337.2],[9.208919,41.81849,1326.2],[9.208667,41.818052,1320.8],[9.208618,41.818041,1320.2],[9.208587,41.818105,1317.9],[9.208543,41.818082,1317.5],[9.208497,41.818048,1316.7],[9.208452,41.818045,1315.9],[9.208366,41.818054,1314.5],[9.208299,41.818065,1313.2],[9.208214,41.818039,1313.4],[9.208196,41.818002,1313.4],[9.208038,41.817923,1313.6],[9.207893,41.817854,1314],[9.20768,41.817743,1311.9],[9.207456,41.817493,1312.9],[9.207396,41.817394,1311.8],[9.207268,41.817374,1309.1],[9.207167,41.817277,1307.5],[9.207135,41.817025,1301],[9.206969,41.816742,1291.6],[9.206808,41.816579,1286.3],[9.206787,41.816489,1283.7],[9.206856,41.816354,1283.9],[9.206761,41.816131,1278.2],[9.206724,41.816042,1279.1],[9.206586,41.815943,1278.3],[9.206566,41.81583,1280.7],[9.206543,41.815702,1283.5],[9.206607,41.815377,1284.6],[9.206553,41.815274,1286.6],[9.206535,41.815239,1287.7],[9.206157,41.815118,1287.3],[9.205931,41.815006,1289.8],[9.205834,41.814875,1291.6],[9.205719,41.814787,1290.8],[9.205654,41.814693,1290.1],[9.205622,41.814372,1287.5],[9.205473,41.814145,1283],[9.205454,41.813995,1277.3],[9.205519,41.813823,1275.4],[9.205508,41.813558,1271.3],[9.205519,41.813493,1271.1],[9.205714,41.813415,1270.5],[9.205797,41.813301,1270.6],[9.20583,41.81318,1270.7],[9.205838,41.813011,1270.6],[9.205911,41.812909,1274.3],[9.205921,41.812844,1273.8],[9.205965,41.812778,1274.5],[9.206036,41.812695,1273.1],[9.206009,41.812624,1272.3],[9.20595,41.812567,1272.8],[9.205822,41.812422,1274.6],[9.205755,41.812178,1275.4],[9.205682,41.812117,1278.2],[9.205529,41.812112,1280.9],[9.205426,41.812138,1281.6],[9.205126,41.812442,1280.2],[9.20492,41.812485,1280.9],[9.204777,41.812449,1281.9],[9.204272,41.812286,1276.8],[9.203433,41.811617,1272.4],[9.203293,41.811557,1271.5],[9.203067,41.811534,1264.4],[9.202752,41.811365,1259.3],[9.202207,41.810985,1254.4],[9.202106,41.810866,1256.8],[9.201809,41.810727,1252.1],[9.201708,41.810633,1252.1],[9.201531,41.810557,1249.1],[9.201533,41.810516,1250.2],[9.201468,41.810276,1251.1],[9.201455,41.810221,1253.3],[9.201251,41.810071,1254.4],[9.201165,41.809913,1254.5],[9.201089,41.809782,1253.5],[9.200889,41.809571,1252.3],[9.200787,41.809493,1250.8],[9.20068,41.809452,1249.7],[9.200635,41.809426,1249],[9.200619,41.809389,1248.6],[9.200534,41.809368,1246.9],[9.200535,41.80928,1247.1],[9.200626,41.809117,1248.1],[9.200727,41.808766,1245.2],[9.200579,41.80853,1240.7],[9.200474,41.808327,1239.8],[9.20019,41.808018,1229.7],[9.200143,41.807881,1229.7],[9.199985,41.80769,1235.2],[9.199677,41.807629,1239.6],[9.199515,41.80751,1246.3],[9.199547,41.807314,1252.1],[9.199601,41.807203,1259.2],[9.199694,41.807193,1259.5],[9.199604,41.806982,1264.9],[9.199437,41.806749,1257.8],[9.19927,41.806641,1251.4],[9.199088,41.806615,1246.4],[9.198944,41.806629,1238.4],[9.198573,41.806554,1236.6],[9.19831,41.806183,1237.7],[9.198062,41.80601,1233.7],[9.197839,41.805909,1229.7],[9.197735,41.805884,1229.1],[9.19758,41.805769,1226.7],[9.197462,41.805664,1223],[9.197359,41.80552,1218.1],[9.197282,41.805412,1214.8],[9.197213,41.805277,1213.1],[9.197024,41.80504,1210.3],[9.196744,41.804782,1203.6],[9.196663,41.804583,1198],[9.196434,41.804476,1190.7],[9.196356,41.80439,1190.2],[9.196055,41.804268,1185.1],[9.195953,41.804144,1181],[9.19598,41.803907,1173.9],[9.195989,41.803833,1175],[9.19593,41.803645,1177],[9.195661,41.803319,1174.4],[9.195672,41.803228,1172.5],[9.195547,41.803071,1166.6],[9.195473,41.802896,1165],[9.195421,41.802889,1161.6],[9.195412,41.802752,1159.1],[9.195383,41.802634,1154.9],[9.195387,41.802556,1156.1],[9.195418,41.802503,1155.9],[9.195388,41.802453,1156.6],[9.195318,41.80243,1153.1],[9.195292,41.802385,1152.3],[9.19531,41.802317,1156.5],[9.195247,41.802259,1154.3],[9.195198,41.80215,1155.6],[9.195008,41.801925,1153.1],[9.194974,41.80179,1152.9],[9.194662,41.801385,1148.6],[9.194511,41.801141,1146.3],[9.194489,41.801015,1146.6],[9.194447,41.800914,1146.1],[9.194335,41.800824,1142.7],[9.194206,41.800674,1141.4],[9.194133,41.800479,1141.7],[9.194061,41.800398,1142],[9.193996,41.800345,1140.8],[9.19397,41.800228,1140.7],[9.193871,41.800107,1134.2],[9.193889,41.79984,1121.8],[9.193984,41.799703,1121.1],[9.19396,41.799532,1116.1],[9.194064,41.799308,1116.2],[9.194107,41.799049,1114.6],[9.194187,41.799012,1117.2],[9.194173,41.798882,1114.5],[9.194205,41.798834,1116.3],[9.194228,41.798766,1118],[9.194217,41.798703,1116.5],[9.194097,41.798451,1114.1],[9.194152,41.798328,1116.9],[9.194215,41.798098,1116.8],[9.194217,41.798018,1116.1],[9.194371,41.797751,1118],[9.194402,41.797639,1116.4],[9.194434,41.797596,1115.5],[9.194437,41.797543,1114.5],[9.194488,41.797471,1113.7],[9.194491,41.797407,1112.7],[9.194437,41.797333,1109.2],[9.194432,41.797272,1107.6],[9.194405,41.797229,1106],[9.194302,41.797191,1103.1],[9.194261,41.797122,1099.9],[9.19427,41.797054,1097.5],[9.19424,41.797032,1097.1],[9.194147,41.797006,1094.7],[9.194078,41.796988,1093.9],[9.194058,41.796943,1092.4],[9.193939,41.796904,1088.5],[9.193869,41.796862,1085],[9.193766,41.796629,1076.1],[9.193746,41.796599,1074.1],[9.193621,41.79661,1071.6],[9.19358,41.796597,1070.8],[9.193544,41.796523,1069.3],[9.193569,41.796429,1067.1],[9.193536,41.796368,1063.9],[9.193562,41.796324,1062],[9.193656,41.796257,1060],[9.193749,41.796201,1058.2],[9.193839,41.796153,1054.5],[9.193924,41.796057,1050.6],[9.194069,41.795996,1049.3],[9.1941,41.795982,1047.6],[9.194374,41.79586,1046.9],[9.194605,41.795784,1045.9],[9.194709,41.795702,1044.1],[9.194904,41.795632,1043.7],[9.194954,41.795565,1042.9],[9.195003,41.795518,1042.7],[9.195036,41.795496,1041.7],[9.195167,41.795459,1041.5],[9.195214,41.795467,1041.7],[9.195314,41.79542,1040.7],[9.195396,41.795404,1041.4],[9.195435,41.795374,1040.7],[9.195638,41.795352,1040.9],[9.195735,41.795318,1040],[9.195835,41.795277,1039],[9.19598,41.795229,1038.1],[9.196102,41.795205,1037.4],[9.196146,41.7952,1037.6],[9.196215,41.795168,1038.1],[9.19634,41.795122,1037.7],[9.196461,41.795072,1038.2],[9.196572,41.795064,1038.8],[9.196675,41.795047,1039.8],[9.196891,41.795054,1040.1],[9.197126,41.795159,1038.5],[9.197264,41.795195,1037.8],[9.197653,41.795262,1036.2],[9.197811,41.795332,1035.3],[9.197852,41.79537,1036],[9.197897,41.795369,1035.4],[9.197952,41.795402,1036.1],[9.198031,41.795424,1035],[9.198225,41.795444,1035],[9.198292,41.795465,1034.8],[9.198368,41.795474,1035.8],[9.198424,41.795494,1035.5],[9.198543,41.795518,1036],[9.19873,41.795731,1039.6],[9.198836,41.795749,1037.5],[9.198916,41.795842,1038.6],[9.19912,41.795902,1037.4],[9.199308,41.79607,1039.6],[9.199665,41.796174,1036],[9.199716,41.796189,1036],[9.199894,41.796188,1038.1],[9.199972,41.796154,1036.9],[9.200091,41.796168,1040.5],[9.200188,41.796153,1040],[9.200289,41.796138,1041.8],[9.200359,41.796061,1039.1],[9.200456,41.796002,1040.2],[9.200532,41.795939,1038.7],[9.200662,41.795775,1039.8],[9.200878,41.795441,1039.3],[9.201019,41.795282,1041.1],[9.201076,41.795148,1041.2],[9.201093,41.795048,1042.8],[9.201154,41.794926,1045],[9.201202,41.794861,1047],[9.201207,41.794715,1046.5],[9.201268,41.794654,1047.2],[9.201519,41.794529,1045.5],[9.201702,41.794497,1043.8],[9.201783,41.794475,1042],[9.201875,41.794476,1041.6],[9.201977,41.794462,1041.1],[9.202107,41.794481,1040.1],[9.202174,41.794573,1038.6],[9.202189,41.794708,1040.2],[9.20231,41.794827,1044.2],[9.202424,41.794867,1042.7],[9.202534,41.794859,1041],[9.202842,41.795029,1039.3],[9.203147,41.795596,1040.3],[9.203286,41.795992,1042.1],[9.203528,41.796214,1044.1],[9.203999,41.79655,1038.5],[9.204375,41.79702,1033.6],[9.204489,41.797274,1031.1],[9.204541,41.797492,1032.3],[9.205064,41.797958,1033.4],[9.205231,41.798134,1030.2],[9.205425,41.79824,1022.1],[9.205467,41.798458,1023.7],[9.205438,41.798675,1034.3],[9.205516,41.798888,1040.5],[9.205851,41.798978,1033.6],[9.20588,41.799003,1034.8],[9.205963,41.799074,1038.2],[9.206262,41.79907,1039.5],[9.206366,41.799032,1040.4],[9.206552,41.798963,1046.6],[9.206685,41.79907,1050.8],[9.206832,41.799041,1055.2],[9.206955,41.798662,1066.3],[9.207106,41.798506,1075.1],[9.20721,41.79832,1076],[9.207239,41.797756,1077.9],[9.207311,41.797517,1081.8],[9.207301,41.797317,1078.8],[9.207434,41.797113,1075.2],[9.207619,41.796945,1073.1],[9.207687,41.796827,1070.4],[9.207836,41.7967,1069.6],[9.207908,41.796551,1065.2],[9.208103,41.796369,1060.5],[9.208243,41.79619,1054.9],[9.208373,41.796056,1050.9],[9.208722,41.795828,1042.2],[9.208876,41.795791,1040.6],[9.209008,41.795715,1038],[9.209083,41.795581,1033.7],[9.209044,41.795549,1031.5],[9.209046,41.795486,1029.4],[9.209111,41.795469,1029.3],[9.209239,41.795513,1029.9],[9.209326,41.795558,1030.8],[9.209461,41.79552,1027.9],[9.20949,41.795428,1027.2],[9.209514,41.795348,1028.6],[9.209531,41.795215,1028.1],[9.209633,41.795119,1031.6],[9.209708,41.795047,1032.3],[9.209743,41.794941,1030.3],[9.209829,41.794815,1028.9],[9.209882,41.794743,1029.7],[9.209864,41.794631,1028.7],[9.209784,41.794515,1025.9],[9.20989,41.794395,1025.3],[9.210071,41.794314,1028],[9.210097,41.794247,1023],[9.210183,41.794171,1021],[9.210269,41.794036,1018.4],[9.210279,41.793922,1017],[9.210328,41.793785,1018],[9.210399,41.793552,1020.2],[9.210328,41.793445,1018],[9.210303,41.79337,1016.4],[9.210299,41.793281,1017.7],[9.210347,41.792939,1020.3],[9.210316,41.792566,1016.3],[9.210383,41.792318,1011.9],[9.21054,41.792197,1019.2],[9.210615,41.792159,1022.3],[9.210681,41.791897,1030.7],[9.210696,41.791839,1030.8],[9.210778,41.791783,1032.5],[9.210963,41.791626,1030],[9.211051,41.791533,1032.3],[9.211087,41.791475,1030.7],[9.211132,41.791442,1032],[9.211224,41.791375,1034.6],[9.21134,41.791282,1035.6],[9.211457,41.791247,1037],[9.211495,41.79123,1037.3],[9.211561,41.791239,1037.2],[9.211691,41.791307,1038.9],[9.211825,41.791348,1037.6],[9.211974,41.791406,1039.9],[9.212195,41.791432,1039.6],[9.212468,41.791538,1042.9],[9.212823,41.791766,1045.6],[9.212898,41.791889,1044],[9.212986,41.791944,1041.9],[9.213037,41.791992,1041.3],[9.213041,41.792041,1043.1],[9.213067,41.792076,1041.5],[9.213156,41.79216,1040.4],[9.213217,41.792235,1042.4],[9.213663,41.792452,1046.6],[9.213936,41.79251,1047.9],[9.213988,41.792537,1047.3],[9.21404,41.792667,1050],[9.214128,41.792751,1051.9],[9.214359,41.792836,1051],[9.214419,41.792863,1052.1],[9.214525,41.792922,1052.8],[9.214608,41.792991,1057.1],[9.214698,41.792999,1054.7],[9.214811,41.793043,1055.6],[9.214925,41.793079,1056.9],[9.215091,41.793008,1052.8],[9.215231,41.792989,1054.5],[9.215435,41.792924,1054.8],[9.215568,41.792913,1057.1],[9.215823,41.792963,1060.3],[9.215881,41.792975,1060.5],[9.216059,41.792953,1063.1],[9.21616,41.792963,1064.9],[9.216203,41.793005,1066.6],[9.216283,41.793092,1068.9],[9.216306,41.79312,1070.6],[9.216438,41.793144,1071.4],[9.216639,41.793582,1077.6],[9.2167,41.793699,1079],[9.216757,41.793751,1078.1],[9.216808,41.793834,1080.2],[9.216908,41.793939,1083.5],[9.216975,41.793963,1081.1],[9.217004,41.794011,1084.9],[9.217031,41.794038,1083.9],[9.217245,41.794442,1087.3],[9.217397,41.794633,1084.9],[9.217498,41.794688,1082.3],[9.217537,41.794709,1084.3],[9.217662,41.794726,1085.7],[9.218174,41.794714,1089.7],[9.218441,41.794969,1104.6],[9.218743,41.795145,1110.6],[9.218808,41.795238,1114.5],[9.218906,41.795273,1114.5],[9.218968,41.795331,1116.6],[9.219013,41.795359,1118.4],[9.219112,41.795493,1124.2],[9.219194,41.795577,1127.9],[9.219306,41.795642,1131.5],[9.219437,41.795789,1138.8],[9.219562,41.795811,1138],[9.219655,41.795886,1143],[9.219907,41.795988,1152.5],[9.219983,41.796065,1154.5],[9.220138,41.796166,1158.7],[9.220307,41.796294,1159.7],[9.220401,41.79634,1160],[9.220446,41.79634,1159.3],[9.220467,41.796362,1158.7],[9.220518,41.796362,1158.2],[9.220631,41.796452,1160.6],[9.220682,41.796461,1162.5],[9.221064,41.796719,1176.5],[9.221501,41.796944,1186.5],[9.221701,41.797001,1191.7],[9.221823,41.797059,1197.2],[9.221896,41.797126,1199.9],[9.222097,41.797182,1205.3],[9.222302,41.79715,1208],[9.222397,41.797136,1207.4],[9.222491,41.797121,1208.3],[9.222834,41.79698,1208.3],[9.22303,41.796925,1208.8],[9.223175,41.796883,1209.4],[9.223347,41.796803,1210.9],[9.223407,41.796756,1211],[9.223506,41.796695,1211.6],[9.223694,41.796524,1211.6],[9.223873,41.796368,1212.1],[9.224132,41.796228,1214],[9.224256,41.796145,1214.9],[9.22436,41.796129,1216.2],[9.224469,41.796135,1217.4],[9.224606,41.796064,1218.6],[9.224746,41.79607,1220.1],[9.224831,41.796057,1219.3],[9.224808,41.795921,1218.7],[9.224894,41.795864,1218.6],[9.224957,41.795869,1218.4],[9.225273,41.795883,1217.1],[9.225472,41.795895,1215.4],[9.225929,41.795896,1212.6],[9.226149,41.795898,1210.7],[9.226301,41.795892,1210.3],[9.226411,41.79588,1209.4],[9.226515,41.795861,1207.1],[9.226625,41.795838,1206.4],[9.226753,41.795792,1205.8],[9.227072,41.795634,1202.2],[9.227642,41.795332,1197.1],[9.227889,41.795201,1194.7],[9.228002,41.795172,1193.5],[9.228096,41.795162,1193.5],[9.228203,41.795164,1192.5],[9.228285,41.795146,1191.4],[9.228361,41.79511,1190.5],[9.228485,41.795028,1189.5],[9.228598,41.794947,1188.9],[9.228656,41.794915,1187.7],[9.228719,41.794894,1187.7],[9.228871,41.794748,1185.9],[9.228919,41.794723,1186],[9.229005,41.794699,1185.2],[9.229084,41.79469,1185.4],[9.229263,41.794677,1185],[9.22935,41.794678,1185.2],[9.229503,41.794723,1185],[9.22956,41.794717,1185.1],[9.229616,41.794698,1184.9],[9.229685,41.794614,1185.6],[9.229731,41.794557,1185],[9.229755,41.794495,1184.6],[9.229751,41.794457,1184.2],[9.229713,41.794377,1183.8],[9.229664,41.794294,1183],[9.229627,41.794237,1183.7],[9.229614,41.794182,1183.6],[9.229629,41.79414,1184.2],[9.229681,41.794094,1184.8],[9.229859,41.793985,1183.2],[9.229916,41.793928,1183.1],[9.230051,41.793765,1183.6],[9.230159,41.793603,1182.1],[9.230356,41.793309,1183.8],[9.23046,41.793154,1182.5],[9.230514,41.793048,1184.2],[9.230528,41.79297,1183.9],[9.230505,41.792826,1183.1],[9.230431,41.79247,1184],[9.230442,41.792197,1182.8],[9.230509,41.792046,1179.9],[9.230627,41.791942,1180.4],[9.230828,41.791907,1179.1],[9.231349,41.791962,1178.1],[9.231528,41.791907,1176.9],[9.231847,41.79176,1179.1],[9.232164,41.791513,1176.6],[9.232435,41.791249,1177.1],[9.232549,41.791195,1175.9],[9.232736,41.791119,1171.8],[9.232715,41.790951,1170.9],[9.232773,41.790866,1169],[9.233047,41.790868,1165.8],[9.233126,41.790761,1168.2],[9.233275,41.790718,1169.5],[9.233454,41.790698,1171],[9.23361,41.790728,1170.8],[9.233788,41.790748,1169.9],[9.233908,41.790715,1168.5],[9.234133,41.790762,1163.5],[9.234325,41.790712,1154.8],[9.234544,41.790588,1148.4],[9.234943,41.790407,1142.7],[9.235084,41.790401,1137.2],[9.235356,41.790168,1120.7],[9.235533,41.789996,1112.6],[9.235607,41.789836,1106.6],[9.235822,41.789547,1091.6],[9.235865,41.789487,1088.8],[9.235911,41.789502,1086.9],[9.23595,41.789515,1085.1],[9.236047,41.789368,1089.1],[9.236284,41.789379,1086.8],[9.236299,41.789423,1084.5],[9.236438,41.789412,1086.5],[9.2365,41.789375,1085.7],[9.236816,41.789461,1082.2],[9.237286,41.789496,1074.4],[9.23741,41.789555,1072.2],[9.237519,41.789566,1069.5],[9.237617,41.789498,1063.1],[9.237863,41.789551,1058.7],[9.238057,41.789674,1054.2],[9.238195,41.789797,1051.7],[9.238323,41.789775,1049.4],[9.238421,41.789798,1047.7],[9.238531,41.789627,1043.3],[9.238471,41.78953,1043.2],[9.238428,41.789425,1041.8],[9.238493,41.789302,1035.6],[9.238698,41.7892,1027.2],[9.23877,41.789118,1025.5],[9.238447,41.788821,1022.3],[9.238413,41.78871,1021.5],[9.238551,41.78851,1021.4],[9.23863,41.78834,1019.7],[9.238693,41.788107,1018.1],[9.238764,41.788023,1017.6],[9.238885,41.788,1017.4],[9.239004,41.788036,1019.7],[9.239083,41.788159,1019.7],[9.2392,41.7885,1018.3],[9.239307,41.788655,1017.6],[9.239437,41.788739,1017],[9.239674,41.788801,1018.3],[9.240251,41.788773,1018.6],[9.240574,41.788669,1020.2],[9.240715,41.788642,1023.1],[9.24097,41.788591,1027.5],[9.241297,41.78864,1035],[9.241485,41.788869,1035.1],[9.241819,41.78891,1043.5],[9.242314,41.788959,1054.1],[9.242843,41.789032,1062.7],[9.243191,41.789261,1071.3],[9.243487,41.78941,1079.5],[9.243752,41.789526,1088],[9.244177,41.789784,1093.8],[9.2443,41.789935,1089.5],[9.244616,41.790076,1091.8],[9.24522,41.790137,1102.2],[9.24558,41.790371,1097.3],[9.245792,41.790403,1103.2],[9.245812,41.790324,1106.9],[9.246144,41.790393,1116.5],[9.246554,41.790532,1128.5],[9.246647,41.790684,1130.3],[9.246696,41.79087,1129.9],[9.247151,41.791217,1144.2],[9.247233,41.791396,1136.7],[9.247865,41.791553,1153.7],[9.247709,41.791305,1163.7],[9.247971,41.791292,1171.2],[9.247888,41.791183,1174],[9.248003,41.791195,1177.6],[9.248076,41.791118,1183.4],[9.248135,41.791021,1190.8],[9.248199,41.790905,1196],[9.248281,41.790756,1192.9],[9.248191,41.790542,1185.2],[9.248327,41.79054,1178.7],[9.248293,41.790454,1177],[9.24848,41.790474,1169.6],[9.248393,41.790219,1155.2],[9.248689,41.790148,1146.1],[9.248888,41.790403,1146.5],[9.24913,41.790472,1131.5],[9.249125,41.790171,1124.3],[9.249099,41.789921,1114.4],[9.248719,41.78965,1107.3],[9.248693,41.789508,1102.7],[9.248794,41.789368,1086.4],[9.248949,41.789483,1082.3],[9.249276,41.789534,1086],[9.249391,41.789713,1094.3],[9.249445,41.790017,1089],[9.249521,41.789896,1085.3],[9.249511,41.790005,1083.1],[9.249545,41.790057,1079.7],[9.249619,41.790008,1077.8],[9.249642,41.79017,1076.9],[9.249621,41.790283,1081.4],[9.249653,41.79037,1075.1],[9.249799,41.790399,1063.4],[9.249843,41.79026,1058.9],[9.249997,41.790401,1056.1],[9.250283,41.790224,1029],[9.250543,41.790388,1028.3],[9.250648,41.790819,1025.5],[9.251017,41.791203,1022.7],[9.251783,41.79152,1010.1],[9.252004,41.791796,1008],[9.252178,41.791875,1002.2],[9.25232,41.79184,995],[9.252877,41.792325,1007.4],[9.253096,41.792333,1004.2],[9.25363,41.792293,999.5],[9.25387,41.792341,996.1],[9.25394,41.792419,996.2],[9.254193,41.792454,997],[9.254624,41.792494,999],[9.255169,41.792247,1009.2],[9.255275,41.791999,1008.8],[9.25543,41.791956,1010.9],[9.255583,41.791914,1011.6],[9.255915,41.791915,1015.1],[9.25651,41.792014,1014],[9.257371,41.792211,1019.6],[9.257897,41.792346,1029.8],[9.258024,41.792514,1032.9],[9.25823,41.792667,1038.9],[9.258269,41.792805,1039.8],[9.25819,41.793165,1041.8],[9.25806,41.793316,1042.5],[9.257976,41.79351,1042.7],[9.258011,41.79362,1042.6],[9.258079,41.793724,1043],[9.258104,41.793838,1047.1],[9.258255,41.793889,1047.6],[9.258419,41.79392,1044.1],[9.258596,41.794042,1044.4],[9.258799,41.794131,1042.4],[9.259044,41.794172,1044],[9.259246,41.794236,1045.7],[9.259304,41.794244,1046.4],[9.259356,41.794286,1047.7],[9.259394,41.794363,1049.7],[9.259559,41.794429,1053.3],[9.259632,41.794481,1055.1],[9.259662,41.794452,1055.1],[9.259722,41.794444,1057.5],[9.259892,41.794338,1056.6],[9.259992,41.794304,1055.4],[9.260101,41.794177,1053.4],[9.260156,41.794111,1052.1],[9.260302,41.79405,1050.5],[9.26041,41.793853,1048.5],[9.260473,41.793836,1047.9],[9.260488,41.793619,1045.9],[9.260437,41.793568,1043],[9.260343,41.793523,1040.6],[9.260283,41.793529,1040.4],[9.260084,41.793439,1036],[9.260136,41.79335,1032.5],[9.260117,41.793272,1029.2],[9.260156,41.79326,1029],[9.26013,41.793221,1027.3],[9.260177,41.793201,1027],[9.260252,41.793163,1024.6],[9.260194,41.793129,1022.7],[9.260194,41.793086,1020.9],[9.260293,41.793032,1019.1],[9.260304,41.792986,1017.3],[9.260363,41.792983,1017.7],[9.260535,41.79286,1014],[9.2606,41.792714,1007.2],[9.260632,41.792648,1006],[9.260707,41.79257,1004.3],[9.260691,41.792441,998.8],[9.260983,41.792066,990.5],[9.261238,41.791841,986],[9.261183,41.791739,982.2],[9.261401,41.791555,976.9],[9.261343,41.791432,971.7],[9.261373,41.791308,969.7],[9.261651,41.791119,968.1],[9.261807,41.790898,966],[9.261865,41.790695,965.8],[9.261808,41.790417,964.6],[9.261998,41.789915,964.3],[9.262478,41.78988,962.4],[9.263307,41.789732,960],[9.26389,41.789566,957.6],[9.264649,41.789334,954.9],[9.265191,41.78922,958.3],[9.265582,41.788813,957.5],[9.26589,41.788655,960],[9.266408,41.788551,966.2],[9.26658,41.788709,965.9],[9.266655,41.78868,968.2],[9.266662,41.788485,971.2],[9.266585,41.788345,973.4],[9.266628,41.788188,977.6],[9.266957,41.788066,983.8],[9.267475,41.78793,976.6],[9.267504,41.787791,974.7],[9.267644,41.787599,974.3],[9.268064,41.787464,972.3],[9.268289,41.787352,972.2],[9.268361,41.787258,973.7],[9.268602,41.78725,976.8],[9.268801,41.787341,977],[9.268897,41.787348,978.1],[9.269256,41.787429,978.3],[9.269418,41.787428,977.2],[9.269534,41.787411,976.4],[9.269653,41.787357,975.9],[9.269787,41.787212,974.1],[9.270015,41.787014,971.2],[9.270139,41.786895,970.8],[9.27023,41.786829,969.6],[9.27032,41.786804,968.2],[9.270454,41.786755,968.7],[9.270682,41.786719,968.4],[9.270967,41.7868,966.2],[9.271036,41.786795,968.1],[9.271134,41.786828,967.7],[9.271369,41.786936,964],[9.27169,41.787031,962],[9.271935,41.787041,961.5],[9.272332,41.787151,956.3],[9.272433,41.787133,955.2],[9.272706,41.787203,951.4],[9.273001,41.787111,947.4],[9.273138,41.787168,944.7],[9.273376,41.787151,942.8],[9.273615,41.787221,940.7],[9.273641,41.787254,939],[9.273738,41.787294,936.8],[9.273805,41.787296,936.4],[9.273961,41.78735,935.3],[9.274086,41.787462,932.6],[9.274183,41.787493,933.1],[9.27436,41.787611,933.1],[9.274381,41.787664,930.5],[9.274727,41.787963,928.7],[9.274771,41.788102,925.3],[9.274954,41.788183,920.7],[9.275145,41.788215,920.2],[9.275473,41.788359,916.6],[9.275507,41.788516,913.7],[9.275579,41.788678,911.8],[9.275787,41.788733,909.5],[9.275998,41.788756,908.6],[9.276105,41.788824,906.1],[9.276281,41.788834,904.2],[9.276435,41.788798,903.1],[9.276606,41.788714,903.1],[9.277095,41.788937,899.7],[9.277341,41.789089,898.5],[9.277434,41.789223,897.1],[9.277593,41.789355,897.8],[9.277814,41.789926,893.4],[9.278228,41.790014,896.3],[9.27837,41.790124,897.3],[9.278417,41.790195,897.9],[9.278673,41.790286,899.1],[9.278824,41.790288,899.9],[9.278962,41.790329,900.3],[9.279033,41.790383,900.4],[9.27961,41.790518,903.4],[9.279974,41.790465,905.2],[9.280103,41.790353,905.3],[9.280351,41.790333,904.6],[9.280779,41.790256,899.8],[9.280993,41.790162,896.5],[9.281089,41.790085,894.5],[9.281235,41.789802,889.8],[9.281461,41.789063,881.8],[9.281466,41.78863,879.4],[9.281554,41.787958,869.3],[9.281568,41.787652,864.9],[9.28147,41.787453,867.4],[9.281545,41.78732,865.6],[9.281514,41.787156,865.5],[9.281374,41.786864,861.8],[9.281242,41.786812,862.4],[9.281177,41.786744,860.9],[9.281155,41.786636,860.8],[9.281221,41.786537,856.3],[9.281232,41.786399,855.8],[9.281247,41.786097,860.6],[9.28128,41.785816,863.6],[9.281317,41.78575,862.9],[9.281336,41.785297,865.4],[9.281382,41.784907,865.3],[9.281486,41.784779,862.5],[9.281455,41.784553,867.9],[9.28132,41.78441,873.1],[9.281232,41.784214,877.9],[9.281421,41.784028,881.3],[9.281469,41.78391,885.9],[9.281303,41.783769,897.4],[9.281236,41.783604,908.1],[9.281265,41.783292,915.8],[9.281277,41.783014,925.9],[9.281291,41.782617,941.3],[9.28148,41.782041,961],[9.281446,41.781951,967.3],[9.281543,41.781861,975.4],[9.281396,41.781772,982.9],[9.281593,41.781614,991.9],[9.281414,41.781529,1000.4],[9.281607,41.781403,1007.5],[9.281795,41.781379,1011.4],[9.281406,41.780968,1025.1],[9.281042,41.780616,1033.5],[9.280968,41.780283,1026.6],[9.281082,41.78022,1024.2],[9.281143,41.780154,1026.7],[9.281289,41.77994,1030.6],[9.28144,41.779891,1029.6],[9.28145,41.779822,1028.2],[9.28185,41.779629,1028.7],[9.281935,41.779627,1029.1],[9.28206,41.779581,1030],[9.282128,41.779502,1031.1],[9.282589,41.779225,1031.2],[9.282698,41.779115,1029.4],[9.28271,41.779041,1028.3],[9.282882,41.778848,1018.4],[9.282968,41.778639,1010.2],[9.283124,41.778695,1008.9],[9.283262,41.778702,1009],[9.283399,41.778664,1007.2],[9.283555,41.778532,1007.3],[9.283742,41.778458,1010.5],[9.283982,41.778204,1009.9],[9.284125,41.778016,1009.3],[9.284245,41.77772,1010.2],[9.284239,41.777442,1012.8],[9.284224,41.777073,1015.8],[9.284481,41.776642,1021.3],[9.284867,41.776149,1023.4],[9.285115,41.776036,1024.1],[9.285265,41.7759,1025.3],[9.285402,41.775686,1025.4],[9.285573,41.775544,1025.4],[9.285791,41.77524,1027.6],[9.285962,41.775104,1027.4],[9.286387,41.774951,1027.7],[9.286526,41.774965,1027.1],[9.28666,41.774951,1026.7],[9.286798,41.774887,1025],[9.286832,41.774803,1024],[9.286953,41.774677,1023.2],[9.287067,41.77465,1022.8],[9.287228,41.774652,1023],[9.287438,41.774617,1022.4],[9.28752,41.774566,1022.7],[9.287633,41.774375,1019.5],[9.287697,41.774315,1018.4],[9.287863,41.774021,1014.2],[9.288279,41.773926,1010.2],[9.288418,41.77386,1006.2],[9.28895,41.773474,989.3],[9.288981,41.77293,980.7],[9.289367,41.772765,975.1],[9.289331,41.772658,972.8],[9.289376,41.772625,971.9],[9.289517,41.772723,970.3],[9.289843,41.772529,963.9],[9.289991,41.772504,961.6],[9.29,41.772364,959.9],[9.290261,41.772263,955.1],[9.290712,41.772289,954.7],[9.290884,41.772312,953.4],[9.290986,41.772317,952.7],[9.291093,41.772367,952.4],[9.291129,41.772367,952.4],[9.291271,41.772331,951.7],[9.291416,41.772358,950.2],[9.291742,41.772336,949.8],[9.291785,41.772353,948.9],[9.291894,41.77245,948],[9.291932,41.772452,948.2],[9.292052,41.772425,947.4],[9.292064,41.772361,946.9],[9.292099,41.772329,946],[9.292152,41.772326,945.6],[9.292252,41.772376,945],[9.292293,41.77242,945.1],[9.292367,41.772536,945],[9.292512,41.77268,946.2],[9.292575,41.772703,945.8],[9.292705,41.772735,947.1],[9.292749,41.772735,947.6],[9.292779,41.77271,948.5],[9.292812,41.772709,948.3],[9.29289,41.772725,947.3],[9.29297,41.772722,948],[9.292999,41.772703,947.8],[9.293047,41.772617,947.5],[9.293157,41.772484,947.4],[9.293212,41.772459,947.7],[9.293321,41.772451,947.1],[9.293394,41.772449,946.4],[9.293495,41.772459,944.2],[9.293569,41.772436,943.7],[9.293608,41.772411,943],[9.293689,41.772399,941.7],[9.293809,41.772353,940.3],[9.293872,41.772353,939.9],[9.293921,41.772325,937.2],[9.293967,41.772319,936.1],[9.293999,41.772345,936.5],[9.294029,41.772363,935.1],[9.294096,41.772365,932.7],[9.294289,41.772433,928.8],[9.294477,41.772498,923.4],[9.29464,41.772534,919.8],[9.295166,41.772555,903.1],[9.29549,41.772525,893.7],[9.295537,41.772487,892.3],[9.295645,41.772442,888.1],[9.295801,41.772352,883.1],[9.295853,41.772292,879.9],[9.295914,41.772281,879],[9.295973,41.772249,877.7],[9.296016,41.772181,876.4],[9.29609,41.772136,874.8],[9.296143,41.772135,874.2],[9.296313,41.772222,870],[9.296353,41.772219,869.1],[9.296392,41.772233,868],[9.296414,41.772244,866.7],[9.296414,41.772202,865.9],[9.296441,41.772188,865.9],[9.296492,41.772197,864.3],[9.296672,41.772228,859.1],[9.296722,41.772216,858.1],[9.296793,41.77217,856.9],[9.296954,41.772085,854],[9.296971,41.77201,853.2],[9.297041,41.771988,852.6],[9.29707,41.771739,848.2],[9.297207,41.771698,844.9],[9.297377,41.771798,841.7],[9.297451,41.771828,839.5],[9.297514,41.771815,838.6],[9.297683,41.77173,835.2],[9.29779,41.771663,833],[9.297831,41.771569,829.6],[9.297818,41.771469,825.3],[9.297692,41.771172,820.4],[9.297607,41.770909,816.7],[9.297709,41.770877,812.5],[9.297706,41.770745,810.1],[9.297674,41.77069,809.8],[9.29773,41.77057,807.3],[9.297721,41.770385,803.4],[9.297662,41.770215,797.9],[9.297752,41.770163,795.5],[9.297792,41.770042,790.8],[9.29766,41.769924,789.1],[9.297548,41.769745,786.2],[9.297486,41.76952,780.9],[9.297854,41.769583,774.1],[9.298159,41.769564,769.2],[9.298598,41.769584,764.8],[9.298744,41.769521,762.8],[9.298918,41.769499,759.8],[9.299043,41.769371,759.1],[9.299162,41.769298,758.4],[9.299217,41.769204,756.8],[9.299342,41.769137,753],[9.299377,41.769036,752.5],[9.299523,41.768885,754.4],[9.299697,41.768881,753.5],[9.299828,41.768807,752.1],[9.300012,41.768666,746.5],[9.300125,41.76839,742.6],[9.300106,41.76827,740.4],[9.300105,41.768168,739.3],[9.300131,41.768101,739.2],[9.300053,41.768008,738.8],[9.299848,41.767914,739],[9.299719,41.767829,739.1],[9.299594,41.76768,738.8],[9.299568,41.767563,739.3],[9.299527,41.76749,738.8],[9.299537,41.767344,740.6],[9.299463,41.767212,739.2],[9.299464,41.767066,737],[9.299594,41.766925,734.8],[9.299777,41.766838,732.1],[9.299872,41.766749,730.2],[9.299889,41.766394,725.2],[9.29996,41.766244,722.4],[9.299936,41.766127,719.8],[9.300016,41.765959,715.5],[9.300001,41.765835,713.7],[9.300048,41.765819,712.9],[9.300089,41.765747,709.9],[9.300049,41.765669,708.7],[9.300104,41.765539,703.9],[9.300222,41.765409,700.8],[9.300428,41.765262,695],[9.300475,41.765255,693.9],[9.300557,41.765145,691.7],[9.300636,41.765146,689.7],[9.300777,41.765248,686.3],[9.3008,41.765304,685.4],[9.300914,41.765347,682.2],[9.300959,41.765336,680.5],[9.301006,41.765373,679.9],[9.301073,41.765347,679],[9.301289,41.76535,676.1],[9.301457,41.765383,673.9],[9.301514,41.765319,672.3],[9.301608,41.765301,670.2],[9.302,41.76553,664.5],[9.30216,41.765584,660.9],[9.30219,41.765655,660.9],[9.302257,41.765663,658.9],[9.302376,41.765743,654.7],[9.302452,41.765864,652.9],[9.302629,41.765975,649.7],[9.302768,41.765984,645.1],[9.302838,41.765944,644.4],[9.302952,41.765968,641.1],[9.303207,41.765977,635],[9.303305,41.765906,632.4],[9.30355,41.765918,627.9],[9.303775,41.765967,624.3],[9.303883,41.765933,622.8],[9.303977,41.76599,619.8],[9.304086,41.765964,618.1],[9.304094,41.766097,615.5],[9.304144,41.766278,613.7],[9.304317,41.766293,610.4],[9.304463,41.766246,611.3],[9.304539,41.7662,612.1],[9.304657,41.766047,613.1],[9.304896,41.765762,612.5],[9.304934,41.76563,613],[9.305088,41.765391,613.4],[9.305271,41.765231,613.2],[9.305497,41.764886,612.5],[9.305695,41.764512,610.8],[9.305737,41.764359,610.6],[9.305958,41.764097,613.2],[9.306324,41.763486,614.7],[9.306625,41.763022,611.9],[9.306878,41.762842,612],[9.307019,41.76265,609.8],[9.307014,41.762555,608],[9.307083,41.7625,606.4],[9.307105,41.762332,603.3],[9.307042,41.762187,599],[9.306988,41.761805,592.7],[9.307024,41.761734,589.9],[9.307003,41.761626,588.7],[9.307126,41.761621,585.9],[9.307206,41.761618,584.5],[9.307338,41.76157,582],[9.307426,41.761558,580.1],[9.307854,41.761458,580.3],[9.308268,41.761325,573.6],[9.30841,41.7613,570.1],[9.308445,41.761255,568.9],[9.308349,41.761133,566.2],[9.3081,41.761082,563.5],[9.307755,41.761121,555.2],[9.307589,41.761115,553.1],[9.307558,41.761053,553.7],[9.307565,41.761004,555],[9.30779,41.760786,558],[9.307793,41.760741,560.3],[9.307906,41.760604,561.8],[9.307906,41.760515,563.1],[9.307809,41.760322,566.5],[9.308074,41.760288,568.3],[9.308358,41.760204,569.3],[9.308523,41.760054,573.1],[9.308737,41.76005,573.5],[9.309257,41.75993,579.1],[9.309319,41.759967,578.4],[9.309489,41.759928,583.2],[9.309696,41.759939,586.5],[9.309721,41.759889,592.6],[9.309528,41.759752,596.2],[9.309622,41.759766,593.8],[9.30982,41.759745,601.9],[9.309822,41.759662,606.1],[9.309692,41.759567,610.9],[9.309855,41.75956,613.4],[9.310036,41.759569,618.4],[9.310093,41.759595,619.6],[9.310087,41.75968,623],[9.310139,41.759701,623.8],[9.310215,41.759659,625.5],[9.310319,41.759559,628.6],[9.310375,41.759534,629],[9.310465,41.759462,630],[9.310511,41.759364,631.1],[9.310634,41.759186,631.6],[9.31077,41.758921,630.7],[9.310875,41.758831,627],[9.311057,41.758663,623.1],[9.311097,41.758469,625.3],[9.311314,41.758403,625.1],[9.311474,41.758414,623.9],[9.311884,41.758261,628.2],[9.312086,41.75823,633.8],[9.312258,41.758153,639.7],[9.312357,41.757931,645.1],[9.312411,41.757792,645.7],[9.312411,41.757578,644.9],[9.312447,41.757454,644],[9.312326,41.757066,645.3],[9.312504,41.756599,637.9],[9.312676,41.75646,640.1],[9.312779,41.756257,642.2],[9.312765,41.756108,638.6],[9.312766,41.755874,637.8],[9.312912,41.755729,638.3],[9.313125,41.755669,637.4],[9.313257,41.755599,637.1],[9.313339,41.755477,634.9],[9.313386,41.755276,635.3],[9.313403,41.755,636.4],[9.313457,41.754882,636.7],[9.313423,41.754752,640.1],[9.313462,41.754576,638.5],[9.313523,41.754507,639.1],[9.313731,41.754518,640.7],[9.314103,41.754442,644.8],[9.314183,41.754368,648],[9.314419,41.754284,652],[9.314518,41.754013,655.8],[9.314694,41.753723,657],[9.314848,41.75352,657.5],[9.315343,41.753209,656.9],[9.315254,41.753014,655.8],[9.31506,41.752681,655.8],[9.314885,41.75227,656.9],[9.314419,41.752002,659.2],[9.314399,41.751716,655.3],[9.314365,41.751579,656.9],[9.314298,41.751067,649.7],[9.314495,41.750856,645.9],[9.315074,41.75056,635.7],[9.315246,41.750501,633.9],[9.315345,41.750501,631.5],[9.315552,41.750414,631.8],[9.315598,41.750332,633.2],[9.315841,41.750028,632.1],[9.315913,41.750015,633.7],[9.315976,41.750038,632.2],[9.316234,41.750251,625.7],[9.316518,41.750337,626.1],[9.316668,41.75037,627.2],[9.316751,41.750347,628],[9.316809,41.750304,629.6],[9.317002,41.750303,627.3],[9.317081,41.750234,627.1],[9.317088,41.750148,628.4],[9.317166,41.750074,627.7],[9.317349,41.750031,625.7],[9.317647,41.750038,626.2],[9.317704,41.750084,625],[9.318073,41.750125,625.3],[9.31832,41.75009,623.5],[9.318435,41.749989,622.6],[9.318597,41.749892,619.6],[9.318636,41.749703,619.4],[9.318627,41.749573,621],[9.318673,41.749375,624.2],[9.318727,41.749315,623.9],[9.318872,41.749271,622],[9.318959,41.74907,619],[9.319071,41.748854,611.2],[9.319223,41.74877,611.5],[9.319245,41.748707,609.9],[9.319429,41.748682,607],[9.319721,41.748757,602.8],[9.319719,41.748784,598.9],[9.319644,41.748807,597.4],[9.319729,41.748849,595.3],[9.319667,41.748859,594.6],[9.319667,41.748879,592],[9.319877,41.748965,587.6],[9.319978,41.748948,587.9],[9.320097,41.748896,588.5],[9.320468,41.748816,587.3],[9.320733,41.748385,595.1],[9.321425,41.748462,596.7],[9.321631,41.748551,599],[9.321736,41.74864,599.1],[9.321865,41.748688,600.1],[9.322038,41.748808,596.4],[9.322122,41.748808,594.7],[9.322138,41.748848,593.1],[9.322256,41.748839,590],[9.322458,41.748765,583.6],[9.322601,41.748647,582.1],[9.322783,41.748543,580.2],[9.323037,41.748499,579.3],[9.323338,41.748474,580.1],[9.323452,41.748517,580.3],[9.323681,41.748532,577.7],[9.323824,41.748579,574.9],[9.323901,41.748579,574.3],[9.324093,41.748652,571.7],[9.32429,41.748652,571.2],[9.324406,41.748676,570.5],[9.324514,41.748669,569.6],[9.324867,41.74848,565.3],[9.324991,41.748331,566.6],[9.325164,41.748197,566.4],[9.325192,41.748103,569.1],[9.325329,41.747986,573.4],[9.325627,41.747965,572.2],[9.325841,41.747804,578.5],[9.325826,41.747765,580.8],[9.325952,41.747687,584.5],[9.326005,41.747579,584.8],[9.326028,41.747461,585.6],[9.326048,41.747356,584.8],[9.325965,41.747185,580.6],[9.325858,41.746929,572.7],[9.325889,41.746908,572.7],[9.325964,41.746932,572.2],[9.326039,41.746913,568.8],[9.325993,41.746807,566.1],[9.326089,41.746801,563],[9.326105,41.746775,563],[9.326101,41.746665,558.2],[9.326169,41.746679,557.6],[9.326604,41.746494,545.7],[9.326463,41.746435,542.8],[9.326513,41.746391,540.4],[9.326491,41.746345,538.1],[9.326353,41.746309,537.7],[9.326346,41.746275,535.9],[9.32637,41.746231,533.1],[9.326563,41.746211,531.8],[9.326795,41.74606,524],[9.326839,41.746,522.2],[9.326971,41.745947,521.2],[9.327083,41.745869,516.7],[9.32698,41.745815,512.5],[9.327174,41.74574,510.3],[9.327412,41.745628,505.3],[9.327434,41.745523,502],[9.327591,41.745409,499.7],[9.327716,41.745259,496],[9.327854,41.744997,484.6],[9.328041,41.744814,478.9],[9.327954,41.744709,474.9],[9.327783,41.744714,473.2],[9.327754,41.74467,470.9],[9.327839,41.744638,469.5],[9.32805,41.744571,467.7],[9.328613,41.744366,459.1],[9.328776,41.744266,454.2],[9.328822,41.744258,454.7],[9.32898,41.74405,445.5],[9.3291,41.743914,441.1],[9.329202,41.743665,432.4],[9.329336,41.743506,427.6],[9.329601,41.743321,419.3],[9.329697,41.743189,414.9],[9.329682,41.743139,413.7],[9.329852,41.742922,408.6],[9.329849,41.742804,405],[9.329777,41.742773,404.2],[9.329676,41.742778,403.3],[9.329691,41.742701,400.5],[9.329793,41.742606,397.6],[9.329696,41.742503,392.1],[9.329603,41.742491,391.4],[9.32963,41.742256,384.9],[9.32978,41.741823,373.5],[9.329843,41.74166,368.7],[9.329804,41.741596,366],[9.329805,41.74154,365.1],[9.329838,41.74152,364.6],[9.329865,41.74141,365.4],[9.329786,41.741288,370],[9.329807,41.741155,369.6],[9.32987,41.741126,368.6],[9.329923,41.741081,367.7],[9.330128,41.740602,360.8],[9.330169,41.740514,359.4],[9.330203,41.74033,356.6],[9.330218,41.740266,355.5],[9.330307,41.740128,354.4],[9.330332,41.740074,353.7],[9.330334,41.740021,352.6],[9.330295,41.73995,352.2],[9.330259,41.739885,351.6],[9.330236,41.739802,350.4],[9.330203,41.739683,349.6],[9.330235,41.73962,348.1],[9.3303,41.739559,346.9],[9.330461,41.739492,343.4],[9.33077,41.739423,339.2],[9.330893,41.739397,337.3],[9.331123,41.739356,335.6],[9.331251,41.739347,334.9],[9.331369,41.739372,334.1],[9.331551,41.739453,331.7],[9.331621,41.739471,330.6],[9.331693,41.739445,328.8],[9.331755,41.739389,327.6],[9.332198,41.738864,316.1],[9.332515,41.738574,312.1],[9.332916,41.738064,307.7],[9.332998,41.737951,304.5],[9.333067,41.737794,300.6],[9.333119,41.737558,295.2],[9.333113,41.73738,292.2],[9.333072,41.737301,291.7],[9.332957,41.737214,291.9],[9.33273,41.737078,293.1],[9.332553,41.736899,288.8],[9.332351,41.736602,283.9],[9.33229,41.736553,283.7],[9.332238,41.736524,283.2],[9.332171,41.736514,282.8],[9.331968,41.73655,280.9],[9.331854,41.736562,279.5],[9.33178,41.736547,279.5],[9.331731,41.736489,279.9],[9.331726,41.736408,280.7],[9.331777,41.736315,279.1],[9.331812,41.736227,278.3],[9.331797,41.736125,277.1],[9.331649,41.735963,274.6],[9.331641,41.73592,274.3],[9.33168,41.735898,273.4],[9.331741,41.735917,271.9],[9.331845,41.735982,270.5],[9.332009,41.736092,268.4],[9.332097,41.736122,268.3],[9.332141,41.736115,267.7],[9.332369,41.736002,267.8],[9.33279,41.735749,264.1],[9.333219,41.735449,259.8],[9.333685,41.735099,254.2],[9.333786,41.735007,253],[9.333997,41.73478,250.3]]}}