{"type":"Feature","properties":{"name":"GR 20 principal","osm_relation":101692,"source":"© les contributeurs OpenStreetMap (ODbL), assemblage via Waymarked Trails + Overpass","length_m":182727,"n_points":8866,"fetched_at":"2026-07-23","gaps":[]},"geometry":{"type":"LineString","coordinates":[[8.854848,42.508153],[8.854881,42.508106],[8.854828,42.508021],[8.854817,42.50783],[8.854748,42.507633],[8.854672,42.507419],[8.854625,42.507361],[8.854554,42.507306],[8.854484,42.507267],[8.854402,42.507194],[8.854222,42.506986],[8.854191,42.506929],[8.854201,42.506892],[8.854191,42.5068],[8.85419,42.506783],[8.854098,42.506645],[8.854235,42.506604],[8.854343,42.506557],[8.854435,42.5065],[8.85446,42.506467],[8.854522,42.506439],[8.854615,42.506388],[8.85471,42.506353],[8.854774,42.506329],[8.854824,42.506334],[8.854862,42.506358],[8.854914,42.506391],[8.854977,42.5064],[8.855133,42.50635],[8.855252,42.506224],[8.855339,42.506165],[8.855446,42.506129],[8.855509,42.506108],[8.855621,42.506058],[8.855722,42.505936],[8.855767,42.505896],[8.855783,42.505871],[8.85593,42.505828],[8.856161,42.505773],[8.856312,42.505714],[8.856392,42.505653],[8.856421,42.50562],[8.85652,42.505527],[8.85675,42.505348],[8.856853,42.505269],[8.857225,42.504908],[8.857486,42.504407],[8.857614,42.504179],[8.857789,42.504131],[8.857911,42.503947],[8.858074,42.503891],[8.858098,42.503842],[8.857988,42.503852],[8.858015,42.50378],[8.8581,42.503728],[8.857967,42.50371],[8.858028,42.50361],[8.857897,42.503592],[8.857849,42.503564],[8.857885,42.503497],[8.857858,42.503496],[8.857731,42.503465],[8.857614,42.503384],[8.857617,42.503314],[8.85739,42.50327],[8.857319,42.503206],[8.857164,42.503151],[8.856705,42.503149],[8.856538,42.503099],[8.855977,42.503112],[8.855598,42.502947],[8.855585,42.502868],[8.855556,42.502835],[8.855427,42.502851],[8.855087,42.502508],[8.854896,42.502342],[8.85423,42.501911],[8.854101,42.501774],[8.853892,42.50173],[8.853728,42.50158],[8.853397,42.501251],[8.853084,42.50067],[8.852908,42.500432],[8.852761,42.500147],[8.852715,42.499759],[8.852839,42.499585],[8.852916,42.499291],[8.852823,42.499126],[8.852785,42.499103],[8.852704,42.499115],[8.852626,42.499097],[8.85259,42.49906],[8.852652,42.499001],[8.852701,42.49895],[8.852688,42.498861],[8.852674,42.498701],[8.852671,42.49866],[8.852315,42.49799],[8.852231,42.497836],[8.852226,42.497794],[8.852194,42.497768],[8.852128,42.49769],[8.8521,42.497233],[8.851818,42.496846],[8.851427,42.496559],[8.850987,42.496345],[8.850772,42.496296],[8.850572,42.496276],[8.850249,42.496283],[8.850081,42.496265],[8.849927,42.496282],[8.849703,42.496265],[8.849873,42.496079],[8.849966,42.495945],[8.850072,42.495687],[8.850141,42.49556],[8.850216,42.495421],[8.850346,42.495281],[8.850431,42.495146],[8.850537,42.495044],[8.850631,42.494969],[8.850739,42.494922],[8.850738,42.494906],[8.850698,42.494879],[8.850612,42.494855],[8.85052,42.494871],[8.850385,42.494912],[8.850325,42.494911],[8.850297,42.4949],[8.850295,42.494883],[8.850395,42.494798],[8.850367,42.494773],[8.85034,42.49475],[8.850306,42.494754],[8.850238,42.494792],[8.850177,42.4948],[8.850126,42.494793],[8.850132,42.494757],[8.85019,42.494697],[8.850192,42.494653],[8.850203,42.494614],[8.850239,42.49459],[8.85023,42.494574],[8.850124,42.49455],[8.850026,42.494634],[8.849959,42.494634],[8.849897,42.494664],[8.849868,42.494667],[8.849851,42.494651],[8.84986,42.494616],[8.84987,42.494581],[8.849851,42.494562],[8.849796,42.494532],[8.849818,42.49445],[8.850016,42.494244],[8.850241,42.493891],[8.850457,42.493781],[8.850478,42.493705],[8.850688,42.493549],[8.850709,42.493423],[8.850698,42.493342],[8.850743,42.493288],[8.850773,42.493198],[8.850818,42.493168],[8.85088,42.493054],[8.850979,42.492807],[8.850862,42.492759],[8.850906,42.492671],[8.850976,42.492581],[8.851351,42.492401],[8.851579,42.492385],[8.851639,42.49243],[8.851998,42.492652],[8.852958,42.492813],[8.853443,42.492903],[8.853686,42.492917],[8.853746,42.492942],[8.853945,42.492928],[8.854055,42.492945],[8.854337,42.492901],[8.854498,42.492854],[8.854581,42.492881],[8.85494,42.492809],[8.855181,42.492733],[8.855434,42.492725],[8.855903,42.492544],[8.856195,42.492356],[8.85648,42.492227],[8.856772,42.492141],[8.857005,42.492141],[8.857201,42.492099],[8.857349,42.49201],[8.857421,42.491914],[8.85792,42.491688],[8.858063,42.491652],[8.858391,42.491318],[8.858479,42.491135],[8.858376,42.490984],[8.858473,42.490818],[8.858529,42.490634],[8.858595,42.490597],[8.858748,42.490413],[8.85902,42.490275],[8.859125,42.490223],[8.859388,42.48996],[8.859446,42.489797],[8.859453,42.489632],[8.859298,42.489159],[8.859293,42.48892],[8.859508,42.488554],[8.859556,42.488158],[8.85997,42.487758],[8.859989,42.487509],[8.859895,42.487303],[8.859994,42.487087],[8.860857,42.486671],[8.861488,42.486364],[8.861683,42.486163],[8.861979,42.485944],[8.862512,42.485551],[8.863449,42.485274],[8.863879,42.484949],[8.86411,42.484505],[8.864507,42.48406],[8.865173,42.483253],[8.86524,42.482955],[8.8656,42.482594],[8.865572,42.48245],[8.865563,42.482403],[8.865145,42.482467],[8.865104,42.482342],[8.865283,42.482255],[8.86529,42.482063],[8.864909,42.482082],[8.864823,42.481829],[8.864704,42.48161],[8.86471,42.481224],[8.864673,42.481155],[8.864681,42.480842],[8.864645,42.480656],[8.86451,42.480543],[8.864502,42.480416],[8.864385,42.480263],[8.864094,42.479876],[8.864151,42.47958],[8.864349,42.479734],[8.864483,42.479446],[8.864891,42.47884],[8.865151,42.478206],[8.865281,42.478547],[8.865357,42.478704],[8.865388,42.479002],[8.865597,42.479393],[8.865858,42.479583],[8.865893,42.479379],[8.865972,42.479032],[8.866127,42.478771],[8.866241,42.47913],[8.866496,42.479397],[8.867301,42.479651],[8.867733,42.479866],[8.867919,42.479855],[8.86846,42.479831],[8.869121,42.480528],[8.869453,42.480565],[8.869641,42.480595],[8.869895,42.480523],[8.870046,42.480588],[8.870175,42.480804],[8.870753,42.481104],[8.870348,42.481674],[8.870207,42.482003],[8.870767,42.481609],[8.871188,42.481441],[8.87114,42.481657],[8.871404,42.481585],[8.871368,42.481898],[8.871357,42.482077],[8.871695,42.48197],[8.871885,42.481983],[8.871873,42.482174],[8.872337,42.482012],[8.873011,42.481606],[8.873033,42.48168],[8.873149,42.481617],[8.873243,42.481669],[8.873531,42.481249],[8.873627,42.480792],[8.873545,42.480192],[8.873769,42.480233],[8.873961,42.480123],[8.874739,42.480823],[8.874985,42.481044],[8.875285,42.481729],[8.875661,42.481671],[8.875826,42.481645],[8.875947,42.481403],[8.876341,42.481198],[8.877482,42.479998],[8.877254,42.479892],[8.87746,42.479639],[8.877595,42.47937],[8.877721,42.479104],[8.877738,42.478867],[8.877833,42.478572],[8.878047,42.478151],[8.878152,42.477943],[8.878103,42.477841],[8.878325,42.477496],[8.878399,42.477211],[8.878659,42.477018],[8.878617,42.476796],[8.878648,42.476649],[8.878442,42.476518],[8.878467,42.476356],[8.878755,42.476193],[8.879153,42.476105],[8.879488,42.476042],[8.879746,42.476017],[8.879986,42.475798],[8.879854,42.475327],[8.879841,42.475279],[8.879821,42.475209],[8.88003,42.475102],[8.880315,42.475136],[8.880714,42.475074],[8.881085,42.474884],[8.88153,42.474918],[8.882024,42.474835],[8.882258,42.474704],[8.882555,42.474694],[8.883209,42.474436],[8.883644,42.474467],[8.883945,42.474381],[8.884586,42.474209],[8.885553,42.474133],[8.885703,42.474203],[8.886706,42.474117],[8.88709,42.474123],[8.887498,42.473982],[8.887679,42.474053],[8.888102,42.474023],[8.888206,42.473784],[8.888707,42.473455],[8.888513,42.473369],[8.888259,42.4732],[8.888132,42.473086],[8.888355,42.472933],[8.888879,42.472733],[8.88891,42.472475],[8.889235,42.472333],[8.889551,42.472317],[8.890292,42.471656],[8.890613,42.47168],[8.891081,42.471681],[8.891611,42.471867],[8.892024,42.471892],[8.893116,42.471833],[8.893946,42.471971],[8.894708,42.47185],[8.895279,42.471867],[8.897105,42.471362],[8.897846,42.471464],[8.898645,42.471459],[8.899806,42.471771],[8.900723,42.471796],[8.901826,42.471536],[8.902408,42.471123],[8.902983,42.470399],[8.903427,42.470213],[8.904034,42.469947],[8.903998,42.469769],[8.904427,42.469543],[8.90509,42.469375],[8.906751,42.469324],[8.907031,42.469188],[8.907182,42.468748],[8.907153,42.468696],[8.907077,42.468619],[8.90706,42.468556],[8.907046,42.468484],[8.907029,42.468463],[8.907026,42.468391],[8.906999,42.468333],[8.907001,42.468278],[8.907028,42.468251],[8.907202,42.468137],[8.90738,42.468105],[8.907561,42.468059],[8.907853,42.467898],[8.908031,42.467813],[8.909113,42.467404],[8.909289,42.467311],[8.909346,42.467247],[8.909403,42.467152],[8.909405,42.467085],[8.90935,42.467013],[8.909286,42.466963],[8.909243,42.466924],[8.90927,42.46689],[8.909365,42.466802],[8.909424,42.466772],[8.909542,42.466761],[8.909618,42.46669],[8.909641,42.466602],[8.909597,42.466425],[8.909553,42.466391],[8.909458,42.466363],[8.909388,42.466281],[8.90927,42.466187],[8.909208,42.466167],[8.909054,42.466185],[8.908923,42.466173],[8.908735,42.466217],[8.908575,42.46624],[8.90848,42.466269],[8.90842,42.466271],[8.908381,42.466295],[8.908319,42.46631],[8.90827,42.466296],[8.908176,42.466257],[8.908116,42.466205],[8.908093,42.466176],[8.908116,42.466167],[8.908108,42.466158],[8.908063,42.466142],[8.908013,42.466146],[8.907973,42.466161],[8.907931,42.466159],[8.90788,42.466138],[8.907808,42.466145],[8.907746,42.466137],[8.907677,42.466143],[8.907639,42.466119],[8.90763,42.466081],[8.907599,42.466076],[8.907538,42.46606],[8.907529,42.46604],[8.907505,42.466022],[8.907426,42.466011],[8.907361,42.46601],[8.907322,42.465951],[8.907293,42.465879],[8.907267,42.465769],[8.907187,42.465738],[8.907145,42.465688],[8.907046,42.46558],[8.906979,42.465522],[8.906916,42.465443],[8.906715,42.46528],[8.906692,42.465214],[8.906738,42.465169],[8.906732,42.46511],[8.906774,42.465029],[8.906841,42.464951],[8.906966,42.464873],[8.907065,42.464762],[8.907114,42.464677],[8.907113,42.464609],[8.907061,42.464481],[8.907023,42.464386],[8.906986,42.464306],[8.906956,42.464105],[8.90695,42.463964],[8.906972,42.463852],[8.906961,42.463792],[8.906918,42.463734],[8.906806,42.463652],[8.906755,42.463582],[8.906762,42.463522],[8.906812,42.463467],[8.907041,42.463324],[8.90709,42.463266],[8.907114,42.463199],[8.907113,42.463146],[8.907112,42.463095],[8.907034,42.462989],[8.906932,42.462952],[8.906853,42.462895],[8.906799,42.46285],[8.906736,42.462796],[8.906663,42.462678],[8.906634,42.462623],[8.906637,42.46257],[8.906649,42.462515],[8.906629,42.462468],[8.906536,42.462386],[8.906539,42.462294],[8.906558,42.462177],[8.906627,42.461892],[8.9067,42.46172],[8.906683,42.461503],[8.906838,42.461204],[8.906878,42.461066],[8.906924,42.460765],[8.906918,42.460684],[8.906858,42.460577],[8.906534,42.460284],[8.906437,42.460225],[8.906365,42.4602],[8.90611,42.460177],[8.905814,42.460107],[8.905298,42.460034],[8.905046,42.460039],[8.904652,42.46014],[8.904443,42.460147],[8.904333,42.460103],[8.903915,42.459822],[8.903608,42.459673],[8.903257,42.459421],[8.903108,42.459165],[8.903054,42.459101],[8.902883,42.458963],[8.902836,42.458893],[8.902809,42.45867],[8.902775,42.458604],[8.902719,42.458538],[8.902586,42.458433],[8.902538,42.458355],[8.90254,42.458288],[8.902623,42.458196],[8.902652,42.458121],[8.902586,42.458019],[8.902579,42.457966],[8.902602,42.457936],[8.902668,42.45791],[8.902917,42.45789],[8.903029,42.45785],[8.903083,42.457795],[8.903113,42.457729],[8.90311,42.457661],[8.903016,42.457515],[8.902996,42.457413],[8.903024,42.457349],[8.903115,42.457257],[8.903146,42.457194],[8.903135,42.457129],[8.902983,42.456797],[8.902822,42.456619],[8.902741,42.456282],[8.903037,42.455979],[8.903544,42.455855],[8.903891,42.455781],[8.903895,42.455635],[8.903855,42.455619],[8.903533,42.455488],[8.903644,42.455379],[8.903668,42.455256],[8.903515,42.455268],[8.903393,42.455211],[8.903339,42.454802],[8.903371,42.454352],[8.903598,42.453886],[8.904161,42.453436],[8.904173,42.453147],[8.903993,42.452892],[8.903995,42.452683],[8.904026,42.452437],[8.904135,42.452316],[8.904065,42.452246],[8.903966,42.45212],[8.9035,42.452098],[8.903377,42.451849],[8.903389,42.451593],[8.903535,42.451386],[8.903513,42.450722],[8.903219,42.450531],[8.903198,42.450439],[8.903302,42.450283],[8.903217,42.449906],[8.903148,42.449636],[8.903005,42.449584],[8.902846,42.449641],[8.90255,42.449393],[8.902802,42.449206],[8.903171,42.449097],[8.90347,42.448848],[8.903572,42.448642],[8.903745,42.448545],[8.903831,42.448457],[8.903459,42.448487],[8.903155,42.448459],[8.902714,42.44858],[8.90197,42.448598],[8.901943,42.448479],[8.902161,42.448294],[8.902152,42.448123],[8.902204,42.447993],[8.902936,42.447601],[8.90311,42.447324],[8.902999,42.447215],[8.903302,42.44708],[8.903371,42.446852],[8.903861,42.446687],[8.904201,42.446454],[8.904562,42.446407],[8.904473,42.446364],[8.90411,42.446263],[8.904224,42.446069],[8.904382,42.445676],[8.904668,42.445572],[8.905195,42.445771],[8.90618,42.445849],[8.90669,42.44565],[8.906794,42.445754],[8.906984,42.445589],[8.907183,42.445736],[8.90775,42.445269],[8.907806,42.445113],[8.907682,42.444894],[8.907771,42.444665],[8.908268,42.444475],[8.908877,42.444388],[8.910451,42.443981],[8.910814,42.44393],[8.910918,42.443886],[8.911765,42.443973],[8.912422,42.443757],[8.912606,42.443801],[8.912785,42.443843],[8.913046,42.443746],[8.913182,42.443783],[8.913632,42.443696],[8.91379,42.443705],[8.913815,42.443589],[8.914089,42.443555],[8.914535,42.443371],[8.915153,42.442979],[8.915295,42.442771],[8.915195,42.442521],[8.915105,42.442103],[8.9153,42.44176],[8.915404,42.44144],[8.915577,42.441103],[8.915758,42.440506],[8.91594,42.440346],[8.916035,42.440143],[8.916449,42.439816],[8.916242,42.439643],[8.916165,42.439519],[8.916078,42.439322],[8.91613,42.439316],[8.916306,42.439439],[8.916286,42.439305],[8.916382,42.439062],[8.916561,42.438603],[8.91684,42.438117],[8.916839,42.437688],[8.916891,42.437282],[8.916778,42.436886],[8.916828,42.436684],[8.916805,42.43656],[8.916871,42.436442],[8.916803,42.43637],[8.916853,42.435976],[8.91684,42.435882],[8.916682,42.435846],[8.916546,42.435666],[8.916525,42.435582],[8.916489,42.435544],[8.916208,42.435245],[8.916001,42.435],[8.915848,42.434715],[8.915551,42.434334],[8.915447,42.433893],[8.915127,42.433504],[8.914911,42.433306],[8.914521,42.433148],[8.913908,42.432932],[8.913672,42.432706],[8.913317,42.432703],[8.913064,42.432867],[8.91272,42.432887],[8.912765,42.43272],[8.912728,42.432516],[8.912918,42.432244],[8.912879,42.432113],[8.912762,42.432107],[8.912743,42.431994],[8.912659,42.431924],[8.912643,42.431748],[8.912731,42.431609],[8.912664,42.431532],[8.912747,42.431402],[8.912709,42.4312],[8.912803,42.430977],[8.912731,42.430712],[8.912611,42.430636],[8.912605,42.430569],[8.912514,42.430456],[8.912595,42.430245],[8.912535,42.429903],[8.912661,42.429791],[8.912577,42.429589],[8.912431,42.429088],[8.912256,42.42897],[8.912227,42.428731],[8.911837,42.428694],[8.911391,42.428808],[8.910616,42.428515],[8.910304,42.428473],[8.910166,42.428362],[8.910016,42.428315],[8.909914,42.428212],[8.909768,42.428167],[8.909593,42.428088],[8.909349,42.428089],[8.909057,42.427975],[8.908813,42.42801],[8.90838,42.427866],[8.908082,42.427889],[8.907956,42.427836],[8.907746,42.427864],[8.907476,42.427873],[8.907362,42.428001],[8.907019,42.427996],[8.906617,42.427993],[8.906526,42.428103],[8.906441,42.428091],[8.906426,42.427968],[8.906259,42.42798],[8.906212,42.427934],[8.906121,42.427985],[8.905973,42.427866],[8.905817,42.427874],[8.905734,42.427823],[8.905621,42.427866],[8.905647,42.427746],[8.905185,42.427878],[8.905333,42.427644],[8.905309,42.427529],[8.905211,42.427524],[8.905238,42.427372],[8.905381,42.427278],[8.905279,42.427063],[8.905048,42.426872],[8.90473,42.426668],[8.903998,42.426682],[8.903687,42.426667],[8.903504,42.426714],[8.903269,42.426696],[8.902893,42.426361],[8.90258,42.426368],[8.902154,42.426244],[8.901913,42.426152],[8.901606,42.426139],[8.901558,42.426119],[8.901499,42.426137],[8.901457,42.426139],[8.901333,42.426101],[8.901281,42.426057],[8.901129,42.426032],[8.901054,42.425958],[8.90071,42.426038],[8.900645,42.426105],[8.900401,42.426164],[8.900215,42.426333],[8.90001,42.426343],[8.899984,42.42633],[8.899878,42.426277],[8.899821,42.426179],[8.899844,42.426045],[8.899717,42.425894],[8.899631,42.425838],[8.899554,42.425723],[8.899411,42.425691],[8.899313,42.425634],[8.899216,42.425545],[8.899126,42.42545],[8.899107,42.425358],[8.899001,42.4252],[8.898824,42.425093],[8.898683,42.425008],[8.898537,42.424864],[8.898446,42.424911],[8.898375,42.424873],[8.898265,42.424933],[8.898184,42.424909],[8.898146,42.424908],[8.898131,42.424844],[8.898137,42.424756],[8.898108,42.424652],[8.898067,42.424557],[8.898095,42.424422],[8.898079,42.424335],[8.898037,42.424303],[8.898005,42.424278],[8.897889,42.424255],[8.897773,42.424233],[8.897674,42.424225],[8.897633,42.424212],[8.897637,42.424037],[8.897691,42.423933],[8.897572,42.423787],[8.89763,42.423584],[8.897535,42.423531],[8.897697,42.423423],[8.897908,42.423379],[8.897997,42.423276],[8.897935,42.423203],[8.898064,42.423104],[8.89799,42.423052],[8.898248,42.422871],[8.898426,42.422728],[8.898502,42.422606],[8.898542,42.422402],[8.898812,42.421559],[8.898877,42.421414],[8.899066,42.421306],[8.899144,42.420973],[8.899416,42.420713],[8.899533,42.420664],[8.899573,42.420719],[8.899803,42.420683],[8.900108,42.420574],[8.900276,42.420453],[8.900555,42.420354],[8.900882,42.420041],[8.901148,42.419939],[8.901472,42.41979],[8.901839,42.419671],[8.9024,42.419419],[8.902629,42.419339],[8.902767,42.419235],[8.902788,42.419147],[8.902946,42.418989],[8.903094,42.418909],[8.902961,42.418755],[8.903048,42.418553],[8.903019,42.418434],[8.903059,42.418278],[8.902906,42.418183],[8.902741,42.418],[8.902526,42.417854],[8.902415,42.41767],[8.902249,42.41765],[8.902181,42.417678],[8.902198,42.417881],[8.902005,42.417893],[8.901786,42.417757],[8.901682,42.417602],[8.901325,42.417499],[8.901259,42.417115],[8.901253,42.416391],[8.901573,42.416255],[8.901604,42.416109],[8.901492,42.416064],[8.901776,42.415854],[8.902155,42.415865],[8.902345,42.415752],[8.903201,42.415685],[8.903695,42.415623],[8.90403,42.415895],[8.904226,42.415865],[8.904223,42.415658],[8.904422,42.415535],[8.904516,42.415389],[8.904653,42.415275],[8.904942,42.415189],[8.905168,42.415014],[8.905475,42.414729],[8.905524,42.414565],[8.905867,42.414251],[8.906122,42.414274],[8.906354,42.414063],[8.906293,42.413948],[8.906498,42.413899],[8.906632,42.413936],[8.906616,42.414036],[8.90668,42.414094],[8.906766,42.414028],[8.906841,42.413947],[8.907017,42.413825],[8.907051,42.41363],[8.906987,42.413541],[8.907054,42.413496],[8.907196,42.413535],[8.907249,42.413642],[8.907427,42.41366],[8.907573,42.413715],[8.907706,42.413763],[8.907822,42.41373],[8.907914,42.413704],[8.908013,42.413618],[8.90798,42.413468],[8.908116,42.413394],[8.908167,42.41335],[8.908025,42.413135],[8.907995,42.413061],[8.907905,42.412956],[8.907879,42.412684],[8.907853,42.412528],[8.907735,42.412441],[8.90782,42.412287],[8.907984,42.41211],[8.908128,42.412059],[8.908176,42.411923],[8.908378,42.411803],[8.908369,42.411594],[8.908546,42.411355],[8.908476,42.411316],[8.908489,42.411186],[8.908594,42.411091],[8.908589,42.411008],[8.908496,42.41093],[8.90851,42.410757],[8.908424,42.410708],[8.908343,42.410526],[8.908221,42.410571],[8.908266,42.410468],[8.908144,42.410416],[8.907974,42.4104],[8.907766,42.410461],[8.907577,42.410602],[8.907619,42.410334],[8.907743,42.410293],[8.907677,42.410186],[8.907874,42.4101],[8.907853,42.41005],[8.907963,42.41],[8.907945,42.409881],[8.908001,42.40987],[8.908032,42.409782],[8.908153,42.409782],[8.908191,42.409678],[8.908379,42.409572],[8.908484,42.409373],[8.908581,42.409208],[8.908463,42.409098],[8.90848,42.409019],[8.908679,42.408926],[8.908792,42.408841],[8.908891,42.408695],[8.909094,42.408607],[8.909383,42.40841],[8.909615,42.408187],[8.909772,42.408169],[8.909992,42.408015],[8.910082,42.407894],[8.910268,42.407774],[8.910326,42.407672],[8.910403,42.407659],[8.910436,42.407652],[8.910624,42.407575],[8.910716,42.407537],[8.910772,42.407347],[8.910862,42.407377],[8.91088,42.407211],[8.910835,42.40715],[8.910832,42.407017],[8.910913,42.406926],[8.911019,42.406875],[8.911102,42.406898],[8.91118,42.406968],[8.911276,42.406933],[8.91141,42.407012],[8.911512,42.407027],[8.91166,42.406945],[8.91169,42.406781],[8.911785,42.406739],[8.911906,42.406817],[8.912033,42.406794],[8.912122,42.40681],[8.912226,42.406764],[8.912307,42.406665],[8.912361,42.406689],[8.912536,42.406613],[8.912672,42.40667],[8.912888,42.406728],[8.913036,42.406737],[8.913099,42.406746],[8.913159,42.406731],[8.913206,42.406812],[8.913266,42.406794],[8.913353,42.40684],[8.913405,42.406877],[8.913487,42.406895],[8.913778,42.406945],[8.913837,42.406919],[8.913814,42.406846],[8.914031,42.406765],[8.914025,42.406592],[8.914175,42.40655],[8.914335,42.406387],[8.914343,42.406109],[8.914088,42.405907],[8.914551,42.405847],[8.914856,42.405764],[8.915175,42.40572],[8.915281,42.405688],[8.915555,42.405496],[8.916071,42.40542],[8.91627,42.405367],[8.916649,42.405127],[8.917153,42.405103],[8.917473,42.405034],[8.917873,42.404916],[8.918215,42.404574],[8.918433,42.404539],[8.918645,42.404264],[8.918728,42.404304],[8.918814,42.404304],[8.918851,42.404263],[8.919049,42.404238],[8.919233,42.404252],[8.91939,42.40421],[8.919597,42.404283],[8.919743,42.404294],[8.91992,42.404344],[8.920118,42.404351],[8.920318,42.404436],[8.920423,42.404449],[8.920437,42.404403],[8.920526,42.404382],[8.920553,42.404353],[8.920631,42.404378],[8.920702,42.404351],[8.920735,42.404396],[8.92078,42.404357],[8.920807,42.404165],[8.920967,42.40404],[8.921037,42.403613],[8.921119,42.40349],[8.921102,42.403273],[8.921176,42.403121],[8.921384,42.40304],[8.921468,42.403051],[8.921533,42.403109],[8.921678,42.403239],[8.921739,42.403313],[8.921781,42.403304],[8.921844,42.403326],[8.921938,42.403353],[8.922031,42.40336],[8.922061,42.403405],[8.922104,42.40341],[8.922213,42.403365],[8.922305,42.403385],[8.922429,42.403402],[8.922605,42.403591],[8.922732,42.403639],[8.922745,42.403584],[8.922756,42.403551],[8.922777,42.4035],[8.922791,42.403477],[8.923056,42.403212],[8.923238,42.403252],[8.923373,42.403287],[8.923797,42.403299],[8.923941,42.40324],[8.924107,42.403151],[8.924149,42.403087],[8.924124,42.402992],[8.923773,42.402619],[8.923049,42.40194],[8.922922,42.401604],[8.922837,42.401487],[8.922869,42.401342],[8.922753,42.401146],[8.922571,42.400995],[8.922366,42.40045],[8.922391,42.40034],[8.922265,42.400158],[8.92225,42.399918],[8.922215,42.399834],[8.922207,42.399697],[8.922135,42.399626],[8.922026,42.399394],[8.922076,42.399255],[8.921918,42.399035],[8.921592,42.398108],[8.921544,42.397667],[8.92158,42.397467],[8.921523,42.397249],[8.921591,42.397197],[8.921605,42.396981],[8.921677,42.396932],[8.921664,42.396866],[8.921767,42.396686],[8.921763,42.396576],[8.921933,42.39613],[8.922056,42.395983],[8.922057,42.39585],[8.922185,42.395671],[8.922269,42.395614],[8.922466,42.395345],[8.922513,42.395279],[8.922572,42.395105],[8.922654,42.394991],[8.922744,42.394867],[8.922735,42.394755],[8.922746,42.39466],[8.922868,42.394515],[8.922745,42.39443],[8.922699,42.394202],[8.92258,42.39402],[8.922536,42.393605],[8.922566,42.393494],[8.922649,42.393411],[8.922681,42.393293],[8.92285,42.393118],[8.922972,42.392995],[8.922967,42.392895],[8.923067,42.392809],[8.92317,42.392659],[8.92324,42.39261],[8.923259,42.392551],[8.92333,42.392527],[8.923315,42.39248],[8.923235,42.392449],[8.923141,42.392412],[8.923122,42.392388],[8.92307,42.392379],[8.923028,42.392356],[8.92304,42.392259],[8.923062,42.39222],[8.923071,42.392108],[8.923136,42.392078],[8.92316,42.391961],[8.923148,42.391899],[8.923123,42.391864],[8.923175,42.391795],[8.923182,42.391727],[8.923265,42.391692],[8.923336,42.391649],[8.923373,42.391599],[8.923289,42.391539],[8.923266,42.39149],[8.923287,42.391435],[8.923303,42.39135],[8.923296,42.391296],[8.923326,42.391263],[8.923306,42.391221],[8.92329,42.391196],[8.923259,42.391142],[8.92324,42.391085],[8.923253,42.391019],[8.923258,42.390974],[8.923257,42.390923],[8.923217,42.390873],[8.923267,42.390788],[8.923271,42.390722],[8.923353,42.390703],[8.923471,42.390728],[8.923508,42.390723],[8.923599,42.390712],[8.923747,42.390674],[8.923766,42.390481],[8.923757,42.39041],[8.923768,42.390374],[8.923818,42.390348],[8.923868,42.390313],[8.923898,42.390317],[8.923943,42.390224],[8.923996,42.390193],[8.924031,42.390188],[8.924084,42.390191],[8.924131,42.390172],[8.92419,42.390079],[8.924471,42.389913],[8.924559,42.389885],[8.924609,42.389895],[8.924666,42.389963],[8.924686,42.390019],[8.924679,42.390075],[8.924722,42.390079],[8.924754,42.390065],[8.92477,42.390022],[8.924797,42.389945],[8.924846,42.389871],[8.924904,42.38991],[8.924937,42.389932],[8.924972,42.389911],[8.924992,42.389845],[8.925041,42.389759],[8.925189,42.389555],[8.925295,42.3893],[8.925252,42.389188],[8.925267,42.389149],[8.925291,42.389113],[8.925318,42.389074],[8.925294,42.38901],[8.925296,42.388936],[8.925313,42.388835],[8.925351,42.38879],[8.925346,42.388729],[8.925421,42.388682],[8.92541,42.388643],[8.92537,42.388623],[8.925371,42.388572],[8.925407,42.388424],[8.925566,42.388205],[8.925655,42.388183],[8.925634,42.38812],[8.925667,42.388108],[8.925643,42.388078],[8.925696,42.388059],[8.925711,42.388014],[8.925803,42.388058],[8.925849,42.388049],[8.925866,42.387997],[8.92594,42.388019],[8.925996,42.387955],[8.926149,42.38787],[8.926213,42.38782],[8.926302,42.387822],[8.926356,42.387857],[8.926444,42.387991],[8.926509,42.38809],[8.926654,42.388228],[8.926777,42.388222],[8.926871,42.388069],[8.926966,42.387993],[8.92695,42.387941],[8.926989,42.387919],[8.927021,42.387904],[8.927044,42.387922],[8.927048,42.387978],[8.927009,42.388026],[8.927084,42.388073],[8.927175,42.388132],[8.92734,42.388042],[8.927591,42.388158],[8.927702,42.388149],[8.927847,42.388126],[8.927972,42.388246],[8.928067,42.388238],[8.928256,42.388142],[8.928451,42.38824],[8.928543,42.388192],[8.928666,42.388169],[8.928764,42.388181],[8.928806,42.388203],[8.928814,42.388242],[8.928778,42.388293],[8.928766,42.388331],[8.928787,42.38836],[8.928838,42.388388],[8.928996,42.38839],[8.929094,42.388401],[8.929189,42.388453],[8.929254,42.388446],[8.929317,42.388453],[8.929356,42.388433],[8.929428,42.388423],[8.92982,42.388443],[8.930148,42.388435],[8.930184,42.388386],[8.930266,42.388389],[8.930336,42.388365],[8.930423,42.388353],[8.930455,42.388371],[8.930503,42.388353],[8.930652,42.388334],[8.930638,42.388396],[8.930834,42.388489],[8.930957,42.3885],[8.931081,42.388567],[8.931239,42.388448],[8.931298,42.388407],[8.931323,42.388378],[8.931426,42.38836],[8.931513,42.388382],[8.931643,42.388382],[8.931704,42.388351],[8.93173,42.388307],[8.931798,42.38827],[8.931955,42.388219],[8.932001,42.388171],[8.9321,42.388146],[8.932208,42.388113],[8.932396,42.38803],[8.93274,42.38796],[8.933164,42.387856],[8.93357,42.387748],[8.933853,42.387715],[8.934071,42.38767],[8.93412,42.387605],[8.934283,42.38761],[8.934509,42.387591],[8.934634,42.387577],[8.934802,42.387486],[8.934871,42.387426],[8.935234,42.387207],[8.935404,42.387148],[8.935477,42.387099],[8.935498,42.387048],[8.935484,42.387003],[8.935498,42.386969],[8.935563,42.386951],[8.935658,42.386957],[8.935684,42.386949],[8.935704,42.386978],[8.935747,42.386976],[8.935851,42.386941],[8.935872,42.386873],[8.936035,42.38675],[8.936239,42.386623],[8.936447,42.38652],[8.936546,42.386538],[8.936633,42.386469],[8.936845,42.386387],[8.936985,42.386331],[8.937044,42.386302],[8.937097,42.386304],[8.937119,42.386279],[8.937154,42.386276],[8.937174,42.386244],[8.93725,42.386273],[8.937299,42.386216],[8.937352,42.386237],[8.937377,42.386229],[8.937397,42.386201],[8.937532,42.386159],[8.93757,42.386166],[8.937686,42.386097],[8.93776,42.386083],[8.93778,42.38596],[8.937786,42.385917],[8.937793,42.385878],[8.937816,42.385851],[8.937862,42.385856],[8.937899,42.38577],[8.938007,42.385781],[8.938148,42.385651],[8.938143,42.385626],[8.938139,42.385564],[8.938177,42.385534],[8.938184,42.385479],[8.938237,42.385431],[8.938375,42.38509],[8.938528,42.38496],[8.938569,42.38488],[8.938655,42.384883],[8.938806,42.384836],[8.938851,42.384736],[8.938987,42.384675],[8.939074,42.38457],[8.939117,42.384453],[8.939156,42.384397],[8.939137,42.384287],[8.939151,42.384243],[8.939214,42.384216],[8.939267,42.384128],[8.939331,42.384055],[8.939304,42.383995],[8.939376,42.383933],[8.939352,42.383875],[8.939404,42.383862],[8.939501,42.383819],[8.939502,42.383712],[8.93959,42.383686],[8.939547,42.383584],[8.939589,42.383568],[8.939571,42.383522],[8.939632,42.383512],[8.939607,42.383479],[8.939668,42.383465],[8.939625,42.383377],[8.9396,42.383322],[8.939667,42.383287],[8.939648,42.383222],[8.939764,42.38321],[8.939739,42.383163],[8.939778,42.383146],[8.939882,42.383158],[8.939894,42.38312],[8.939991,42.383136],[8.940048,42.383066],[8.94008,42.383001],[8.940138,42.382992],[8.940092,42.382911],[8.940157,42.382867],[8.940377,42.382888],[8.940438,42.382767],[8.940519,42.382743],[8.940551,42.382656],[8.940621,42.382623],[8.940685,42.382574],[8.940775,42.382601],[8.94082,42.382583],[8.940837,42.382549],[8.940894,42.382497],[8.940966,42.382483],[8.940996,42.382417],[8.941138,42.382452],[8.941155,42.382437],[8.941312,42.382449],[8.941414,42.382429],[8.941407,42.382387],[8.941332,42.382197],[8.941366,42.382096],[8.941379,42.382043],[8.941331,42.382004],[8.941287,42.381941],[8.941283,42.381846],[8.9411,42.381709],[8.941087,42.381667],[8.941039,42.381664],[8.94105,42.381626],[8.940963,42.381544],[8.940921,42.381462],[8.940898,42.381391],[8.940979,42.381357],[8.940916,42.38126],[8.940874,42.381243],[8.940853,42.381205],[8.940687,42.381071],[8.940694,42.38096],[8.940646,42.380896],[8.940586,42.380863],[8.940298,42.380816],[8.940211,42.38078],[8.940161,42.380724],[8.940145,42.380688],[8.940098,42.380663],[8.940079,42.380607],[8.939791,42.380387],[8.939599,42.380298],[8.939402,42.380192],[8.939238,42.380198],[8.939168,42.380214],[8.939105,42.380154],[8.939002,42.380091],[8.93893,42.380059],[8.938915,42.379984],[8.939008,42.379981],[8.939144,42.380013],[8.939272,42.380037],[8.939368,42.380052],[8.939329,42.379952],[8.93926,42.379863],[8.939272,42.379825],[8.93928,42.379792],[8.939269,42.379728],[8.939242,42.379637],[8.939299,42.379611],[8.939274,42.379583],[8.939268,42.379516],[8.939163,42.379355],[8.939103,42.379284],[8.939132,42.379269],[8.939095,42.379227],[8.939138,42.379205],[8.939128,42.379143],[8.939184,42.379112],[8.939072,42.379021],[8.93909,42.378948],[8.939032,42.378904],[8.93905,42.378793],[8.939077,42.37872],[8.939029,42.378671],[8.93902,42.378635],[8.938962,42.378581],[8.938826,42.378445],[8.938769,42.378388],[8.938694,42.378364],[8.938605,42.378262],[8.938533,42.378197],[8.938445,42.378163],[8.938397,42.378095],[8.938403,42.378034],[8.938337,42.377963],[8.938419,42.377962],[8.93838,42.377871],[8.938311,42.377877],[8.938306,42.377798],[8.938376,42.377688],[8.938448,42.377655],[8.93849,42.377604],[8.938484,42.377553],[8.938327,42.377479],[8.938228,42.377367],[8.938161,42.37733],[8.938219,42.377289],[8.938216,42.377188],[8.938276,42.37715],[8.938218,42.377063],[8.93811,42.376946],[8.937944,42.376742],[8.937925,42.376696],[8.93796,42.376647],[8.937888,42.376605],[8.937901,42.376566],[8.937829,42.376504],[8.937734,42.376464],[8.937676,42.376428],[8.937572,42.376422],[8.937491,42.376365],[8.93696,42.376025],[8.936802,42.37598],[8.936744,42.375915],[8.936598,42.375935],[8.936366,42.375836],[8.936305,42.375793],[8.936212,42.375795],[8.935932,42.375616],[8.935626,42.375593],[8.935534,42.375539],[8.935433,42.375527],[8.935224,42.375462],[8.935015,42.375333],[8.934697,42.37531],[8.934385,42.375329],[8.934245,42.375351],[8.934151,42.375298],[8.934108,42.375296],[8.934073,42.375254],[8.934038,42.375225],[8.934056,42.375163],[8.934013,42.37515],[8.934073,42.375029],[8.934026,42.374992],[8.934046,42.374891],[8.934102,42.37485],[8.934081,42.374778],[8.933884,42.374711],[8.93383,42.374677],[8.933764,42.37466],[8.933763,42.374623],[8.933637,42.374575],[8.93347,42.374404],[8.933358,42.374311],[8.93332,42.374197],[8.933258,42.374152],[8.933195,42.374128],[8.933173,42.374083],[8.93299,42.373926],[8.932832,42.373823],[8.932512,42.373618],[8.932253,42.373431],[8.931947,42.373252],[8.931942,42.373207],[8.931761,42.373043],[8.931665,42.372985],[8.931646,42.372939],[8.931595,42.372928],[8.931378,42.372809],[8.93116,42.372777],[8.930363,42.372457],[8.930185,42.372233],[8.93011,42.371969],[8.930097,42.371837],[8.930009,42.371686],[8.929912,42.371552],[8.92981,42.371509],[8.929691,42.371485],[8.929528,42.371388],[8.929481,42.371339],[8.929417,42.371334],[8.929314,42.371351],[8.929161,42.371457],[8.929056,42.371557],[8.928971,42.37156],[8.92889,42.371657],[8.928815,42.371622],[8.928543,42.371889],[8.928311,42.371915],[8.927952,42.371955],[8.927766,42.372053],[8.927567,42.372093],[8.92715,42.371969],[8.926717,42.371821],[8.926677,42.37173],[8.926592,42.37158],[8.926432,42.37152],[8.926453,42.371436],[8.92641,42.371298],[8.926296,42.37125],[8.926265,42.371047],[8.92613,42.370958],[8.926122,42.370702],[8.92605,42.370537],[8.925862,42.370349],[8.925863,42.370059],[8.925698,42.369983],[8.925427,42.369951],[8.925263,42.370003],[8.924828,42.369677],[8.924385,42.369631],[8.923736,42.369476],[8.92357,42.3693],[8.923803,42.36916],[8.923689,42.369039],[8.923272,42.368974],[8.923153,42.368879],[8.922649,42.368722],[8.922292,42.368437],[8.921937,42.368237],[8.921785,42.368226],[8.921571,42.368291],[8.921371,42.368243],[8.92122,42.368148],[8.921135,42.3681],[8.921123,42.36799],[8.921081,42.36789],[8.920978,42.367869],[8.920719,42.367946],[8.920554,42.367898],[8.920467,42.367939],[8.920357,42.36795],[8.920245,42.367946],[8.919731,42.367699],[8.919551,42.367669],[8.919355,42.367613],[8.919176,42.3675],[8.919189,42.367326],[8.919143,42.367215],[8.918871,42.367181],[8.918645,42.367169],[8.918577,42.367104],[8.918562,42.367049],[8.918553,42.366904],[8.918545,42.366789],[8.918468,42.366685],[8.918335,42.366667],[8.918167,42.366551],[8.917969,42.366325],[8.917363,42.36592],[8.917024,42.365773],[8.916553,42.365568],[8.916473,42.365373],[8.916034,42.365149],[8.915776,42.365024],[8.915683,42.365005],[8.915658,42.364979],[8.915573,42.36499],[8.915461,42.364985],[8.915379,42.364998],[8.915321,42.365022],[8.91528,42.365022],[8.915197,42.364971],[8.914732,42.364797],[8.914479,42.364454],[8.914479,42.36427],[8.914412,42.364134],[8.914248,42.363995],[8.914146,42.363818],[8.914048,42.363805],[8.914036,42.363706],[8.913973,42.363638],[8.913943,42.363607],[8.913811,42.363355],[8.913597,42.363277],[8.913417,42.363092],[8.913227,42.36296],[8.91313,42.362961],[8.912866,42.362826],[8.91246,42.362666],[8.912326,42.362472],[8.91215,42.362404],[8.911934,42.362306],[8.91187,42.362275],[8.911765,42.362192],[8.91165,42.362216],[8.911534,42.362281],[8.911437,42.362279],[8.91124,42.362252],[8.911016,42.362201],[8.910652,42.362208],[8.910247,42.362272],[8.909984,42.362242],[8.909963,42.362139],[8.910002,42.362013],[8.91001,42.361852],[8.910119,42.361648],[8.910108,42.361562],[8.910017,42.361505],[8.909974,42.361386],[8.909998,42.36119],[8.909916,42.360971],[8.909799,42.360848],[8.90969,42.36081],[8.909459,42.360748],[8.909349,42.360542],[8.909403,42.360402],[8.909552,42.360339],[8.909598,42.360298],[8.909778,42.3601],[8.909904,42.3599],[8.90998,42.35962],[8.909958,42.359398],[8.909869,42.359243],[8.909886,42.35911],[8.909909,42.35898],[8.909784,42.358717],[8.909737,42.358415],[8.909659,42.358367],[8.909688,42.358167],[8.909803,42.358067],[8.909802,42.357946],[8.909715,42.357874],[8.909761,42.357733],[8.909676,42.357444],[8.909454,42.357321],[8.909429,42.357305],[8.909397,42.357203],[8.909449,42.357043],[8.909504,42.35697],[8.909575,42.356772],[8.909574,42.356644],[8.909673,42.356494],[8.909675,42.356405],[8.909714,42.356284],[8.909606,42.356124],[8.90963,42.355966],[8.909636,42.355748],[8.909595,42.355678],[8.909615,42.355449],[8.909618,42.355329],[8.90962,42.355231],[8.909501,42.354906],[8.909389,42.354521],[8.909166,42.354394],[8.909038,42.354243],[8.90892,42.354041],[8.908794,42.353935],[8.908238,42.353689],[8.908158,42.3536],[8.90813,42.353418],[8.908089,42.353311],[8.907893,42.353249],[8.907905,42.353168],[8.907812,42.353003],[8.907704,42.352948],[8.907589,42.352821],[8.907403,42.352329],[8.907184,42.3518],[8.907142,42.351332],[8.906644,42.350765],[8.906642,42.35028],[8.906802,42.349852],[8.906626,42.349469],[8.906436,42.349057],[8.906425,42.348498],[8.906258,42.348137],[8.905938,42.347868],[8.905487,42.347456],[8.905043,42.346734],[8.904621,42.346322],[8.904102,42.346032],[8.903876,42.345623],[8.90364,42.345059],[8.903251,42.344683],[8.902578,42.344416],[8.901937,42.344209],[8.901368,42.344011],[8.901165,42.34373],[8.90056,42.343408],[8.900348,42.343297],[8.900396,42.343204],[8.90064,42.342722],[8.901115,42.342537],[8.9016,42.342185],[8.901991,42.341564],[8.902127,42.341434],[8.902024,42.340659],[8.902326,42.339306],[8.902373,42.338968],[8.902172,42.338591],[8.901042,42.338158],[8.90046,42.338052],[8.900003,42.337984],[8.899669,42.337887],[8.899279,42.337674],[8.898828,42.33751],[8.898368,42.337282],[8.898029,42.337026],[8.897629,42.336868],[8.89705,42.336732],[8.896633,42.336506],[8.896314,42.336351],[8.894842,42.33621],[8.894476,42.336254],[8.893858,42.336047],[8.893349,42.335923],[8.892955,42.33588],[8.892595,42.335838],[8.892169,42.335763],[8.891883,42.335738],[8.891581,42.335601],[8.891333,42.335537],[8.891053,42.335521],[8.890901,42.33552],[8.890734,42.335416],[8.890622,42.335392],[8.890317,42.335366],[8.890137,42.335403],[8.890006,42.335418],[8.889836,42.335424],[8.889568,42.335437],[8.889384,42.335429],[8.889211,42.335489],[8.888763,42.335614],[8.888625,42.335667],[8.888254,42.335631],[8.887997,42.33559],[8.887878,42.335578],[8.88767,42.335626],[8.887451,42.335631],[8.887219,42.335604],[8.887118,42.335412],[8.886307,42.335002],[8.886185,42.334981],[8.886112,42.334965],[8.886091,42.334957],[8.886035,42.334904],[8.885874,42.334777],[8.885592,42.334667],[8.885354,42.334713],[8.885233,42.334801],[8.885136,42.334808],[8.885053,42.334796],[8.884921,42.334741],[8.884728,42.334657],[8.884639,42.334603],[8.884533,42.334594],[8.884412,42.334571],[8.884313,42.334564],[8.884257,42.334516],[8.884171,42.334513],[8.884129,42.334538],[8.884077,42.334535],[8.883794,42.334469],[8.883551,42.334398],[8.88349,42.334383],[8.883322,42.334341],[8.88314,42.334328],[8.883043,42.334323],[8.882934,42.334277],[8.882812,42.334241],[8.882645,42.334189],[8.88257,42.334161],[8.882523,42.334127],[8.88244,42.334102],[8.882339,42.334092],[8.882292,42.33405],[8.88219,42.334046],[8.882157,42.334047],[8.882123,42.333999],[8.882088,42.333973],[8.882008,42.333931],[8.881914,42.333837],[8.881821,42.333813],[8.881757,42.333837],[8.881707,42.333855],[8.881634,42.333824],[8.881588,42.333824],[8.881575,42.333861],[8.881605,42.333908],[8.881564,42.333936],[8.881416,42.333957],[8.881324,42.33384],[8.881123,42.333974],[8.880889,42.334082],[8.880797,42.334007],[8.880488,42.334091],[8.880325,42.333991],[8.880259,42.333943],[8.880164,42.333898],[8.880081,42.333895],[8.880004,42.333887],[8.879934,42.333896],[8.879881,42.333945],[8.879854,42.333997],[8.87982,42.334013],[8.879834,42.334037],[8.879838,42.334066],[8.879804,42.334155],[8.879751,42.33423],[8.879686,42.334251],[8.879596,42.334255],[8.879521,42.334257],[8.879411,42.334228],[8.879249,42.334156],[8.879167,42.334118],[8.879076,42.334102],[8.87902,42.334078],[8.878975,42.334042],[8.878863,42.334009],[8.878553,42.333699],[8.878462,42.333614],[8.87832,42.333576],[8.878224,42.333527],[8.878196,42.333472],[8.87821,42.333392],[8.878171,42.333307],[8.878133,42.333272],[8.878029,42.333184],[8.877915,42.333045],[8.877852,42.333025],[8.877751,42.332947],[8.877681,42.332948],[8.877637,42.332896],[8.877574,42.332888],[8.877512,42.332878],[8.877441,42.332867],[8.877345,42.332853],[8.876996,42.332771],[8.876794,42.33261],[8.876678,42.332598],[8.876541,42.332585],[8.876433,42.333062],[8.87624,42.333188],[8.875982,42.333335],[8.875772,42.333507],[8.875459,42.333726],[8.875264,42.333791],[8.87491,42.333907],[8.874215,42.334318],[8.874138,42.334384],[8.87381,42.334515],[8.873431,42.334736],[8.872979,42.334759],[8.872954,42.334766],[8.872054,42.335009],[8.871917,42.335061],[8.871795,42.335082],[8.871726,42.335066],[8.871651,42.335019],[8.871599,42.335025],[8.871578,42.335049],[8.871467,42.335087],[8.871349,42.335126],[8.871305,42.335115],[8.871178,42.335133],[8.871048,42.335155],[8.870844,42.335228],[8.870673,42.335256],[8.870539,42.335298],[8.870482,42.335357],[8.870449,42.335363],[8.870342,42.335401],[8.870267,42.335397],[8.870171,42.335421],[8.869964,42.33542],[8.869822,42.335434],[8.86969,42.335461],[8.86952,42.335487],[8.869255,42.335478],[8.869165,42.33549],[8.869122,42.335504],[8.86898,42.335486],[8.868856,42.335427],[8.868722,42.335387],[8.868659,42.335361],[8.868577,42.335326],[8.868385,42.335186],[8.868299,42.335127],[8.868122,42.335049],[8.867956,42.334982],[8.867783,42.334877],[8.867536,42.334719],[8.86737,42.334623],[8.867308,42.334573],[8.867215,42.334533],[8.867111,42.334516],[8.867006,42.334513],[8.866949,42.334523],[8.866922,42.334527],[8.866782,42.334509],[8.866101,42.334293],[8.864862,42.333764],[8.864448,42.333495],[8.864081,42.333289],[8.86394,42.33321],[8.862909,42.332012],[8.862239,42.331416],[8.862101,42.331171],[8.861789,42.330919],[8.861599,42.330193],[8.861626,42.32992],[8.861734,42.328843],[8.861619,42.3284],[8.86164,42.328311],[8.861479,42.32801],[8.861259,42.327817],[8.861276,42.327731],[8.860707,42.326778],[8.860758,42.326302],[8.860627,42.325959],[8.86058,42.325392],[8.860623,42.325089],[8.860799,42.324801],[8.861093,42.324522],[8.861201,42.32418],[8.861302,42.324104],[8.861571,42.323992],[8.862178,42.323648],[8.862604,42.323472],[8.863087,42.32334],[8.863594,42.323181],[8.86407,42.322984],[8.864568,42.322897],[8.864857,42.323009],[8.864913,42.323031],[8.865401,42.323114],[8.865743,42.323347],[8.865839,42.323384],[8.86608,42.323477],[8.866333,42.323394],[8.866979,42.323434],[8.86744,42.323563],[8.867573,42.323498],[8.867841,42.323533],[8.867887,42.32356],[8.868086,42.323451],[8.868265,42.323373],[8.868423,42.3234],[8.868805,42.323134],[8.86889,42.322886],[8.869184,42.322503],[8.86911,42.322386],[8.869109,42.322188],[8.86912,42.322059],[8.869157,42.321619],[8.869313,42.321263],[8.86937,42.320598],[8.869513,42.320091],[8.869523,42.319273],[8.869325,42.319037],[8.869169,42.318704],[8.869023,42.318585],[8.868976,42.318464],[8.868806,42.318363],[8.86863,42.318222],[8.86856,42.318195],[8.868506,42.318094],[8.868453,42.31802],[8.868206,42.317868],[8.868113,42.317704],[8.868133,42.317519],[8.868128,42.317239],[8.868132,42.317076],[8.868131,42.316776],[8.868137,42.316507],[8.868104,42.31639],[8.867985,42.316373],[8.868013,42.316228],[8.867934,42.316039],[8.86791,42.315907],[8.867963,42.315758],[8.867976,42.315653],[8.867956,42.315504],[8.868061,42.315334],[8.868196,42.315228],[8.868167,42.314702],[8.868154,42.314548],[8.868123,42.314378],[8.868136,42.314267],[8.868175,42.314155],[8.868145,42.313944],[8.86817,42.313867],[8.868162,42.3136],[8.868215,42.313429],[8.868257,42.31329],[8.868425,42.313219],[8.868441,42.313145],[8.868538,42.313001],[8.868543,42.312913],[8.868653,42.312794],[8.86871,42.312711],[8.86877,42.312604],[8.868767,42.312545],[8.868774,42.312469],[8.86886,42.312441],[8.868985,42.312325],[8.869048,42.312262],[8.869105,42.312146],[8.869222,42.311997],[8.869312,42.311689],[8.869381,42.311591],[8.869444,42.311548],[8.869565,42.311501],[8.869697,42.311417],[8.869732,42.31135],[8.869828,42.311298],[8.869882,42.31121],[8.870027,42.31107],[8.870035,42.311018],[8.870097,42.310901],[8.870187,42.310814],[8.87024,42.31068],[8.870294,42.310631],[8.870382,42.310536],[8.870473,42.310485],[8.870548,42.310307],[8.870697,42.310192],[8.870751,42.31021],[8.870846,42.310223],[8.8712,42.31022],[8.871445,42.310185],[8.87153,42.310218],[8.871677,42.310219],[8.87178,42.31008],[8.871892,42.310076],[8.872165,42.310096],[8.872212,42.310001],[8.872423,42.31004],[8.872666,42.310038],[8.872879,42.310029],[8.872982,42.309918],[8.873086,42.309882],[8.873205,42.309909],[8.873327,42.309901],[8.873668,42.310007],[8.873957,42.309994],[8.874055,42.310022],[8.874444,42.31006],[8.87483,42.309971],[8.874905,42.310011],[8.875003,42.310026],[8.875262,42.309955],[8.875341,42.309902],[8.875207,42.309865],[8.875308,42.30979],[8.875261,42.309709],[8.875345,42.309667],[8.875393,42.309588],[8.875647,42.309503],[8.875733,42.309422],[8.875778,42.309342],[8.876134,42.309121],[8.876329,42.309016],[8.87638,42.308943],[8.876447,42.308925],[8.876449,42.308883],[8.876513,42.308866],[8.876513,42.308821],[8.876671,42.308741],[8.87676,42.308643],[8.876769,42.30857],[8.876869,42.308498],[8.876922,42.308453],[8.877057,42.308334],[8.877042,42.308254],[8.877241,42.308148],[8.877337,42.308044],[8.877337,42.307989],[8.877187,42.308023],[8.877198,42.307963],[8.877362,42.307771],[8.877419,42.307548],[8.877486,42.307405],[8.87753,42.307205],[8.877576,42.307143],[8.877595,42.307015],[8.877612,42.306957],[8.877594,42.306889],[8.877669,42.306659],[8.877733,42.306479],[8.877692,42.306424],[8.877629,42.306472],[8.877604,42.306455],[8.877606,42.306397],[8.877369,42.306332],[8.8772,42.306328],[8.87718,42.306189],[8.877168,42.30608],[8.877084,42.306008],[8.877069,42.305851],[8.877131,42.30571],[8.87705,42.305514],[8.876902,42.305404],[8.876671,42.30518],[8.876471,42.305006],[8.876477,42.304896],[8.876448,42.304842],[8.876407,42.304792],[8.876337,42.30478],[8.876282,42.304741],[8.876231,42.304708],[8.876167,42.304705],[8.876099,42.304678],[8.876065,42.304618],[8.875868,42.304493],[8.875774,42.304448],[8.875719,42.304383],[8.875686,42.304322],[8.875676,42.304254],[8.87569,42.304223],[8.875692,42.304192],[8.875669,42.304175],[8.875619,42.30415],[8.875575,42.304079],[8.875556,42.30404],[8.875577,42.304011],[8.875602,42.303972],[8.87557,42.30392],[8.875459,42.303828],[8.875362,42.30372],[8.875301,42.303717],[8.8752,42.303657],[8.875175,42.303608],[8.875002,42.303536],[8.874878,42.303503],[8.874867,42.303435],[8.874891,42.303401],[8.874931,42.303378],[8.875005,42.303363],[8.875075,42.303341],[8.875147,42.303301],[8.875275,42.303192],[8.875314,42.303154],[8.875328,42.303092],[8.875352,42.303058],[8.875385,42.303044],[8.875428,42.30304],[8.875444,42.303016],[8.875484,42.303006],[8.875511,42.302977],[8.875566,42.302974],[8.875612,42.302973],[8.875667,42.302965],[8.875837,42.302974],[8.875892,42.302976],[8.875942,42.302998],[8.87596,42.303042],[8.876017,42.303063],[8.876072,42.303072],[8.87618,42.303043],[8.876286,42.303015],[8.876393,42.303018],[8.876507,42.303],[8.876574,42.302951],[8.876607,42.302912],[8.876634,42.302871],[8.876691,42.302846],[8.876764,42.302809],[8.876842,42.302792],[8.876916,42.302727],[8.87694,42.302674],[8.876967,42.3026],[8.877026,42.302509],[8.877119,42.302356],[8.877486,42.302182],[8.877655,42.302135],[8.877775,42.302102],[8.877914,42.301843],[8.878178,42.301901],[8.878366,42.301875],[8.878713,42.301819],[8.878989,42.301695],[8.879301,42.301521],[8.879621,42.301428],[8.879697,42.301392],[8.879989,42.301207],[8.88013,42.301099],[8.880611,42.300895],[8.880885,42.300806],[8.881128,42.30061],[8.881282,42.300576],[8.8815,42.300442],[8.881899,42.300258],[8.882167,42.300199],[8.882385,42.300164],[8.882419,42.300143],[8.882423,42.300109],[8.882396,42.300082],[8.882355,42.300052],[8.882237,42.300006],[8.881996,42.299848],[8.881866,42.299661],[8.881776,42.299528],[8.881609,42.299355],[8.881298,42.299011],[8.881035,42.298706],[8.880609,42.298205],[8.880632,42.297844],[8.880377,42.297716],[8.88041,42.297466],[8.880699,42.297116],[8.880861,42.297096],[8.88109,42.297083],[8.881435,42.297009],[8.882085,42.296435],[8.88235,42.296161],[8.882532,42.29599],[8.882463,42.295712],[8.882276,42.295429],[8.881725,42.294679],[8.882046,42.294152],[8.882314,42.293615],[8.882185,42.293115],[8.882327,42.292794],[8.882369,42.292462],[8.882528,42.292265],[8.882643,42.29194],[8.882756,42.291856],[8.882781,42.291808],[8.882762,42.29176],[8.882374,42.291494],[8.882346,42.291224],[8.882122,42.290957],[8.882172,42.290819],[8.882918,42.290415],[8.883472,42.290364],[8.884042,42.290151],[8.884641,42.289607],[8.88532,42.289352],[8.885887,42.288908],[8.886128,42.288868],[8.886306,42.288943],[8.886683,42.289313],[8.887124,42.289441],[8.887897,42.289282],[8.888453,42.289234],[8.888874,42.289207],[8.889287,42.288818],[8.890427,42.288137],[8.891181,42.288122],[8.891575,42.287963],[8.891531,42.287759],[8.891694,42.287686],[8.891785,42.287603],[8.891844,42.287492],[8.891844,42.287353],[8.891827,42.287292],[8.891815,42.287249],[8.891744,42.287122],[8.891701,42.287019],[8.891703,42.286962],[8.891725,42.286848],[8.89179,42.286756],[8.891889,42.286681],[8.892004,42.286627],[8.89213,42.286588],[8.892405,42.286561],[8.892832,42.286525],[8.893126,42.286501],[8.893773,42.286458],[8.894371,42.286421],[8.89468,42.286403],[8.894677,42.286056],[8.894519,42.285869],[8.894232,42.28566],[8.894184,42.285539],[8.894212,42.285348],[8.894292,42.285039],[8.89449,42.284757],[8.894807,42.284252],[8.89472,42.283826],[8.894867,42.283665],[8.895013,42.283517],[8.895219,42.283431],[8.895217,42.283363],[8.895153,42.283311],[8.894865,42.283124],[8.893977,42.28292],[8.89328,42.282974],[8.892725,42.283026],[8.892488,42.28294],[8.892214,42.282676],[8.891859,42.282566],[8.891986,42.282297],[8.89204,42.28207],[8.892023,42.28194],[8.891837,42.281866],[8.891441,42.281657],[8.890972,42.281492],[8.890794,42.280764],[8.890189,42.280056],[8.890025,42.279857],[8.889747,42.279726],[8.88957,42.279658],[8.889494,42.279506],[8.889316,42.279388],[8.889216,42.279252],[8.889213,42.279209],[8.889209,42.279135],[8.889358,42.278906],[8.889417,42.2787],[8.889533,42.278469],[8.889467,42.278291],[8.889668,42.278148],[8.88961,42.27798],[8.889559,42.277792],[8.889577,42.277719],[8.889684,42.277629],[8.89021,42.277448],[8.890355,42.27729],[8.890366,42.277059],[8.890294,42.276822],[8.890351,42.276461],[8.89028,42.27626],[8.890277,42.276136],[8.890361,42.276031],[8.890632,42.275866],[8.890764,42.275464],[8.890871,42.27534],[8.890997,42.27528],[8.891021,42.275269],[8.891211,42.275232],[8.89152,42.275269],[8.891882,42.275259],[8.892234,42.275288],[8.892684,42.275352],[8.893218,42.275212],[8.893403,42.274972],[8.893497,42.274677],[8.893542,42.274207],[8.893795,42.273862],[8.893829,42.273558],[8.8939,42.273319],[8.894284,42.272967],[8.89435,42.272571],[8.894549,42.272561],[8.894615,42.272498],[8.894619,42.272425],[8.894674,42.272363],[8.894678,42.272199],[8.894547,42.272005],[8.894316,42.271886],[8.893071,42.27127],[8.892693,42.271122],[8.892076,42.270996],[8.891272,42.270764],[8.890957,42.2707],[8.890761,42.270665],[8.890762,42.270566],[8.890763,42.270558],[8.890854,42.270337],[8.890946,42.270121],[8.891135,42.269901],[8.891485,42.269681],[8.891586,42.269589],[8.891638,42.269517],[8.891754,42.269464],[8.892193,42.269346],[8.892466,42.269311],[8.89281,42.269228],[8.892926,42.269161],[8.893014,42.269123],[8.893159,42.269103],[8.893277,42.269038],[8.893364,42.268939],[8.893442,42.268892],[8.893573,42.268846],[8.89361,42.268807],[8.893628,42.268768],[8.893642,42.268658],[8.893602,42.268457],[8.893561,42.268359],[8.893532,42.268268],[8.893487,42.26814],[8.893422,42.267995],[8.893382,42.267854],[8.893384,42.26772],[8.893292,42.267615],[8.893162,42.267521],[8.893213,42.267405],[8.893393,42.267342],[8.893484,42.267244],[8.893661,42.267181],[8.893733,42.267135],[8.893771,42.267086],[8.893764,42.267017],[8.893724,42.266926],[8.893679,42.266881],[8.893602,42.266795],[8.893568,42.266732],[8.893512,42.266681],[8.893528,42.266546],[8.89358,42.266515],[8.893603,42.26647],[8.893648,42.266386],[8.893779,42.266283],[8.893797,42.266236],[8.893875,42.266187],[8.893882,42.266137],[8.893874,42.266061],[8.89389,42.265952],[8.893766,42.265751],[8.893797,42.26526],[8.893878,42.265121],[8.894023,42.265087],[8.89439,42.265135],[8.894623,42.265187],[8.895283,42.265202],[8.895572,42.265221],[8.89578,42.265183],[8.895777,42.265146],[8.895758,42.265117],[8.895788,42.265068],[8.895705,42.265059],[8.895678,42.26506],[8.895647,42.265048],[8.89566,42.265014],[8.895665,42.264997],[8.895658,42.264968],[8.895563,42.264988],[8.895488,42.264978],[8.89546,42.264964],[8.895455,42.264946],[8.895526,42.264904],[8.895527,42.264887],[8.895507,42.264864],[8.895387,42.264855],[8.895328,42.264869],[8.895227,42.264854],[8.895196,42.26483],[8.895168,42.264815],[8.894916,42.264689],[8.894448,42.264492],[8.894246,42.264576],[8.893884,42.264502],[8.893772,42.264354],[8.893434,42.264281],[8.893301,42.264243],[8.89296,42.264231],[8.892915,42.264261],[8.892815,42.264488],[8.892797,42.264613],[8.8928,42.264658],[8.892772,42.264698],[8.8927,42.264763],[8.892667,42.264803],[8.892649,42.264817],[8.892617,42.264823],[8.8926,42.264802],[8.892594,42.264753],[8.89261,42.264688],[8.892608,42.264606],[8.892594,42.264544],[8.892553,42.264407],[8.892533,42.264187],[8.892539,42.264087],[8.892519,42.264032],[8.892521,42.263946],[8.89258,42.263869],[8.892647,42.263827],[8.892761,42.263751],[8.892796,42.263747],[8.892895,42.263693],[8.892923,42.263661],[8.892973,42.263646],[8.89305,42.263636],[8.893176,42.263598],[8.89339,42.26352],[8.893475,42.263493],[8.893503,42.26348],[8.893523,42.263466],[8.893498,42.263456],[8.893407,42.263446],[8.893337,42.263423],[8.893297,42.263418],[8.893223,42.263394],[8.893113,42.263372],[8.893046,42.263338],[8.892964,42.263298],[8.893016,42.263244],[8.893126,42.263238],[8.893324,42.263196],[8.893419,42.263201],[8.893474,42.263139],[8.893603,42.263075],[8.893606,42.263017],[8.893557,42.262969],[8.893521,42.262881],[8.893514,42.262802],[8.893552,42.262803],[8.893716,42.262849],[8.893822,42.262882],[8.893982,42.262894],[8.894006,42.262888],[8.894013,42.26287],[8.893962,42.262832],[8.893881,42.262766],[8.893893,42.262747],[8.893945,42.262738],[8.894146,42.262745],[8.894267,42.262727],[8.894365,42.26268],[8.894448,42.262602],[8.894488,42.262479],[8.894535,42.262388],[8.894601,42.262286],[8.894683,42.262258],[8.894766,42.262262],[8.894901,42.262285],[8.894978,42.262273],[8.895007,42.262232],[8.894946,42.262175],[8.894825,42.262028],[8.894834,42.262005],[8.894962,42.261982],[8.89503,42.261992],[8.89511,42.261981],[8.895124,42.261958],[8.895,42.261886],[8.895236,42.261544],[8.89522,42.261434],[8.895168,42.261166],[8.895151,42.261087],[8.895134,42.261006],[8.895116,42.260878],[8.895131,42.26087],[8.895158,42.260891],[8.895272,42.260963],[8.895562,42.2611],[8.895582,42.261099],[8.895591,42.261082],[8.895525,42.260965],[8.895463,42.260838],[8.895452,42.260781],[8.895415,42.260721],[8.895396,42.26069],[8.895405,42.260679],[8.895423,42.26068],[8.895443,42.260699],[8.895558,42.260778],[8.895717,42.260887],[8.895758,42.26089],[8.895738,42.260857],[8.895678,42.260733],[8.895615,42.260658],[8.895617,42.260625],[8.895637,42.260615],[8.895755,42.260662],[8.895919,42.260715],[8.895939,42.260706],[8.895955,42.26067],[8.895899,42.260575],[8.895922,42.260438],[8.895899,42.260337],[8.895915,42.260293],[8.895953,42.260285],[8.896315,42.260398],[8.896384,42.260389],[8.896485,42.260265],[8.896775,42.259913],[8.896811,42.259902],[8.896905,42.260053],[8.897085,42.260145],[8.897134,42.260035],[8.897139,42.259957],[8.89719,42.25994],[8.897239,42.259953],[8.897306,42.259967],[8.897461,42.259898],[8.897619,42.259755],[8.897823,42.25964],[8.897958,42.259529],[8.898051,42.259513],[8.898172,42.259493],[8.898245,42.259374],[8.898387,42.259338],[8.898558,42.259324],[8.898813,42.259213],[8.899071,42.259135],[8.899309,42.258997],[8.899411,42.25886],[8.899537,42.258824],[8.90027,42.258593],[8.900853,42.258362],[8.901011,42.258293],[8.901259,42.258218],[8.901464,42.258172],[8.901591,42.258183],[8.901967,42.25811],[8.902237,42.25806],[8.902313,42.257995],[8.902391,42.257904],[8.902584,42.257497],[8.902824,42.257273],[8.902918,42.25714],[8.903071,42.257066],[8.903169,42.257043],[8.903325,42.256761],[8.903537,42.256569],[8.903873,42.25627],[8.904202,42.256132],[8.904661,42.256087],[8.905054,42.25597],[8.905345,42.255966],[8.905751,42.255988],[8.906256,42.25593],[8.906508,42.255932],[8.906394,42.255845],[8.905887,42.255708],[8.905976,42.255611],[8.906254,42.255576],[8.906477,42.255578],[8.906687,42.255663],[8.906976,42.255779],[8.907156,42.255889],[8.907327,42.255887],[8.906742,42.255295],[8.906577,42.254993],[8.907356,42.255384],[8.907604,42.255457],[8.907795,42.25547],[8.907345,42.255074],[8.907552,42.255096],[8.907969,42.255189],[8.908454,42.255172],[8.908604,42.255148],[8.909139,42.255024],[8.909415,42.255067],[8.909883,42.255073],[8.910513,42.255394],[8.910534,42.255405],[8.910797,42.255462],[8.910959,42.255466],[8.911372,42.255478],[8.911845,42.255376],[8.91237,42.255301],[8.912991,42.255223],[8.913394,42.255193],[8.91395,42.255148],[8.914421,42.255227],[8.915159,42.255303],[8.915598,42.255403],[8.915818,42.255383],[8.915916,42.255282],[8.917067,42.255344],[8.91751,42.255319],[8.917438,42.25543],[8.917727,42.255411],[8.917564,42.255572],[8.918072,42.255485],[8.918083,42.255756],[8.918113,42.255723],[8.918247,42.255575],[8.919078,42.255596],[8.919769,42.25554],[8.921085,42.255298],[8.921916,42.254869],[8.922769,42.254627],[8.923617,42.254468],[8.924824,42.254228],[8.925527,42.25421],[8.92611,42.254281],[8.926553,42.254335],[8.926932,42.254302],[8.927393,42.254413],[8.927951,42.254556],[8.928509,42.254655],[8.9294,42.254782],[8.930322,42.254838],[8.930886,42.254826],[8.93146,42.254738],[8.9322,42.254949],[8.932452,42.255088],[8.932781,42.255146],[8.933184,42.255198],[8.933457,42.255115],[8.933801,42.255136],[8.933761,42.255384],[8.933956,42.255395],[8.934186,42.255369],[8.93426,42.25545],[8.934215,42.255587],[8.934246,42.255618],[8.934408,42.255601],[8.934475,42.255525],[8.934713,42.255447],[8.935039,42.255353],[8.934985,42.255539],[8.935131,42.255531],[8.935237,42.255468],[8.935273,42.255443],[8.935435,42.255329],[8.935538,42.255479],[8.935711,42.255492],[8.935847,42.255519],[8.936192,42.255589],[8.936279,42.25561],[8.936429,42.255646],[8.936623,42.255869],[8.936758,42.255938],[8.936856,42.255975],[8.936891,42.256007],[8.936968,42.256173],[8.937024,42.256206],[8.937106,42.256241],[8.9372,42.256293],[8.937303,42.256329],[8.937352,42.256389],[8.937368,42.256494],[8.937476,42.256629],[8.937527,42.256729],[8.937614,42.256771],[8.937717,42.256767],[8.937865,42.256738],[8.937963,42.256694],[8.938207,42.256707],[8.938329,42.256698],[8.938418,42.256727],[8.938931,42.256874],[8.939097,42.256928],[8.939167,42.256982],[8.939253,42.256972],[8.939666,42.256739],[8.939955,42.256636],[8.940122,42.25662],[8.940444,42.256561],[8.940578,42.256495],[8.940709,42.256422],[8.940951,42.256386],[8.941305,42.256227],[8.941508,42.25611],[8.941672,42.255955],[8.941736,42.255874],[8.94204,42.25559],[8.942287,42.255179],[8.942474,42.255013],[8.942497,42.254886],[8.942635,42.254676],[8.942756,42.254556],[8.942895,42.254492],[8.942986,42.254408],[8.943076,42.254349],[8.943357,42.254265],[8.943531,42.254234],[8.943714,42.254146],[8.943799,42.254079],[8.944505,42.253758],[8.944818,42.253616],[8.945341,42.253537],[8.945685,42.253327],[8.945908,42.25318],[8.946086,42.253041],[8.946209,42.252956],[8.946416,42.25292],[8.946663,42.252776],[8.94685,42.252713],[8.947566,42.252546],[8.947963,42.25252],[8.948327,42.252536],[8.948625,42.252561],[8.9487,42.252568],[8.949028,42.252631],[8.949453,42.25276],[8.949836,42.252916],[8.950015,42.252965],[8.950516,42.253022],[8.95076,42.253071],[8.951095,42.253195],[8.951243,42.253232],[8.951422,42.253252],[8.951819,42.253231],[8.952119,42.253259],[8.952604,42.25326],[8.952998,42.253307],[8.953203,42.253344],[8.953406,42.253414],[8.953506,42.253474],[8.953722,42.253576],[8.953878,42.253622],[8.953935,42.253676],[8.954128,42.25376],[8.954236,42.253843],[8.95446,42.253964],[8.954635,42.253998],[8.954839,42.254084],[8.954964,42.254161],[8.955105,42.254224],[8.955223,42.254283],[8.955326,42.25434],[8.955443,42.254394],[8.955585,42.254432],[8.955778,42.254548],[8.955952,42.254624],[8.956114,42.254755],[8.956318,42.254887],[8.956436,42.254997],[8.95649,42.255039],[8.956556,42.255123],[8.956621,42.255228],[8.956686,42.25526],[8.956717,42.255285],[8.956734,42.255319],[8.956741,42.255355],[8.956746,42.255387],[8.956892,42.255447],[8.957087,42.255571],[8.95721,42.255694],[8.957311,42.255805],[8.957442,42.255892],[8.957552,42.255964],[8.957629,42.256049],[8.957687,42.256075],[8.957784,42.256089],[8.95803,42.256062],[8.95813,42.256041],[8.958296,42.256042],[8.958474,42.255973],[8.958621,42.255843],[8.958676,42.255804],[8.958723,42.255752],[8.95877,42.255677],[8.95877,42.255637],[8.958707,42.255572],[8.958638,42.255542],[8.958629,42.255486],[8.958605,42.255454],[8.958612,42.255412],[8.958571,42.255347],[8.958571,42.255286],[8.958523,42.255265],[8.958498,42.255226],[8.958306,42.255114],[8.958153,42.254978],[8.958101,42.254954],[8.958059,42.254902],[8.957983,42.254869],[8.957835,42.254835],[8.957795,42.254764],[8.957761,42.254713],[8.957751,42.254698],[8.957701,42.254687],[8.957693,42.25467],[8.957655,42.254612],[8.957656,42.25455],[8.957665,42.254432],[8.957692,42.254288],[8.95766,42.254104],[8.957672,42.253962],[8.957458,42.253955],[8.957542,42.253842],[8.95758,42.253693],[8.957672,42.25355],[8.957968,42.25329],[8.958323,42.253034],[8.958423,42.252944],[8.95882,42.252761],[8.959128,42.252633],[8.959206,42.252552],[8.95932,42.252467],[8.959885,42.251938],[8.959988,42.251827],[8.96016,42.251658],[8.960248,42.251456],[8.960319,42.25143],[8.960512,42.251347],[8.960913,42.25108],[8.961256,42.250969],[8.961459,42.250878],[8.961592,42.250778],[8.961988,42.250223],[8.962136,42.250082],[8.962163,42.249942],[8.962157,42.249664],[8.962126,42.249599],[8.961959,42.249462],[8.961912,42.249367],[8.961948,42.249202],[8.96194,42.249142],[8.961824,42.248958],[8.961781,42.248841],[8.961812,42.248693],[8.961851,42.248562],[8.961768,42.248322],[8.961956,42.248175],[8.962056,42.248022],[8.962181,42.247955],[8.962232,42.247893],[8.96229,42.247745],[8.962383,42.247611],[8.962561,42.247437],[8.962651,42.247323],[8.962701,42.24708],[8.962896,42.246676],[8.963027,42.246578],[8.963476,42.246376],[8.96368,42.246227],[8.963799,42.246107],[8.963868,42.246061],[8.964147,42.245929],[8.964504,42.245691],[8.964669,42.245563],[8.96477,42.245519],[8.965196,42.245423],[8.96546,42.245325],[8.965543,42.245264],[8.965672,42.245067],[8.965701,42.245013],[8.965761,42.244868],[8.965996,42.244652],[8.966208,42.244451],[8.966427,42.244362],[8.966766,42.244012],[8.966867,42.243924],[8.967117,42.243783],[8.967748,42.243472],[8.968151,42.243129],[8.968237,42.242956],[8.968302,42.242872],[8.968861,42.242442],[8.969518,42.242127],[8.969726,42.241964],[8.970087,42.24186],[8.97021,42.241775],[8.970317,42.241658],[8.97044,42.24156],[8.97079,42.241332],[8.971322,42.240817],[8.971656,42.240476],[8.972086,42.240165],[8.972863,42.239622],[8.97293,42.239548],[8.973018,42.239322],[8.973089,42.239285],[8.973574,42.238818],[8.973853,42.238367],[8.973945,42.238244],[8.974134,42.238048],[8.974275,42.237797],[8.974394,42.237642],[8.974695,42.237334],[8.974669,42.23724],[8.974552,42.237191],[8.974394,42.237124],[8.974326,42.23705],[8.974304,42.236929],[8.974343,42.236797],[8.974372,42.236675],[8.974425,42.236449],[8.974592,42.236319],[8.974647,42.236253],[8.974658,42.23622],[8.974754,42.236162],[8.974772,42.236079],[8.974765,42.236005],[8.974759,42.235884],[8.974705,42.235796],[8.974754,42.235669],[8.974898,42.235471],[8.975036,42.23533],[8.975051,42.235232],[8.975105,42.235137],[8.975308,42.234991],[8.975358,42.234915],[8.975522,42.234519],[8.975725,42.234208],[8.975841,42.233916],[8.976061,42.233579],[8.976121,42.233426],[8.976405,42.232328],[8.977187,42.231353],[8.97735,42.230887],[8.977492,42.230709],[8.977772,42.230214],[8.977679,42.229355],[8.977836,42.228489],[8.977802,42.22811],[8.977812,42.227922],[8.977873,42.227742],[8.977906,42.227578],[8.977985,42.227437],[8.97802,42.227295],[8.978088,42.227168],[8.978213,42.227104],[8.978261,42.226997],[8.978326,42.226809],[8.978508,42.226637],[8.978505,42.226476],[8.978531,42.226359],[8.97855,42.226236],[8.978565,42.226142],[8.978806,42.22593],[8.978834,42.225905],[8.979046,42.225615],[8.979097,42.225525],[8.979155,42.225425],[8.979148,42.225276],[8.979236,42.22506],[8.979481,42.224663],[8.979533,42.224396],[8.979611,42.224239],[8.979829,42.224041],[8.979718,42.223843],[8.97959,42.222881],[8.979681,42.222639],[8.97971,42.222332],[8.979889,42.22177],[8.97996,42.221507],[8.980084,42.221346],[8.980222,42.221152],[8.980266,42.221089],[8.980322,42.220852],[8.980374,42.220757],[8.980568,42.220576],[8.980849,42.220387],[8.980838,42.220343],[8.980837,42.220324],[8.980823,42.220304],[8.980809,42.220296],[8.980731,42.22026],[8.980683,42.220224],[8.980623,42.220104],[8.980436,42.220001],[8.980346,42.219891],[8.980557,42.219879],[8.980574,42.219848],[8.980611,42.219823],[8.980712,42.219821],[8.980842,42.219754],[8.980977,42.21966],[8.981192,42.219639],[8.981239,42.219598],[8.981323,42.219625],[8.98141,42.219642],[8.981456,42.219665],[8.981487,42.219682],[8.981604,42.219721],[8.981825,42.219402],[8.982011,42.218999],[8.982107,42.218837],[8.982174,42.218611],[8.982463,42.218365],[8.982558,42.217967],[8.983109,42.217088],[8.983513,42.216641],[8.983592,42.216167],[8.983671,42.215961],[8.983885,42.21577],[8.984083,42.215532],[8.98407,42.215332],[8.984153,42.215193],[8.984049,42.215088],[8.984076,42.214935],[8.984226,42.214813],[8.984137,42.214556],[8.9842,42.214452],[8.984273,42.21417],[8.98436,42.214077],[8.984443,42.21391],[8.984623,42.213802],[8.984876,42.213587],[8.985057,42.213237],[8.985353,42.213274],[8.985654,42.21315],[8.985844,42.212938],[8.986622,42.212512],[8.986864,42.212429],[8.987297,42.212382],[8.987586,42.212274],[8.988318,42.211353],[8.988757,42.211291],[8.988938,42.211004],[8.989285,42.210868],[8.989531,42.211005],[8.990524,42.211071],[8.991496,42.210725],[8.991837,42.210677],[8.99213,42.210806],[8.992585,42.210881],[8.993295,42.210907],[8.993586,42.211055],[8.994125,42.211226],[8.994376,42.211207],[8.995228,42.211522],[8.996326,42.21176],[8.996711,42.211722],[8.9968,42.21166],[8.997308,42.211438],[8.997621,42.211458],[8.997929,42.211392],[8.998306,42.211546],[8.998718,42.211528],[8.998826,42.211612],[8.998828,42.211729],[8.998829,42.211786],[8.998999,42.211884],[8.999171,42.211905],[8.999285,42.211997],[8.999375,42.212119],[8.999708,42.212224],[8.999823,42.212372],[9.0002,42.2124],[9.000426,42.212381],[9.00065,42.212411],[9.001217,42.212344],[9.001607,42.212321],[9.001754,42.212409],[9.002049,42.212307],[9.002293,42.212309],[9.002482,42.21216],[9.002604,42.212169],[9.003174,42.21176],[9.00333,42.2117],[9.003466,42.211701],[9.003497,42.211817],[9.003562,42.211855],[9.003862,42.211678],[9.003923,42.211804],[9.004118,42.211807],[9.004276,42.211943],[9.004402,42.211931],[9.004618,42.21181],[9.005335,42.211604],[9.005905,42.211595],[9.006063,42.211544],[9.006328,42.211386],[9.006806,42.210865],[9.006909,42.210298],[9.007049,42.21004],[9.007191,42.20986],[9.007458,42.209741],[9.007958,42.20923],[9.008153,42.209224],[9.008385,42.209086],[9.008525,42.20905],[9.008759,42.208997],[9.009084,42.208807],[9.00942,42.208736],[9.009614,42.208576],[9.009861,42.208593],[9.00998,42.208569],[9.010097,42.208564],[9.010245,42.208503],[9.010406,42.208474],[9.010945,42.208526],[9.011016,42.208528],[9.011105,42.208491],[9.011258,42.2085],[9.011475,42.208405],[9.011464,42.208356],[9.011517,42.208313],[9.011585,42.208311],[9.011729,42.208209],[9.012012,42.208187],[9.012159,42.20817],[9.012258,42.208165],[9.012396,42.208109],[9.01247,42.208047],[9.012551,42.208012],[9.012592,42.208066],[9.012692,42.208149],[9.012851,42.208119],[9.012952,42.208128],[9.013052,42.20809],[9.013093,42.208102],[9.013138,42.208092],[9.013156,42.20811],[9.013218,42.208075],[9.013281,42.208101],[9.013326,42.208065],[9.013411,42.208024],[9.013503,42.208006],[9.013581,42.207954],[9.013655,42.207945],[9.013673,42.207918],[9.013756,42.207867],[9.013785,42.207875],[9.013816,42.207847],[9.013978,42.207805],[9.014047,42.207768],[9.014139,42.207743],[9.014261,42.207678],[9.014345,42.207587],[9.014436,42.207507],[9.014467,42.207506],[9.014499,42.207467],[9.014688,42.20744],[9.014799,42.20742],[9.014845,42.207329],[9.014955,42.207257],[9.01503,42.207225],[9.015059,42.207215],[9.015078,42.207172],[9.01506,42.207146],[9.015096,42.207136],[9.015126,42.207143],[9.01527,42.207012],[9.015401,42.206927],[9.015456,42.20687],[9.015495,42.206859],[9.015517,42.206807],[9.015572,42.206779],[9.015649,42.206767],[9.015715,42.206682],[9.015769,42.206651],[9.01581,42.206602],[9.015857,42.206528],[9.015896,42.206509],[9.015899,42.206488],[9.015876,42.20646],[9.0159,42.206411],[9.015889,42.206363],[9.015943,42.206179],[9.016016,42.206139],[9.016031,42.206105],[9.016098,42.206092],[9.016144,42.206094],[9.016307,42.20606],[9.01634,42.206046],[9.016349,42.206003],[9.016403,42.205942],[9.016566,42.205885],[9.016684,42.205756],[9.016753,42.205593],[9.016802,42.205569],[9.016931,42.205578],[9.017113,42.20555],[9.017189,42.205505],[9.017305,42.205367],[9.017404,42.205331],[9.017456,42.205224],[9.017518,42.205231],[9.017611,42.205182],[9.017749,42.205085],[9.017791,42.205081],[9.017899,42.205019],[9.017906,42.204986],[9.01797,42.204941],[9.018172,42.204887],[9.018239,42.204863],[9.018301,42.204731],[9.018451,42.204685],[9.018596,42.204604],[9.018641,42.204604],[9.018673,42.204583],[9.018877,42.204548],[9.018938,42.204515],[9.01921,42.204461],[9.01928,42.204464],[9.019445,42.204386],[9.019516,42.204387],[9.019582,42.204338],[9.019767,42.204218],[9.019852,42.20423],[9.019926,42.204223],[9.019993,42.204198],[9.020121,42.204117],[9.02033,42.204037],[9.020349,42.204051],[9.02043,42.204004],[9.020463,42.203997],[9.02053,42.204027],[9.020658,42.203937],[9.02078,42.203914],[9.020858,42.203895],[9.020901,42.203896],[9.020985,42.203852],[9.02104,42.203851],[9.0211,42.203854],[9.021254,42.203777],[9.021305,42.203656],[9.021497,42.203556],[9.021557,42.203445],[9.021698,42.203226],[9.021769,42.203105],[9.021865,42.203044],[9.021966,42.203046],[9.022015,42.203118],[9.022105,42.203137],[9.022165,42.203185],[9.022322,42.203191],[9.022339,42.203248],[9.022392,42.203263],[9.022417,42.203307],[9.022491,42.203328],[9.022565,42.203375],[9.022649,42.203411],[9.022756,42.20354],[9.022811,42.20356],[9.022981,42.203565],[9.023059,42.203617],[9.023091,42.203674],[9.023157,42.203596],[9.023416,42.203613],[9.023516,42.203703],[9.023696,42.203957],[9.023814,42.204093],[9.023936,42.20414],[9.024063,42.204239],[9.024253,42.204357],[9.024317,42.204438],[9.024359,42.204442],[9.02446,42.204531],[9.024617,42.204582],[9.024628,42.204615],[9.024664,42.204751],[9.024702,42.20477],[9.024712,42.20479],[9.02472,42.204852],[9.024824,42.204942],[9.025011,42.205095],[9.025117,42.205192],[9.025251,42.205364],[9.025337,42.205481],[9.025369,42.205497],[9.025574,42.20583],[9.025602,42.205958],[9.02563,42.205987],[9.025593,42.206016],[9.025613,42.206171],[9.025593,42.206358],[9.025594,42.206553],[9.025808,42.206682],[9.025921,42.206804],[9.025982,42.206846],[9.026476,42.206914],[9.026552,42.207028],[9.026707,42.207093],[9.026888,42.207162],[9.026994,42.207248],[9.027157,42.207312],[9.027482,42.20745],[9.027532,42.207566],[9.027633,42.207629],[9.027627,42.207855],[9.027745,42.20799],[9.028025,42.208487],[9.027948,42.208656],[9.028111,42.20884],[9.028194,42.208955],[9.028272,42.209089],[9.028455,42.209305],[9.028485,42.209277],[9.028527,42.209258],[9.028599,42.20926],[9.028622,42.209206],[9.028653,42.209214],[9.028725,42.209139],[9.028794,42.209122],[9.028819,42.209033],[9.028864,42.209024],[9.028913,42.209033],[9.028962,42.209043],[9.028998,42.209118],[9.029034,42.209086],[9.029096,42.209071],[9.029145,42.209146],[9.02925,42.209084],[9.029323,42.209134],[9.029379,42.209102],[9.029473,42.209016],[9.029544,42.208834],[9.029606,42.208816],[9.029644,42.208768],[9.029747,42.208739],[9.029773,42.208717],[9.029983,42.208528],[9.030151,42.208377],[9.030639,42.2083],[9.030917,42.20819],[9.031508,42.208212],[9.031861,42.208141],[9.032171,42.208135],[9.032501,42.208076],[9.032693,42.207986],[9.032857,42.20798],[9.033302,42.208059],[9.033395,42.208052],[9.033529,42.207976],[9.03404,42.207923],[9.034339,42.20784],[9.034494,42.207819],[9.0346,42.207867],[9.034938,42.207881],[9.035349,42.207876],[9.035538,42.207844],[9.035814,42.207796],[9.035914,42.207766],[9.035982,42.207647],[9.036116,42.207629],[9.036421,42.20746],[9.036534,42.207349],[9.036915,42.207163],[9.037111,42.207038],[9.037412,42.206914],[9.037484,42.206829],[9.037554,42.206764],[9.03771,42.206724],[9.037818,42.206751],[9.037936,42.206711],[9.03796,42.206647],[9.038242,42.206583],[9.038493,42.206479],[9.038744,42.206375],[9.038751,42.206334],[9.038948,42.206188],[9.03928,42.205876],[9.040179,42.205404],[9.040204,42.205353],[9.040528,42.205169],[9.040498,42.205118],[9.040685,42.205001],[9.040854,42.204931],[9.040942,42.204817],[9.04103,42.204757],[9.041244,42.204699],[9.041342,42.204646],[9.041696,42.204565],[9.041885,42.204494],[9.042564,42.204218],[9.042658,42.204139],[9.042797,42.204056],[9.04283,42.204012],[9.042933,42.204001],[9.043112,42.203888],[9.043154,42.203726],[9.043245,42.203653],[9.043473,42.203505],[9.043501,42.203394],[9.043598,42.203264],[9.043785,42.203183],[9.043984,42.203023],[9.044062,42.202961],[9.044054,42.202855],[9.044091,42.202811],[9.044346,42.202309],[9.044404,42.202274],[9.044398,42.202206],[9.044439,42.202152],[9.044541,42.202063],[9.04467,42.201852],[9.044705,42.201822],[9.044714,42.201764],[9.04491,42.201554],[9.045022,42.201402],[9.045343,42.201012],[9.045543,42.200883],[9.045553,42.200851],[9.04557,42.20082],[9.045616,42.200764],[9.045615,42.200704],[9.045668,42.200672],[9.045716,42.200585],[9.045728,42.200472],[9.046042,42.200268],[9.04624,42.200042],[9.046477,42.19997],[9.046618,42.199978],[9.046678,42.199982],[9.046989,42.200095],[9.047086,42.199935],[9.04716,42.199948],[9.047168,42.19989],[9.047181,42.199645],[9.047209,42.199566],[9.047273,42.199562],[9.047329,42.199329],[9.047353,42.199259],[9.047398,42.199235],[9.047481,42.199235],[9.047603,42.199279],[9.047751,42.199289],[9.047796,42.199243],[9.047794,42.199199],[9.047999,42.199221],[9.048103,42.199221],[9.048251,42.199188],[9.048312,42.199007],[9.048336,42.198944],[9.0484,42.198896],[9.048471,42.198872],[9.048667,42.199102],[9.048955,42.198982],[9.049222,42.199018],[9.049572,42.198987],[9.050002,42.198838],[9.050287,42.198679],[9.05034,42.198679],[9.050418,42.198737],[9.050507,42.198765],[9.050566,42.19874],[9.050848,42.198696],[9.051107,42.198568],[9.051289,42.198536],[9.051402,42.198433],[9.051356,42.198318],[9.051438,42.198168],[9.051531,42.198118],[9.051533,42.198058],[9.051537,42.198022],[9.051329,42.197955],[9.051232,42.197785],[9.050987,42.197795],[9.050866,42.197766],[9.050793,42.197696],[9.050667,42.197656],[9.050557,42.197583],[9.050532,42.197581],[9.050463,42.197577],[9.050022,42.197418],[9.050143,42.197406],[9.050003,42.197321],[9.050077,42.197328],[9.050136,42.197308],[9.050141,42.197279],[9.050232,42.197299],[9.050275,42.197309],[9.050403,42.197304],[9.050573,42.197349],[9.050495,42.197256],[9.050607,42.197293],[9.050582,42.197234],[9.050669,42.197266],[9.050661,42.197176],[9.050814,42.197221],[9.051011,42.19723],[9.050835,42.197126],[9.050963,42.197121],[9.051169,42.197114],[9.051082,42.197027],[9.050889,42.196971],[9.050853,42.196871],[9.050797,42.196716],[9.050789,42.196695],[9.05122,42.196505],[9.051286,42.196328],[9.051595,42.196176],[9.051842,42.196151],[9.051923,42.196089],[9.052007,42.196069],[9.052028,42.196014],[9.0521,42.195998],[9.052119,42.195957],[9.052136,42.195949],[9.052346,42.195852],[9.052362,42.195799],[9.052534,42.195761],[9.052587,42.195715],[9.052565,42.195616],[9.052594,42.195603],[9.052844,42.195613],[9.05291,42.195696],[9.053117,42.195457],[9.053234,42.195319],[9.053362,42.195207],[9.053608,42.195118],[9.053819,42.195064],[9.054149,42.195041],[9.054362,42.195035],[9.054537,42.194926],[9.054659,42.194941],[9.0547,42.194928],[9.054741,42.19494],[9.05485,42.194909],[9.055122,42.194876],[9.055225,42.194904],[9.055357,42.194939],[9.05541,42.195019],[9.055399,42.195146],[9.055371,42.195297],[9.055418,42.195363],[9.055497,42.195378],[9.055555,42.195378],[9.05564,42.195409],[9.055735,42.195413],[9.055795,42.195418],[9.055859,42.195436],[9.055991,42.19541],[9.056074,42.195409],[9.05614,42.19536],[9.056245,42.195343],[9.056376,42.195323],[9.056401,42.195346],[9.056433,42.195354],[9.056497,42.195339],[9.056576,42.195356],[9.056646,42.19538],[9.056672,42.195359],[9.056625,42.195315],[9.056702,42.195322],[9.05673,42.195342],[9.056832,42.19536],[9.0569,42.195366],[9.057014,42.195377],[9.057112,42.195433],[9.057277,42.195414],[9.057374,42.195447],[9.05749,42.19545],[9.057471,42.195365],[9.057583,42.195319],[9.057543,42.195241],[9.057612,42.195229],[9.057632,42.195199],[9.057664,42.19521],[9.05768,42.195185],[9.057718,42.195212],[9.057783,42.195182],[9.057825,42.195213],[9.057872,42.195206],[9.057993,42.195256],[9.058319,42.195338],[9.058505,42.195315],[9.058647,42.195282],[9.058818,42.195357],[9.05886,42.195303],[9.058955,42.195259],[9.059065,42.195242],[9.059255,42.195235],[9.05941,42.195227],[9.059508,42.195287],[9.059488,42.195536],[9.05953,42.195572],[9.059578,42.195612],[9.059823,42.195566],[9.059955,42.195539],[9.060102,42.195574],[9.060291,42.195579],[9.06067,42.195615],[9.060857,42.195626],[9.061031,42.195624],[9.061261,42.195792],[9.061395,42.195933],[9.061571,42.196067],[9.061735,42.196098],[9.061858,42.196148],[9.061907,42.196231],[9.061964,42.196263],[9.062087,42.196233],[9.062391,42.196155],[9.062698,42.196169],[9.062935,42.196128],[9.063023,42.196182],[9.063068,42.196168],[9.063106,42.196163],[9.063278,42.196103],[9.063287,42.19607],[9.063282,42.195941],[9.063325,42.19585],[9.063367,42.195635],[9.063386,42.195575],[9.063451,42.195425],[9.063415,42.19532],[9.063354,42.195074],[9.063466,42.194976],[9.063482,42.194818],[9.06349,42.194579],[9.063463,42.19441],[9.063518,42.194234],[9.063644,42.194073],[9.063561,42.193959],[9.063613,42.193767],[9.063692,42.193554],[9.063793,42.193484],[9.063964,42.193447],[9.063997,42.193419],[9.064791,42.19312],[9.064888,42.193075],[9.06505,42.193018],[9.065076,42.193041],[9.065243,42.193043],[9.065467,42.192947],[9.065511,42.192866],[9.065601,42.192792],[9.066161,42.1925],[9.06689,42.191929],[9.06711,42.191745],[9.067357,42.191549],[9.067596,42.191355],[9.067806,42.191233],[9.067922,42.191153],[9.067986,42.1911],[9.068239,42.19097],[9.068383,42.190832],[9.068455,42.190754],[9.068554,42.190761],[9.068646,42.19073],[9.06887,42.190664],[9.069051,42.190636],[9.069818,42.190524],[9.070361,42.190506],[9.070569,42.190441],[9.070728,42.190331],[9.070878,42.190213],[9.071028,42.190096],[9.071117,42.189926],[9.071514,42.189835],[9.071875,42.189664],[9.072059,42.189551],[9.072347,42.18934],[9.07267,42.18933],[9.073009,42.189309],[9.073572,42.18914],[9.074104,42.188949],[9.074621,42.188708],[9.075006,42.188633],[9.075148,42.188412],[9.075371,42.188254],[9.075388,42.188163],[9.075416,42.188018],[9.075473,42.187732],[9.075643,42.187391],[9.075694,42.187006],[9.075629,42.186782],[9.075717,42.186413],[9.075626,42.18605],[9.07558,42.185707],[9.076286,42.184493],[9.076193,42.184055],[9.076189,42.183905],[9.076199,42.183819],[9.076395,42.183642],[9.076915,42.183048],[9.077323,42.182684],[9.07753,42.182462],[9.077824,42.182142],[9.078048,42.181974],[9.078297,42.181816],[9.078758,42.181629],[9.079721,42.181334],[9.079973,42.181107],[9.080056,42.181019],[9.080432,42.180733],[9.08069,42.180532],[9.08116,42.179558],[9.08245,42.179219],[9.083552,42.178965],[9.084189,42.178711],[9.084628,42.17852],[9.084998,42.17835],[9.085513,42.178238],[9.086318,42.178062],[9.086637,42.177996],[9.086887,42.177795],[9.087332,42.17744],[9.087671,42.177077],[9.088054,42.176919],[9.088568,42.176728],[9.089587,42.176498],[9.090529,42.175979],[9.091631,42.17502],[9.091977,42.174954],[9.092255,42.174462],[9.092626,42.174406],[9.093542,42.17436],[9.09397,42.174425],[9.094253,42.174468],[9.095104,42.174087],[9.095744,42.173638],[9.096416,42.173414],[9.097242,42.172607],[9.097466,42.172266],[9.09748,42.172182],[9.09763,42.172061],[9.097738,42.171772],[9.098197,42.17168],[9.0983,42.17152],[9.098458,42.171304],[9.099248,42.170671],[9.099257,42.170615],[9.099436,42.170163],[9.099493,42.170002],[9.099576,42.169942],[9.099611,42.16989],[9.099611,42.169815],[9.099637,42.169784],[9.09963,42.169651],[9.099697,42.169542],[9.099783,42.169527],[9.099881,42.169298],[9.099992,42.169089],[9.100228,42.168899],[9.100414,42.168971],[9.100535,42.168807],[9.100837,42.168577],[9.10085,42.168419],[9.100893,42.168313],[9.100989,42.168207],[9.101302,42.168005],[9.100992,42.167798],[9.100905,42.167687],[9.100677,42.167519],[9.100468,42.167127],[9.100358,42.166903],[9.100345,42.166651],[9.100323,42.166516],[9.100205,42.166364],[9.09999,42.166127],[9.099857,42.16607],[9.099329,42.165947],[9.098941,42.165906],[9.098759,42.165846],[9.098296,42.165608],[9.098124,42.165548],[9.097899,42.165391],[9.097605,42.165258],[9.097452,42.165211],[9.09726,42.16509],[9.096986,42.165055],[9.09693,42.165041],[9.09654,42.165004],[9.096125,42.164928],[9.095439,42.164639],[9.094875,42.164336],[9.094676,42.164252],[9.094244,42.163973],[9.094068,42.163899],[9.093944,42.163819],[9.093875,42.163748],[9.093767,42.163566],[9.093514,42.163321],[9.093419,42.163268],[9.093194,42.163192],[9.093009,42.163051],[9.09259,42.16286],[9.092255,42.162684],[9.091902,42.162541],[9.091715,42.162432],[9.091443,42.162321],[9.090913,42.162061],[9.090641,42.16195],[9.090302,42.161809],[9.089916,42.161659],[9.089648,42.161524],[9.088795,42.161294],[9.087272,42.161224],[9.087157,42.161185],[9.086508,42.16111],[9.0862,42.161036],[9.085996,42.161019],[9.085798,42.160973],[9.085561,42.160943],[9.085256,42.160862],[9.085023,42.160768],[9.084888,42.160741],[9.084522,42.16073],[9.084333,42.160668],[9.084135,42.160489],[9.083717,42.160445],[9.083343,42.160391],[9.083215,42.160388],[9.082843,42.160482],[9.08242,42.160534],[9.082291,42.16057],[9.082141,42.160627],[9.081459,42.160596],[9.081406,42.160768],[9.081544,42.160925],[9.081591,42.161044],[9.081492,42.161135],[9.081321,42.161026],[9.081141,42.160957],[9.080713,42.160829],[9.080559,42.160672],[9.080265,42.160512],[9.080002,42.160438],[9.079634,42.160247],[9.079338,42.160093],[9.079009,42.159951],[9.07885,42.159799],[9.078596,42.159589],[9.07848,42.159442],[9.078298,42.15917],[9.078048,42.158689],[9.077812,42.158366],[9.07769,42.158115],[9.077626,42.15804],[9.077188,42.157593],[9.076826,42.157248],[9.076679,42.15713],[9.075971,42.156651],[9.075673,42.156471],[9.075667,42.156286],[9.075602,42.15621],[9.07541,42.156],[9.075262,42.155848],[9.075012,42.155686],[9.074775,42.155555],[9.074588,42.155457],[9.074451,42.155361],[9.074305,42.155168],[9.074252,42.154923],[9.074182,42.154609],[9.074221,42.154346],[9.074238,42.154208],[9.074221,42.154168],[9.074232,42.154062],[9.074147,42.154015],[9.074066,42.153926],[9.074044,42.15388],[9.074063,42.153791],[9.07406,42.153719],[9.074043,42.153625],[9.073961,42.153532],[9.074081,42.153321],[9.074112,42.153274],[9.074043,42.153236],[9.073951,42.153194],[9.073916,42.153183],[9.07388,42.153172],[9.073839,42.153145],[9.073798,42.153119],[9.073698,42.153063],[9.07358,42.152997],[9.073495,42.152979],[9.073307,42.152994],[9.073221,42.152971],[9.073171,42.152927],[9.07305,42.152753],[9.072963,42.152572],[9.072777,42.152406],[9.07269,42.152386],[9.072639,42.152397],[9.07257,42.152446],[9.07252,42.152508],[9.072425,42.152664],[9.072298,42.152872],[9.072118,42.153112],[9.071767,42.153657],[9.07137,42.153126],[9.071546,42.152516],[9.071488,42.152165],[9.070985,42.151746],[9.070661,42.15152],[9.070689,42.151182],[9.070512,42.150861],[9.070536,42.15031],[9.070284,42.149975],[9.070474,42.149712],[9.070712,42.149093],[9.071049,42.148687],[9.071518,42.147455],[9.072047,42.147131],[9.072195,42.146816],[9.072372,42.146679],[9.072656,42.146197],[9.072692,42.146183],[9.073104,42.146024],[9.073066,42.145498],[9.073085,42.145051],[9.073149,42.144551],[9.073669,42.143224],[9.073621,42.142715],[9.074046,42.142386],[9.074218,42.142062],[9.074471,42.141966],[9.074441,42.141315],[9.074935,42.140642],[9.075114,42.140142],[9.075394,42.140038],[9.075459,42.139623],[9.07559,42.139165],[9.075805,42.139096],[9.075609,42.138798],[9.075702,42.138604],[9.075795,42.138528],[9.075749,42.138307],[9.075833,42.138168],[9.075781,42.13795],[9.075661,42.137706],[9.075844,42.137492],[9.076,42.137484],[9.076143,42.137112],[9.07618,42.137011],[9.076252,42.136941],[9.07633,42.136948],[9.076397,42.137022],[9.076413,42.137077],[9.076475,42.137084],[9.076497,42.137037],[9.076618,42.1369],[9.076978,42.136842],[9.077261,42.136804],[9.077315,42.136657],[9.077978,42.136822],[9.078178,42.136862],[9.078451,42.13678],[9.078714,42.136676],[9.079122,42.136744],[9.080307,42.136806],[9.080948,42.136975],[9.081773,42.137034],[9.082272,42.137255],[9.08327,42.137116],[9.083955,42.137198],[9.084188,42.137197],[9.084288,42.137165],[9.084413,42.137146],[9.084539,42.137161],[9.084654,42.137167],[9.084996,42.136991],[9.085152,42.136796],[9.08547,42.136261],[9.085323,42.136124],[9.084808,42.13603],[9.084259,42.135745],[9.084285,42.135558],[9.084154,42.135247],[9.08422,42.135047],[9.084683,42.134951],[9.084638,42.134734],[9.08458,42.134634],[9.084416,42.134591],[9.084377,42.134509],[9.084492,42.13442],[9.084897,42.134148],[9.084943,42.134037],[9.085226,42.133997],[9.085564,42.133838],[9.085419,42.133591],[9.08498,42.133329],[9.084819,42.13324],[9.084631,42.133232],[9.084507,42.133158],[9.084588,42.133007],[9.08479,42.132825],[9.085043,42.132612],[9.085119,42.132447],[9.084964,42.132214],[9.084824,42.132078],[9.084814,42.131931],[9.0847,42.131825],[9.084687,42.131759],[9.08465,42.131566],[9.084848,42.131382],[9.085396,42.131391],[9.085624,42.131514],[9.086019,42.131542],[9.086101,42.131366],[9.086067,42.131245],[9.085999,42.131044],[9.085848,42.130956],[9.085777,42.130506],[9.086245,42.129383],[9.086537,42.129321],[9.087057,42.129344],[9.087336,42.129015],[9.087485,42.128832],[9.087745,42.128481],[9.087775,42.128219],[9.087689,42.127849],[9.087743,42.127432],[9.087646,42.127245],[9.087626,42.126974],[9.087508,42.126263],[9.087965,42.125991],[9.088139,42.125605],[9.088545,42.125463],[9.088706,42.125372],[9.088804,42.125255],[9.089075,42.125265],[9.089139,42.125231],[9.08907,42.125164],[9.089355,42.125132],[9.089788,42.124082],[9.089999,42.123902],[9.089988,42.123707],[9.090274,42.123471],[9.090459,42.122941],[9.090426,42.122785],[9.090595,42.122758],[9.090902,42.12235],[9.091084,42.122322],[9.091218,42.122234],[9.091351,42.122247],[9.091635,42.121918],[9.091656,42.12168],[9.091647,42.121653],[9.092011,42.121356],[9.093436,42.12102],[9.0936,42.121063],[9.093787,42.12106],[9.093903,42.121049],[9.094263,42.121132],[9.094463,42.121108],[9.0947,42.121086],[9.094928,42.121114],[9.095046,42.120901],[9.095223,42.120813],[9.095634,42.12062],[9.095911,42.120384],[9.096146,42.12022],[9.097192,42.119932],[9.097354,42.119861],[9.097433,42.119788],[9.097625,42.119765],[9.097842,42.1197],[9.097998,42.119638],[9.098172,42.119537],[9.098459,42.119436],[9.099735,42.119158],[9.099863,42.119097],[9.099849,42.119008],[9.09989,42.118957],[9.100152,42.118994],[9.100274,42.119001],[9.10034,42.118967],[9.100452,42.118834],[9.100701,42.118812],[9.100929,42.118904],[9.101129,42.119033],[9.101399,42.119111],[9.101563,42.119335],[9.101894,42.119498],[9.102302,42.119487],[9.10311,42.119357],[9.104053,42.119483],[9.105944,42.119064],[9.106176,42.119128],[9.106512,42.119033],[9.107025,42.118763],[9.107144,42.118485],[9.107418,42.118475],[9.107474,42.118239],[9.107825,42.118033],[9.108439,42.117745],[9.108642,42.11775],[9.108683,42.117759],[9.108855,42.117768],[9.108954,42.117577],[9.110063,42.116956],[9.11014,42.116717],[9.110249,42.116577],[9.110435,42.11658],[9.110505,42.116405],[9.111076,42.116102],[9.111466,42.116016],[9.111845,42.116072],[9.112323,42.116233],[9.112376,42.116269],[9.112375,42.116294],[9.112389,42.116413],[9.112407,42.116479],[9.1126,42.116619],[9.113465,42.116955],[9.114206,42.117172],[9.11479,42.117337],[9.11541,42.117398],[9.116336,42.117289],[9.116883,42.117103],[9.117398,42.117377],[9.117997,42.11747],[9.11863,42.117501],[9.119071,42.117496],[9.11963,42.117773],[9.119899,42.117812],[9.120173,42.117922],[9.120865,42.118605],[9.121061,42.118866],[9.121293,42.118975],[9.121564,42.11905],[9.122611,42.11935],[9.123031,42.119634],[9.123167,42.119878],[9.123325,42.120078],[9.123795,42.12044],[9.124266,42.12065],[9.12445,42.120685],[9.124814,42.120754],[9.125055,42.120842],[9.125187,42.120851],[9.125292,42.120759],[9.125371,42.120621],[9.125718,42.120495],[9.126139,42.120572],[9.127531,42.121049],[9.12771,42.121234],[9.127896,42.121656],[9.128031,42.121725],[9.128201,42.121826],[9.128466,42.122011],[9.128567,42.122137],[9.128587,42.1222],[9.128566,42.122316],[9.128544,42.122452],[9.128576,42.122599],[9.12865,42.12272],[9.128526,42.123042],[9.128394,42.123303],[9.128285,42.123484],[9.128186,42.123665],[9.128124,42.123773],[9.128108,42.123976],[9.12816,42.124136],[9.128251,42.124249],[9.128494,42.124513],[9.128726,42.125082],[9.129074,42.126092],[9.12907,42.126564],[9.129156,42.126508],[9.129377,42.126353],[9.129513,42.126274],[9.129688,42.126251],[9.129954,42.126385],[9.130094,42.126463],[9.130192,42.126452],[9.130402,42.126292],[9.130568,42.126128],[9.130646,42.125998],[9.13074,42.125789],[9.1308,42.125712],[9.130921,42.125675],[9.131042,42.12569],[9.131167,42.125769],[9.131193,42.126052],[9.131166,42.126249],[9.13121,42.126402],[9.131294,42.126596],[9.13142,42.126702],[9.131632,42.126792],[9.132055,42.12686],[9.132396,42.126947],[9.132545,42.126996],[9.132643,42.127037],[9.132757,42.127133],[9.132898,42.127041],[9.133052,42.12693],[9.133275,42.126763],[9.13338,42.126653],[9.133496,42.126533],[9.133511,42.126519],[9.133667,42.126377],[9.133915,42.126289],[9.134085,42.126276],[9.134546,42.126333],[9.134548,42.126289],[9.134552,42.126214],[9.134566,42.12608],[9.134667,42.125592],[9.134727,42.125189],[9.134837,42.124913],[9.135047,42.124659],[9.135153,42.12448],[9.135319,42.124399],[9.135387,42.124398],[9.13543,42.124438],[9.135477,42.12479],[9.135949,42.125465],[9.136152,42.12573],[9.136373,42.125878],[9.136548,42.12589],[9.136753,42.125805],[9.136918,42.125841],[9.137121,42.125932],[9.137395,42.126248],[9.13759,42.126455],[9.137825,42.126714],[9.138118,42.126961],[9.138374,42.127112],[9.138555,42.127157],[9.138688,42.127195],[9.138773,42.127302],[9.138821,42.127448],[9.138857,42.127619],[9.139032,42.127747],[9.139233,42.127827],[9.139494,42.127963],[9.139777,42.128061],[9.139981,42.128207],[9.140298,42.128365],[9.140423,42.128406],[9.14075,42.128445],[9.140959,42.128509],[9.141186,42.128617],[9.141357,42.128787],[9.14153,42.128881],[9.141806,42.128927],[9.141985,42.129014],[9.142116,42.12909],[9.14213,42.129225],[9.142018,42.129368],[9.141935,42.129518],[9.141896,42.129687],[9.141879,42.129879],[9.141906,42.130114],[9.141914,42.130296],[9.141807,42.130468],[9.141694,42.130671],[9.141611,42.130848],[9.141611,42.130946],[9.141642,42.130985],[9.141696,42.131005],[9.141754,42.130957],[9.14182,42.130743],[9.141936,42.130572],[9.142196,42.130332],[9.142281,42.130159],[9.142271,42.129979],[9.14227,42.129882],[9.142365,42.129772],[9.142402,42.129748],[9.142425,42.129819],[9.14245,42.129883],[9.142472,42.129985],[9.14251,42.130073],[9.142684,42.130281],[9.142658,42.130513],[9.142599,42.130697],[9.142546,42.130926],[9.142555,42.13097],[9.142598,42.130982],[9.142788,42.130869],[9.142988,42.130699],[9.143466,42.130384],[9.143795,42.130172],[9.143973,42.130017],[9.144178,42.12982],[9.144367,42.129721],[9.144462,42.129728],[9.14449,42.129991],[9.144453,42.130364],[9.14442,42.130892],[9.144394,42.131127],[9.144411,42.131439],[9.144556,42.131567],[9.144693,42.131672],[9.144859,42.131476],[9.145037,42.131476],[9.145283,42.131499],[9.145711,42.131109],[9.145856,42.131163],[9.145933,42.130977],[9.146084,42.131029],[9.146223,42.130896],[9.146483,42.130841],[9.146527,42.130545],[9.146766,42.130543],[9.14681,42.130461],[9.146842,42.130178],[9.146975,42.13015],[9.147202,42.129921],[9.147567,42.129376],[9.147686,42.129306],[9.147721,42.129183],[9.148047,42.12862],[9.148219,42.128447],[9.148541,42.128175],[9.148593,42.128057],[9.148461,42.127899],[9.148205,42.127564],[9.147824,42.127089],[9.147482,42.126765],[9.146821,42.126272],[9.146744,42.126176],[9.147006,42.126133],[9.147261,42.126143],[9.147462,42.126122],[9.147601,42.12601],[9.147735,42.125767],[9.147956,42.125531],[9.14847,42.125185],[9.149371,42.125024],[9.149939,42.124034],[9.149876,42.123697],[9.150113,42.123223],[9.150073,42.122849],[9.150125,42.121967],[9.150346,42.121526],[9.150294,42.121174],[9.150564,42.12085],[9.150866,42.120418],[9.150915,42.120098],[9.150486,42.120455],[9.150252,42.120427],[9.150294,42.120129],[9.150094,42.119723],[9.149843,42.118956],[9.14975,42.118608],[9.149858,42.118329],[9.149688,42.118362],[9.149524,42.118539],[9.149249,42.119126],[9.149084,42.119017],[9.148834,42.118257],[9.149044,42.11786],[9.149556,42.117378],[9.150055,42.117125],[9.150648,42.116782],[9.150624,42.116692],[9.150281,42.116697],[9.149654,42.116874],[9.149288,42.117005],[9.149051,42.117132],[9.14887,42.117179],[9.148756,42.117109],[9.150727,42.115599],[9.151443,42.114991],[9.151894,42.114749],[9.152197,42.114639],[9.152424,42.114571],[9.152575,42.114579],[9.152758,42.114613],[9.153064,42.114707],[9.153102,42.114737],[9.153177,42.114762],[9.153354,42.114862],[9.153387,42.114843],[9.153427,42.114777],[9.153364,42.114416],[9.15331,42.114263],[9.153229,42.114092],[9.153205,42.114057],[9.153256,42.114068],[9.15343,42.114152],[9.15358,42.114254],[9.153667,42.114284],[9.153942,42.114478],[9.153969,42.114488],[9.153996,42.11444],[9.153977,42.114335],[9.153943,42.114244],[9.153934,42.114024],[9.153858,42.11399],[9.153792,42.113856],[9.153797,42.113799],[9.153736,42.113634],[9.153875,42.113715],[9.154011,42.113843],[9.154042,42.113872],[9.154159,42.113942],[9.154262,42.114043],[9.154389,42.114147],[9.154473,42.114278],[9.154845,42.114465],[9.155124,42.114512],[9.155296,42.11457],[9.155543,42.114622],[9.15588,42.114653],[9.156027,42.114621],[9.156174,42.114601],[9.156267,42.11457],[9.156409,42.114575],[9.15651,42.114534],[9.156582,42.114477],[9.156802,42.114342],[9.156954,42.114185],[9.157059,42.114113],[9.157221,42.114069],[9.157312,42.114066],[9.157482,42.114059],[9.157575,42.114043],[9.157651,42.113996],[9.157707,42.11378],[9.157756,42.113691],[9.157805,42.113352],[9.157943,42.112853],[9.158034,42.112571],[9.158115,42.112139],[9.158101,42.112017],[9.157893,42.111774],[9.157839,42.111598],[9.157728,42.111521],[9.157696,42.111338],[9.157356,42.110918],[9.157068,42.110627],[9.156937,42.110211],[9.156788,42.109875],[9.156792,42.109693],[9.156795,42.109585],[9.156984,42.109451],[9.1574,42.109157],[9.157929,42.108962],[9.158017,42.108854],[9.15803,42.108618],[9.158196,42.108605],[9.158374,42.108638],[9.158481,42.108669],[9.158633,42.108714],[9.158796,42.108609],[9.158881,42.108513],[9.15911,42.108562],[9.159498,42.108521],[9.160372,42.108338],[9.160899,42.10834],[9.16206,42.108437],[9.162471,42.108402],[9.163177,42.108719],[9.163706,42.108719],[9.164543,42.108864],[9.166147,42.109165],[9.166637,42.10928],[9.167092,42.109321],[9.167523,42.109303],[9.16783,42.109274],[9.168197,42.109184],[9.168233,42.109154],[9.1672,42.107787],[9.167152,42.107549],[9.167478,42.107114],[9.167576,42.106792],[9.167579,42.10631],[9.168473,42.105886],[9.169014,42.105765],[9.169503,42.105427],[9.170174,42.105088],[9.170615,42.104689],[9.171003,42.104429],[9.171335,42.103911],[9.171808,42.103397],[9.172376,42.102937],[9.172541,42.102719],[9.172535,42.102697],[9.172509,42.102621],[9.172413,42.102566],[9.172331,42.102552],[9.172287,42.102554],[9.172127,42.102527],[9.171327,42.102498],[9.170872,42.102576],[9.170485,42.10273],[9.169982,42.102895],[9.169554,42.10309],[9.168976,42.103481],[9.168855,42.103602],[9.168329,42.103736],[9.167626,42.103921],[9.166636,42.104234],[9.166239,42.104189],[9.166115,42.104116],[9.165944,42.103844],[9.165738,42.103614],[9.165731,42.103516],[9.165589,42.103296],[9.165554,42.10289],[9.165065,42.102825],[9.164602,42.102585],[9.164506,42.102398],[9.163735,42.102338],[9.163341,42.102308],[9.162957,42.102322],[9.162845,42.102226],[9.162601,42.102154],[9.162362,42.102142],[9.162142,42.102048],[9.162154,42.10195],[9.162116,42.101868],[9.161967,42.101773],[9.161853,42.101653],[9.161789,42.101405],[9.161902,42.101138],[9.161679,42.101023],[9.161601,42.10093],[9.1613,42.100877],[9.160899,42.100873],[9.160427,42.100824],[9.16018,42.100833],[9.15969,42.100729],[9.159439,42.100765],[9.159016,42.10041],[9.158572,42.100315],[9.158396,42.099948],[9.158283,42.099889],[9.158304,42.099779],[9.158277,42.099724],[9.158193,42.099693],[9.158183,42.099623],[9.15795,42.099503],[9.157925,42.099408],[9.157843,42.099365],[9.157763,42.099236],[9.157608,42.099115],[9.157318,42.098948],[9.157258,42.098873],[9.1571,42.098831],[9.157058,42.098677],[9.15693,42.098559],[9.156824,42.098369],[9.156643,42.098279],[9.156373,42.0982],[9.156249,42.098216],[9.156096,42.098205],[9.155758,42.097811],[9.155677,42.097676],[9.155345,42.097532],[9.155264,42.097435],[9.155181,42.09742],[9.155233,42.097161],[9.155221,42.096916],[9.155068,42.096606],[9.154876,42.096567],[9.154491,42.096531],[9.154296,42.096353],[9.154307,42.096246],[9.154315,42.096166],[9.154361,42.09605],[9.154328,42.095886],[9.154298,42.095701],[9.154198,42.095607],[9.154121,42.095435],[9.15401,42.095248],[9.153918,42.095249],[9.153885,42.095219],[9.153842,42.095162],[9.153835,42.095138],[9.153901,42.095132],[9.153955,42.095078],[9.154883,42.094763],[9.155573,42.094569],[9.155724,42.094419],[9.15628,42.094192],[9.157052,42.093259],[9.157433,42.092784],[9.158078,42.0922],[9.15818,42.091595],[9.158148,42.091354],[9.158022,42.091154],[9.157839,42.09102],[9.157583,42.090956],[9.157278,42.090785],[9.157006,42.090724],[9.156707,42.090719],[9.1562,42.090831],[9.155261,42.090961],[9.154612,42.090976],[9.153844,42.090962],[9.153182,42.090737],[9.153,42.090609],[9.153616,42.090497],[9.153641,42.090401],[9.153524,42.090343],[9.153342,42.090316],[9.153296,42.090303],[9.153285,42.090265],[9.153479,42.0901],[9.153677,42.089786],[9.153811,42.0895],[9.154274,42.08849],[9.155725,42.086922],[9.154745,42.086375],[9.15424,42.085803],[9.154498,42.085718],[9.153877,42.084713],[9.15377,42.084419],[9.154167,42.084007],[9.154812,42.083153],[9.155366,42.082941],[9.155742,42.082626],[9.15612,42.081769],[9.156477,42.081595],[9.156498,42.081453],[9.156265,42.081288],[9.155753,42.081212],[9.155323,42.080938],[9.154972,42.080848],[9.154865,42.080847],[9.154781,42.080769],[9.15467,42.080539],[9.154569,42.080444],[9.154384,42.080347],[9.154167,42.080258],[9.153964,42.080112],[9.153934,42.079888],[9.153333,42.079616],[9.15329,42.079521],[9.152785,42.079218],[9.152722,42.078968],[9.152502,42.078718],[9.152425,42.078601],[9.152368,42.078537],[9.15215,42.078437],[9.151645,42.07834],[9.151435,42.078121],[9.151399,42.078055],[9.15113,42.077905],[9.150993,42.077884],[9.150733,42.077781],[9.150533,42.077767],[9.150372,42.077678],[9.150205,42.077611],[9.150088,42.077558],[9.15002,42.077524],[9.150016,42.077442],[9.150123,42.077309],[9.150126,42.077277],[9.150207,42.077261],[9.150257,42.077146],[9.1503,42.077078],[9.150288,42.077017],[9.150274,42.076985],[9.150228,42.07695],[9.150157,42.076894],[9.150027,42.076639],[9.150306,42.076512],[9.150407,42.076448],[9.150434,42.076389],[9.150531,42.076274],[9.150852,42.07619],[9.150885,42.0761],[9.151076,42.076069],[9.151254,42.075888],[9.151537,42.075821],[9.151619,42.075736],[9.151564,42.075631],[9.151639,42.075498],[9.151913,42.075231],[9.152297,42.075105],[9.152499,42.074696],[9.152756,42.074354],[9.152958,42.074169],[9.153301,42.073714],[9.1533,42.073612],[9.153034,42.073531],[9.152585,42.07317],[9.151982,42.073024],[9.151897,42.072894],[9.151684,42.072867],[9.151191,42.072691],[9.151089,42.072435],[9.151092,42.072356],[9.150964,42.072113],[9.150878,42.072038],[9.150846,42.071898],[9.150623,42.071816],[9.150473,42.071673],[9.150551,42.071596],[9.150587,42.071209],[9.150648,42.071197],[9.150749,42.071176],[9.150822,42.0711],[9.150805,42.071031],[9.150755,42.071017],[9.150767,42.070979],[9.150963,42.070984],[9.151095,42.070937],[9.151156,42.070953],[9.151317,42.070997],[9.151399,42.071125],[9.151496,42.070988],[9.151553,42.071056],[9.151771,42.071133],[9.151846,42.071075],[9.152041,42.071165],[9.152199,42.071297],[9.152348,42.071208],[9.152877,42.071325],[9.153279,42.071488],[9.153617,42.071445],[9.154132,42.071576],[9.154286,42.071479],[9.154514,42.071432],[9.155199,42.071553],[9.155791,42.071603],[9.156153,42.071403],[9.156353,42.07149],[9.156503,42.071486],[9.156682,42.071533],[9.157111,42.071513],[9.157411,42.07159],[9.157642,42.071529],[9.15774,42.07148],[9.157894,42.071495],[9.158089,42.071467],[9.158051,42.071407],[9.158209,42.071422],[9.158321,42.071414],[9.158335,42.071327],[9.158407,42.071316],[9.158452,42.071222],[9.158594,42.071225],[9.158656,42.071221],[9.158708,42.071039],[9.158804,42.070912],[9.159049,42.070747],[9.159258,42.070634],[9.159339,42.070541],[9.159702,42.070256],[9.159919,42.070198],[9.160162,42.070079],[9.160486,42.069917],[9.160906,42.069849],[9.161237,42.069728],[9.161617,42.069545],[9.16207,42.06921],[9.162046,42.068689],[9.162857,42.068634],[9.163356,42.06834],[9.163585,42.067963],[9.164168,42.067577],[9.164528,42.067476],[9.165161,42.0676],[9.165529,42.067579],[9.165987,42.067195],[9.166543,42.067043],[9.166884,42.066844],[9.166939,42.066698],[9.166828,42.066251],[9.167111,42.065545],[9.16682,42.064553],[9.16687,42.064164],[9.166612,42.063714],[9.166707,42.063369],[9.166658,42.062972],[9.166795,42.062742],[9.166904,42.06256],[9.167231,42.062171],[9.167591,42.062016],[9.167121,42.06131],[9.166887,42.061117],[9.166992,42.060895],[9.167242,42.060653],[9.167175,42.060356],[9.168315,42.05993],[9.168515,42.059758],[9.168212,42.059661],[9.167563,42.059543],[9.166922,42.059392],[9.166412,42.059015],[9.165822,42.0587],[9.165243,42.058485],[9.164878,42.058416],[9.164825,42.058405],[9.164758,42.05821],[9.164645,42.058134],[9.164433,42.058071],[9.163911,42.057917],[9.163602,42.057787],[9.163557,42.057801],[9.163432,42.057735],[9.163269,42.057555],[9.163099,42.0574],[9.162444,42.057182],[9.162367,42.057146],[9.16217,42.057113],[9.162093,42.056942],[9.161964,42.056858],[9.161647,42.056671],[9.161513,42.056684],[9.161523,42.056601],[9.161278,42.056436],[9.161266,42.056327],[9.161649,42.056076],[9.161699,42.055937],[9.162113,42.055879],[9.162604,42.05575],[9.163242,42.05567],[9.164099,42.05529],[9.164905,42.055119],[9.165495,42.054869],[9.165887,42.054635],[9.165951,42.054523],[9.166151,42.054176],[9.166327,42.053397],[9.166598,42.053267],[9.166949,42.053253],[9.167167,42.053052],[9.167211,42.052884],[9.166895,42.052407],[9.1671,42.052296],[9.16704,42.052196],[9.167337,42.052143],[9.1674,42.051934],[9.168056,42.051678],[9.16823,42.051745],[9.168677,42.051636],[9.168918,42.051541],[9.169326,42.051232],[9.169459,42.050998],[9.169706,42.050841],[9.170125,42.050712],[9.17055,42.05061],[9.170803,42.050504],[9.170259,42.049779],[9.170207,42.049514],[9.169993,42.049047],[9.170002,42.048987],[9.169831,42.048738],[9.169505,42.048692],[9.169141,42.048534],[9.168832,42.048322],[9.168592,42.048049],[9.168489,42.047745],[9.168268,42.047581],[9.16805,42.047221],[9.167993,42.046928],[9.16805,42.046771],[9.168171,42.046629],[9.167602,42.046093],[9.167573,42.045777],[9.167411,42.045639],[9.166963,42.045336],[9.166985,42.045193],[9.167125,42.045132],[9.166687,42.044913],[9.166617,42.044714],[9.166778,42.04445],[9.166741,42.044224],[9.166925,42.044093],[9.167614,42.043819],[9.167675,42.043652],[9.167578,42.043523],[9.167716,42.043276],[9.167822,42.043204],[9.168018,42.042939],[9.16738,42.042225],[9.167329,42.042068],[9.167442,42.041821],[9.168081,42.041525],[9.168575,42.041394],[9.169156,42.041115],[9.169512,42.041063],[9.170029,42.041091],[9.170274,42.040946],[9.170792,42.040634],[9.170882,42.040375],[9.171134,42.040179],[9.171394,42.040177],[9.17164,42.040102],[9.17203,42.039922],[9.172419,42.039675],[9.172301,42.039172],[9.172113,42.038983],[9.172221,42.038747],[9.172197,42.038623],[9.171753,42.038159],[9.171385,42.037989],[9.17037,42.037672],[9.170172,42.037566],[9.169916,42.036955],[9.169754,42.036906],[9.169495,42.036324],[9.169196,42.03582],[9.169014,42.03549],[9.168833,42.035153],[9.168653,42.034988],[9.168403,42.034916],[9.168159,42.034928],[9.168196,42.034729],[9.168053,42.034525],[9.167788,42.034292],[9.166686,42.033681],[9.166122,42.033397],[9.165934,42.033397],[9.165711,42.033315],[9.165667,42.033284],[9.16563,42.033218],[9.165637,42.033154],[9.165733,42.033096],[9.16591,42.032939],[9.166046,42.032785],[9.166106,42.032636],[9.166106,42.032399],[9.165921,42.032279],[9.16579,42.032158],[9.165851,42.031935],[9.165792,42.031737],[9.165158,42.031521],[9.165132,42.031456],[9.16547,42.031439],[9.165779,42.031482],[9.166038,42.031489],[9.166229,42.031464],[9.166259,42.031413],[9.166011,42.031279],[9.165002,42.030716],[9.164423,42.03062],[9.164887,42.03042],[9.16507,42.030439],[9.165298,42.030364],[9.165539,42.030466],[9.165868,42.030375],[9.166265,42.03047],[9.166514,42.030459],[9.165598,42.030094],[9.165167,42.029897],[9.164805,42.029787],[9.164333,42.029734],[9.163718,42.029655],[9.163458,42.029804],[9.163227,42.029566],[9.16306,42.029366],[9.162194,42.029051],[9.162077,42.028885],[9.16193,42.028723],[9.161727,42.028597],[9.161369,42.028562],[9.161236,42.028471],[9.16079,42.028355],[9.160741,42.028262],[9.160493,42.028224],[9.160096,42.028158],[9.159631,42.028018],[9.159378,42.027754],[9.159365,42.027536],[9.159493,42.027418],[9.159485,42.027289],[9.159604,42.027139],[9.159842,42.027009],[9.159778,42.026847],[9.159792,42.026761],[9.159866,42.026631],[9.159938,42.02659],[9.160091,42.026504],[9.160395,42.02653],[9.160417,42.026591],[9.161164,42.027087],[9.161605,42.027281],[9.162309,42.027457],[9.162386,42.027485],[9.162734,42.027444],[9.163385,42.027444],[9.163658,42.02741],[9.163875,42.027241],[9.164172,42.027236],[9.164861,42.027151],[9.166065,42.027275],[9.16749,42.027288],[9.167681,42.02726],[9.168057,42.027075],[9.168938,42.027229],[9.169516,42.027177],[9.170496,42.027336],[9.170805,42.027284],[9.171125,42.027101],[9.171474,42.027136],[9.171741,42.02727],[9.172031,42.02732],[9.172314,42.027345],[9.172471,42.027401],[9.173799,42.027683],[9.174621,42.027653],[9.175356,42.027507],[9.17674,42.027361],[9.178071,42.027186],[9.178853,42.027265],[9.179637,42.027535],[9.18078,42.027337],[9.181193,42.027397],[9.181831,42.027345],[9.182699,42.027173],[9.183485,42.027015],[9.184174,42.027038],[9.185235,42.027342],[9.187048,42.027962],[9.190142,42.028835],[9.190549,42.028996],[9.190831,42.029148],[9.191157,42.029184],[9.192195,42.028999],[9.193142,42.028633],[9.193619,42.028303],[9.194068,42.028106],[9.194359,42.02803],[9.194659,42.028082],[9.194809,42.028197],[9.19493,42.028248],[9.195391,42.027656],[9.196241,42.026702],[9.196757,42.026308],[9.197136,42.025922],[9.19728,42.02579],[9.197593,42.025318],[9.197677,42.024842],[9.197767,42.024484],[9.197946,42.02435],[9.198463,42.024182],[9.199017,42.024123],[9.199178,42.024185],[9.199322,42.024716],[9.199409,42.025111],[9.19969,42.025492],[9.200032,42.025841],[9.200674,42.026217],[9.200773,42.02632],[9.200807,42.026482],[9.200882,42.026529],[9.201069,42.026761],[9.201507,42.026931],[9.201981,42.026974],[9.202236,42.026799],[9.202459,42.026647],[9.202689,42.026532],[9.202889,42.026557],[9.203406,42.026381],[9.203729,42.026376],[9.204206,42.026179],[9.204517,42.026171],[9.204574,42.026122],[9.204883,42.026151],[9.204886,42.026219],[9.205277,42.026388],[9.205524,42.026395],[9.205818,42.026598],[9.205917,42.02713],[9.206133,42.027188],[9.206199,42.027244],[9.206296,42.027285],[9.206396,42.027262],[9.206559,42.02715],[9.206701,42.02699],[9.206866,42.026948],[9.207135,42.026618],[9.208005,42.026269],[9.208376,42.025853],[9.209109,42.025906],[9.209183,42.025797],[9.209196,42.025585],[9.209312,42.025302],[9.209361,42.025278],[9.209608,42.024991],[9.209867,42.024797],[9.210075,42.024689],[9.210139,42.02459],[9.210152,42.024447],[9.209933,42.024339],[9.209784,42.024173],[9.209806,42.024053],[9.209924,42.023887],[9.20993,42.023572],[9.210242,42.023339],[9.210054,42.022816],[9.209584,42.022486],[9.209023,42.022109],[9.209484,42.021628],[9.209426,42.021414],[9.209719,42.02117],[9.210373,42.020946],[9.210777,42.020598],[9.211383,42.020343],[9.211638,42.020188],[9.211932,42.02018],[9.212009,42.020111],[9.212138,42.020097],[9.212252,42.019913],[9.212528,42.019801],[9.212954,42.019797],[9.213721,42.019487],[9.213917,42.019576],[9.214369,42.019405],[9.214485,42.019297],[9.214621,42.0193],[9.215738,42.018916],[9.21591,42.018789],[9.216658,42.018605],[9.216862,42.018617],[9.217108,42.018397],[9.217182,42.018507],[9.217324,42.018419],[9.217374,42.018617],[9.217465,42.018586],[9.217517,42.018848],[9.218134,42.018527],[9.218265,42.018516],[9.218258,42.01859],[9.21841,42.018527],[9.218464,42.018626],[9.21865,42.018534],[9.21869,42.0186],[9.218831,42.018559],[9.218874,42.01869],[9.218932,42.018664],[9.219005,42.018829],[9.219327,42.018641],[9.219555,42.018447],[9.219645,42.018509],[9.22049,42.018018],[9.22054,42.017897],[9.220595,42.017265],[9.220593,42.0169],[9.220415,42.016613],[9.220161,42.016109],[9.220002,42.015585],[9.219894,42.015386],[9.219787,42.014964],[9.219658,42.014799],[9.219586,42.014627],[9.219565,42.014398],[9.219437,42.014171],[9.219237,42.013904],[9.219218,42.013687],[9.219151,42.013458],[9.219056,42.013244],[9.218987,42.01286],[9.218996,42.012555],[9.218657,42.011761],[9.21857,42.011384],[9.218645,42.011044],[9.218692,42.010755],[9.218578,42.010391],[9.218479,42.010245],[9.218522,42.010181],[9.2184,42.010091],[9.2183,42.009718],[9.218288,42.009585],[9.218148,42.009333],[9.218232,42.009286],[9.218229,42.009188],[9.218144,42.009081],[9.218167,42.008938],[9.218168,42.008846],[9.218454,42.008754],[9.218467,42.008627],[9.218225,42.008547],[9.21787,42.008433],[9.217765,42.008395],[9.21763,42.008274],[9.217521,42.00813],[9.217159,42.007889],[9.216809,42.007713],[9.216564,42.007629],[9.216431,42.007614],[9.216108,42.007443],[9.215756,42.007223],[9.215367,42.007016],[9.215156,42.006874],[9.215015,42.006867],[9.214873,42.00675],[9.214681,42.006547],[9.214626,42.006401],[9.214619,42.006242],[9.214552,42.006039],[9.21441,42.005834],[9.214163,42.005688],[9.213962,42.005535],[9.213937,42.005118],[9.214023,42.004873],[9.214023,42.004398],[9.214251,42.004133],[9.214335,42.003942],[9.21437,42.003764],[9.214231,42.003624],[9.214285,42.003485],[9.214214,42.003344],[9.214449,42.00322],[9.214434,42.003092],[9.214674,42.00297],[9.214802,42.002812],[9.214991,42.002556],[9.214954,42.002468],[9.21498,42.002384],[9.215452,42.002083],[9.215677,42.001927],[9.215743,42.001766],[9.21582,42.001799],[9.216079,42.001812],[9.216159,42.001672],[9.216149,42.001518],[9.216059,42.00147],[9.215987,42.001274],[9.216022,42.001235],[9.216063,42.001232],[9.21607,42.001188],[9.216031,42.001159],[9.216001,42.001049],[9.216017,42.001035],[9.216097,42.001043],[9.21609,42.001007],[9.216145,42.000965],[9.216125,42.00088],[9.216203,42.00075],[9.216281,42.000744],[9.216268,42.000664],[9.216143,42.00054],[9.216173,42.00053],[9.216103,42.000434],[9.216125,42.000349],[9.216169,42.000324],[9.216163,42.000229],[9.216133,42.000149],[9.215977,42.000081],[9.215919,41.999821],[9.215882,41.999724],[9.215806,41.999725],[9.215757,41.999586],[9.215827,41.999486],[9.215955,41.999119],[9.2159,41.998931],[9.215978,41.998664],[9.215995,41.998471],[9.215913,41.998406],[9.216002,41.998305],[9.216217,41.998078],[9.216333,41.997973],[9.216435,41.997844],[9.216488,41.997744],[9.216561,41.99757],[9.216594,41.997438],[9.216633,41.997366],[9.216681,41.997266],[9.216634,41.997171],[9.21661,41.997139],[9.216832,41.996884],[9.216998,41.996796],[9.217071,41.996764],[9.217133,41.996739],[9.217209,41.996721],[9.2173,41.996585],[9.217317,41.996556],[9.217379,41.996544],[9.217482,41.996479],[9.217567,41.996512],[9.217651,41.996494],[9.217775,41.996474],[9.217934,41.996532],[9.218004,41.996533],[9.21813,41.996313],[9.218146,41.996156],[9.218119,41.996088],[9.218066,41.995965],[9.21798,41.995888],[9.217949,41.995859],[9.217969,41.995802],[9.217963,41.995778],[9.217874,41.99571],[9.217819,41.995638],[9.217814,41.995563],[9.217771,41.995535],[9.217771,41.99547],[9.217806,41.995434],[9.217824,41.995409],[9.217844,41.995373],[9.217892,41.995332],[9.217944,41.995302],[9.217948,41.995283],[9.217933,41.995241],[9.217937,41.995199],[9.217993,41.995188],[9.218058,41.995192],[9.218127,41.995175],[9.218156,41.995136],[9.218134,41.995103],[9.2181,41.995084],[9.218068,41.995078],[9.218072,41.99504],[9.218058,41.995008],[9.217973,41.994941],[9.217943,41.994896],[9.2179,41.994845],[9.217893,41.994796],[9.217856,41.994749],[9.217816,41.994712],[9.217762,41.994675],[9.217753,41.994651],[9.217759,41.994625],[9.217732,41.994596],[9.217731,41.99455],[9.217767,41.994517],[9.217766,41.994484],[9.21774,41.994451],[9.217708,41.994443],[9.217716,41.994424],[9.21772,41.994396],[9.2177,41.99438],[9.217619,41.994343],[9.217594,41.994301],[9.217568,41.994214],[9.217607,41.994106],[9.217516,41.994024],[9.21746,41.993983],[9.217445,41.993922],[9.217416,41.993901],[9.217401,41.993887],[9.217404,41.993847],[9.217426,41.993783],[9.217413,41.99371],[9.217379,41.99364],[9.217351,41.993491],[9.217319,41.993448],[9.217301,41.993372],[9.217304,41.993272],[9.217284,41.993164],[9.217262,41.993112],[9.217275,41.993061],[9.217296,41.993012],[9.21738,41.992958],[9.217461,41.992863],[9.217587,41.992717],[9.217665,41.99261],[9.217666,41.992562],[9.217701,41.992486],[9.217709,41.992429],[9.21774,41.9923],[9.217743,41.992282],[9.217751,41.992266],[9.217745,41.992243],[9.21774,41.99223],[9.21775,41.992215],[9.217749,41.992194],[9.217758,41.992179],[9.21779,41.992163],[9.217854,41.992128],[9.217954,41.99211],[9.217997,41.992081],[9.218019,41.992038],[9.21808,41.991995],[9.21817,41.991968],[9.218213,41.991952],[9.218283,41.991871],[9.218329,41.991778],[9.218356,41.99174],[9.218339,41.9917],[9.21834,41.991658],[9.21837,41.9916],[9.218389,41.991529],[9.218428,41.991447],[9.218438,41.991395],[9.218486,41.991363],[9.21853,41.99132],[9.218581,41.991283],[9.218607,41.991253],[9.218642,41.991197],[9.218649,41.991173],[9.218629,41.991139],[9.218616,41.991103],[9.218598,41.991086],[9.218586,41.991054],[9.218551,41.991029],[9.218546,41.990998],[9.218524,41.99097],[9.218524,41.990934],[9.218507,41.990891],[9.218506,41.990845],[9.218481,41.990792],[9.218448,41.99075],[9.218404,41.990622],[9.218339,41.990555],[9.21835,41.990503],[9.218523,41.990197],[9.218728,41.989847],[9.218943,41.98973],[9.219081,41.989594],[9.219272,41.989463],[9.219414,41.989288],[9.219454,41.988975],[9.219863,41.988323],[9.219888,41.988121],[9.219887,41.987921],[9.219738,41.987752],[9.219526,41.987474],[9.219361,41.987311],[9.219333,41.987018],[9.219265,41.986835],[9.21913,41.986717],[9.218941,41.986587],[9.218834,41.986373],[9.218969,41.986234],[9.218904,41.985974],[9.218909,41.985903],[9.218933,41.985881],[9.21895,41.985815],[9.218982,41.985772],[9.218952,41.98573],[9.218967,41.98571],[9.219008,41.985695],[9.219086,41.985659],[9.219106,41.985649],[9.219152,41.985613],[9.219194,41.985599],[9.219239,41.985605],[9.219295,41.985581],[9.219326,41.985574],[9.219377,41.985556],[9.219443,41.98554],[9.219491,41.985536],[9.219509,41.985521],[9.219494,41.985501],[9.21949,41.98547],[9.219518,41.985423],[9.21952,41.985354],[9.219544,41.985334],[9.219561,41.98532],[9.219529,41.985302],[9.219502,41.985268],[9.219443,41.985242],[9.219389,41.985228],[9.219371,41.985199],[9.219309,41.985183],[9.219279,41.985168],[9.219214,41.985158],[9.219168,41.985144],[9.219155,41.985113],[9.219156,41.985083],[9.219128,41.98507],[9.219038,41.985068],[9.219018,41.985046],[9.219034,41.985014],[9.219069,41.984979],[9.219096,41.984904],[9.21923,41.984711],[9.219298,41.984467],[9.219309,41.984328],[9.219278,41.984278],[9.219254,41.984214],[9.219192,41.984072],[9.219192,41.984002],[9.219165,41.983916],[9.21919,41.983834],[9.219279,41.983746],[9.219387,41.983676],[9.219443,41.983624],[9.219461,41.983541],[9.219513,41.983533],[9.219573,41.983525],[9.219589,41.983496],[9.219568,41.983396],[9.219599,41.983325],[9.219595,41.983223],[9.219611,41.983168],[9.21962,41.983103],[9.219536,41.982989],[9.21942,41.982861],[9.219389,41.982813],[9.219381,41.982777],[9.219395,41.982733],[9.219408,41.982687],[9.219395,41.982615],[9.219407,41.982519],[9.219507,41.982459],[9.219608,41.982369],[9.219644,41.982344],[9.219706,41.982351],[9.219793,41.982329],[9.219854,41.982332],[9.219942,41.982259],[9.220067,41.982137],[9.220114,41.982097],[9.220185,41.982066],[9.220275,41.982057],[9.220346,41.981978],[9.220397,41.981926],[9.220425,41.981782],[9.220472,41.981558],[9.220777,41.981414],[9.220922,41.981297],[9.221086,41.981133],[9.221219,41.981061],[9.221357,41.981006],[9.221424,41.980957],[9.221471,41.980796],[9.221459,41.980762],[9.221459,41.980713],[9.221512,41.980672],[9.221512,41.980621],[9.221534,41.980505],[9.221551,41.980439],[9.221533,41.980382],[9.221528,41.980333],[9.221516,41.98029],[9.221484,41.980255],[9.221432,41.980204],[9.221397,41.980149],[9.221321,41.98011],[9.221272,41.980027],[9.221286,41.979963],[9.221303,41.979895],[9.22131,41.979827],[9.221298,41.97981],[9.221263,41.979787],[9.221258,41.979754],[9.221229,41.979723],[9.221139,41.979247],[9.221249,41.979089],[9.22124,41.978929],[9.22125,41.978871],[9.221286,41.978816],[9.221339,41.978748],[9.22138,41.97865],[9.221417,41.97861],[9.221428,41.978559],[9.221507,41.978411],[9.221566,41.978311],[9.221578,41.978243],[9.221625,41.978134],[9.221641,41.978044],[9.221629,41.977988],[9.221571,41.977891],[9.221491,41.977818],[9.221305,41.977662],[9.221237,41.977576],[9.22117,41.977446],[9.221142,41.977341],[9.221146,41.97717],[9.221173,41.977056],[9.221225,41.976996],[9.221311,41.976947],[9.221331,41.97683],[9.221381,41.976748],[9.221428,41.976712],[9.221508,41.976609],[9.221536,41.976527],[9.221657,41.976408],[9.221687,41.976363],[9.221677,41.976314],[9.221734,41.9762],[9.221765,41.976057],[9.221783,41.976024],[9.221826,41.975999],[9.221826,41.975964],[9.221841,41.975931],[9.221832,41.975901],[9.22185,41.975866],[9.22184,41.975812],[9.221879,41.975707],[9.221921,41.975677],[9.221986,41.975533],[9.222039,41.975482],[9.222088,41.975398],[9.222094,41.975337],[9.222116,41.975282],[9.222121,41.975225],[9.222151,41.975139],[9.22214,41.975096],[9.222174,41.97499],[9.2222,41.974965],[9.222265,41.974824],[9.22227,41.974774],[9.222258,41.974702],[9.222333,41.974582],[9.222407,41.97447],[9.222432,41.974332],[9.222478,41.974258],[9.223238,41.973468],[9.223289,41.973391],[9.223307,41.973327],[9.223289,41.973307],[9.223253,41.973288],[9.223204,41.973201],[9.223221,41.973155],[9.223371,41.973024],[9.223441,41.973001],[9.223515,41.972924],[9.223641,41.972724],[9.223733,41.972614],[9.223865,41.972479],[9.223957,41.972364],[9.223972,41.972293],[9.224023,41.972242],[9.224059,41.972183],[9.22409,41.972115],[9.224129,41.972064],[9.224182,41.97202],[9.224213,41.971953],[9.224275,41.971892],[9.224323,41.97184],[9.22436,41.971745],[9.224496,41.971543],[9.224533,41.971495],[9.224551,41.97143],[9.224549,41.971385],[9.224594,41.971261],[9.224602,41.971226],[9.224635,41.971192],[9.224618,41.971146],[9.224651,41.970938],[9.224681,41.970904],[9.224685,41.970832],[9.224735,41.970597],[9.224735,41.970522],[9.224712,41.970407],[9.224704,41.970354],[9.224716,41.970331],[9.2247,41.970304],[9.224673,41.970227],[9.224664,41.970158],[9.224656,41.97008],[9.224601,41.969991],[9.224561,41.96987],[9.224499,41.969767],[9.224484,41.969689],[9.224479,41.969603],[9.224494,41.969518],[9.224507,41.969462],[9.224507,41.969433],[9.224531,41.969402],[9.224593,41.969263],[9.224616,41.969192],[9.224593,41.969133],[9.224601,41.969089],[9.224632,41.968974],[9.224606,41.968905],[9.224596,41.968305],[9.224482,41.968196],[9.224444,41.968146],[9.224432,41.968014],[9.22444,41.967989],[9.224435,41.967944],[9.224452,41.967867],[9.224409,41.967772],[9.224376,41.967723],[9.224378,41.967628],[9.224366,41.967584],[9.223891,41.966861],[9.223835,41.966567],[9.223979,41.965983],[9.223934,41.965859],[9.223918,41.965821],[9.223878,41.965787],[9.223801,41.965773],[9.223769,41.965756],[9.223748,41.965712],[9.223709,41.965661],[9.22369,41.965591],[9.223724,41.965553],[9.223735,41.965485],[9.223777,41.965434],[9.223807,41.965428],[9.223828,41.965412],[9.223873,41.965301],[9.224122,41.965162],[9.224225,41.965043],[9.224251,41.964909],[9.224224,41.964846],[9.224159,41.964763],[9.224137,41.964664],[9.224156,41.964534],[9.224037,41.964219],[9.224063,41.964066],[9.224153,41.964049],[9.224087,41.963987],[9.224057,41.963881],[9.224138,41.963881],[9.224107,41.963745],[9.22414,41.963622],[9.224094,41.963444],[9.224078,41.963363],[9.224203,41.963247],[9.224263,41.963093],[9.224189,41.962897],[9.224172,41.962651],[9.224303,41.962364],[9.224472,41.962218],[9.224727,41.962122],[9.224922,41.962075],[9.225089,41.961953],[9.22516,41.961899],[9.225145,41.961838],[9.225161,41.9618],[9.225246,41.961615],[9.225217,41.961519],[9.225294,41.961401],[9.225308,41.961295],[9.225346,41.961126],[9.225237,41.961131],[9.225218,41.961113],[9.225227,41.961094],[9.225193,41.961057],[9.225209,41.961027],[9.225634,41.960842],[9.225979,41.96059],[9.226233,41.960399],[9.226354,41.960374],[9.226476,41.960314],[9.226714,41.960015],[9.226638,41.959979],[9.22661,41.959918],[9.22666,41.959789],[9.22659,41.959803],[9.226355,41.959881],[9.226114,41.959939],[9.226093,41.95992],[9.226255,41.959823],[9.226316,41.959529],[9.226288,41.959213],[9.226258,41.959099],[9.226119,41.95886],[9.22615,41.958728],[9.226084,41.958658],[9.225944,41.957851],[9.225991,41.957728],[9.225959,41.957568],[9.226,41.957501],[9.225908,41.957479],[9.225946,41.95699],[9.226133,41.956748],[9.226439,41.956574],[9.226832,41.956486],[9.226736,41.956403],[9.22662,41.95639],[9.226477,41.956418],[9.226287,41.956409],[9.22629,41.956331],[9.226233,41.956297],[9.226352,41.956207],[9.22623,41.956125],[9.226259,41.956046],[9.226209,41.956029],[9.226173,41.955984],[9.226183,41.955935],[9.226155,41.955891],[9.226088,41.955851],[9.226033,41.955777],[9.225888,41.955681],[9.225904,41.955585],[9.225948,41.955543],[9.225929,41.955502],[9.225972,41.955447],[9.225946,41.955326],[9.225894,41.955252],[9.225885,41.955198],[9.226007,41.955131],[9.226029,41.955074],[9.226108,41.955003],[9.226024,41.954796],[9.225833,41.954666],[9.225854,41.954476],[9.225641,41.954247],[9.225573,41.954364],[9.225427,41.954153],[9.225341,41.95403],[9.225318,41.953792],[9.225241,41.953724],[9.225205,41.953811],[9.225004,41.953603],[9.224749,41.953434],[9.224665,41.953591],[9.224454,41.953436],[9.224453,41.953679],[9.224248,41.953462],[9.2242,41.953748],[9.224061,41.953534],[9.224017,41.953367],[9.223879,41.953534],[9.223837,41.953848],[9.223668,41.953672],[9.223527,41.953606],[9.223503,41.95344],[9.223402,41.953046],[9.223341,41.952918],[9.223324,41.952795],[9.223344,41.95263],[9.223262,41.952681],[9.223244,41.952652],[9.223246,41.952581],[9.223288,41.952539],[9.223292,41.952504],[9.223195,41.952531],[9.223121,41.95252],[9.223018,41.952437],[9.223054,41.952414],[9.223033,41.952364],[9.223088,41.952328],[9.222916,41.952164],[9.222767,41.952019],[9.222661,41.951987],[9.222586,41.951946],[9.222613,41.951921],[9.22272,41.951923],[9.222749,41.951905],[9.222832,41.951906],[9.222869,41.951923],[9.22304,41.951933],[9.223021,41.951841],[9.223112,41.951829],[9.222765,41.951587],[9.223059,41.951587],[9.223057,41.951571],[9.222983,41.951504],[9.222994,41.951479],[9.223135,41.951469],[9.223151,41.951436],[9.223141,41.951369],[9.223123,41.951311],[9.222946,41.951153],[9.222871,41.951113],[9.222791,41.951093],[9.222669,41.950981],[9.222665,41.950795],[9.222639,41.950688],[9.222525,41.950597],[9.222496,41.950552],[9.222479,41.950482],[9.222495,41.950382],[9.222443,41.9503],[9.222395,41.950197],[9.222362,41.950124],[9.222366,41.950035],[9.222314,41.949825],[9.222348,41.949739],[9.222377,41.949533],[9.222375,41.949413],[9.222358,41.94931],[9.222322,41.949229],[9.222315,41.949118],[9.222341,41.948946],[9.22237,41.948898],[9.222376,41.948643],[9.222394,41.94853],[9.222389,41.94849],[9.222401,41.948459],[9.222328,41.948346],[9.222171,41.948217],[9.222137,41.948204],[9.222091,41.948169],[9.22207,41.948127],[9.222006,41.948096],[9.221842,41.94795],[9.221794,41.94793],[9.221749,41.947881],[9.221718,41.947802],[9.221665,41.947736],[9.221567,41.947625],[9.221489,41.94758],[9.221456,41.947445],[9.221435,41.947424],[9.221426,41.947338],[9.221421,41.947283],[9.221382,41.947138],[9.221217,41.946934],[9.22102,41.946803],[9.220869,41.946732],[9.220708,41.946631],[9.220668,41.946583],[9.220527,41.94645],[9.220366,41.946395],[9.220257,41.946308],[9.220168,41.946143],[9.220062,41.946053],[9.220033,41.945943],[9.220022,41.94589],[9.219992,41.945814],[9.220097,41.945778],[9.220109,41.945752],[9.22003,41.945532],[9.219795,41.945219],[9.219515,41.945004],[9.219424,41.944946],[9.219318,41.944865],[9.219159,41.94482],[9.219046,41.944731],[9.219016,41.944719],[9.218957,41.944651],[9.218888,41.944604],[9.218813,41.94459],[9.218799,41.944602],[9.218707,41.944609],[9.218581,41.944588],[9.218461,41.944585],[9.218284,41.944542],[9.218186,41.944547],[9.218115,41.944518],[9.217996,41.944285],[9.217861,41.944198],[9.217835,41.944131],[9.217669,41.944048],[9.217684,41.944025],[9.217676,41.943933],[9.217675,41.943869],[9.217708,41.943821],[9.217698,41.943789],[9.217649,41.943757],[9.217618,41.9437],[9.217638,41.943677],[9.217622,41.943644],[9.217546,41.943635],[9.217498,41.943615],[9.21737,41.943616],[9.217208,41.943364],[9.217,41.943284],[9.216881,41.943154],[9.216693,41.943074],[9.216622,41.942942],[9.216378,41.942865],[9.216252,41.942715],[9.216036,41.942685],[9.215968,41.942684],[9.215844,41.942636],[9.215783,41.942635],[9.215399,41.942359],[9.214918,41.94206],[9.214812,41.941955],[9.214797,41.941947],[9.214525,41.941794],[9.214377,41.941676],[9.214325,41.941627],[9.214246,41.941613],[9.21406,41.941487],[9.213999,41.941355],[9.213789,41.941066],[9.213756,41.940923],[9.213517,41.940539],[9.21347,41.940399],[9.213291,41.940063],[9.213283,41.939928],[9.213348,41.939828],[9.213391,41.939705],[9.213387,41.939504],[9.213031,41.939176],[9.212852,41.938944],[9.212703,41.938796],[9.21244,41.93861],[9.212124,41.938378],[9.212037,41.938204],[9.212057,41.938145],[9.212035,41.938072],[9.212094,41.937999],[9.212131,41.937643],[9.212104,41.937539],[9.212029,41.937456],[9.211981,41.937427],[9.211974,41.937398],[9.211998,41.937358],[9.211972,41.937312],[9.211934,41.937295],[9.211798,41.937244],[9.211758,41.937182],[9.211631,41.93711],[9.211438,41.937179],[9.211098,41.937214],[9.210924,41.937169],[9.210868,41.937132],[9.210713,41.937108],[9.210618,41.937119],[9.210458,41.937044],[9.210296,41.936876],[9.210086,41.936777],[9.20992,41.936808],[9.209483,41.936659],[9.209384,41.936591],[9.20916,41.936555],[9.209084,41.936606],[9.208945,41.936665],[9.208794,41.936653],[9.208694,41.936602],[9.2085,41.936573],[9.208362,41.936603],[9.208159,41.936583],[9.207961,41.936472],[9.207893,41.936452],[9.207883,41.936411],[9.207832,41.936399],[9.207823,41.93634],[9.207748,41.936317],[9.207557,41.936209],[9.207534,41.936162],[9.207349,41.936045],[9.207389,41.935987],[9.207261,41.935925],[9.207148,41.93588],[9.207016,41.935882],[9.207019,41.935834],[9.207075,41.93576],[9.207039,41.935743],[9.20709,41.935663],[9.206962,41.935656],[9.206997,41.935606],[9.206948,41.935587],[9.207008,41.935525],[9.206989,41.935425],[9.206841,41.935433],[9.206662,41.935308],[9.206488,41.935324],[9.206281,41.935219],[9.206251,41.935158],[9.206155,41.935079],[9.206021,41.935059],[9.205945,41.935086],[9.205852,41.935116],[9.205896,41.935189],[9.205864,41.935197],[9.2058,41.935211],[9.205704,41.935231],[9.205551,41.935205],[9.205475,41.93521],[9.205332,41.935179],[9.205271,41.935211],[9.205066,41.935171],[9.204838,41.935088],[9.204714,41.935099],[9.204626,41.935044],[9.204499,41.93503],[9.2044,41.934994],[9.204303,41.934893],[9.204207,41.934801],[9.204167,41.934731],[9.204097,41.934662],[9.203972,41.934604],[9.203949,41.93464],[9.203873,41.934593],[9.203827,41.934586],[9.203796,41.934555],[9.203728,41.934568],[9.203623,41.934524],[9.203641,41.934614],[9.203535,41.934562],[9.203508,41.934446],[9.203416,41.934407],[9.203369,41.93443],[9.203325,41.934387],[9.203368,41.934356],[9.203318,41.934277],[9.203293,41.934222],[9.20328,41.934146],[9.203267,41.934055],[9.203228,41.933998],[9.20311,41.933951],[9.203055,41.933919],[9.203038,41.933851],[9.20296,41.933746],[9.202879,41.933641],[9.202832,41.93363],[9.20276,41.933556],[9.202643,41.933534],[9.202568,41.933539],[9.20256,41.933436],[9.202507,41.933362],[9.202505,41.933323],[9.202462,41.933334],[9.20239,41.933315],[9.202368,41.933248],[9.202326,41.93321],[9.202413,41.933144],[9.202424,41.933077],[9.202464,41.933075],[9.202443,41.932886],[9.202243,41.932793],[9.202254,41.932723],[9.201986,41.932542],[9.201948,41.932465],[9.201873,41.932407],[9.201817,41.932404],[9.201795,41.932375],[9.2017,41.932293],[9.201608,41.932279],[9.201454,41.932234],[9.201361,41.932151],[9.201263,41.932085],[9.201254,41.932051],[9.201208,41.932045],[9.201147,41.932002],[9.201108,41.931996],[9.201083,41.931959],[9.201041,41.931934],[9.200993,41.931904],[9.200922,41.931857],[9.200911,41.93176],[9.200905,41.931704],[9.20087,41.931668],[9.200891,41.931607],[9.20087,41.931593],[9.200881,41.931567],[9.200809,41.931534],[9.200773,41.931495],[9.200706,41.931454],[9.200575,41.931273],[9.200542,41.931241],[9.200439,41.931232],[9.200369,41.931163],[9.200326,41.931089],[9.200321,41.931031],[9.200332,41.930981],[9.200272,41.930852],[9.200247,41.930776],[9.200194,41.930751],[9.200148,41.93064],[9.200078,41.930591],[9.199957,41.930594],[9.199914,41.930546],[9.19993,41.930487],[9.19991,41.930442],[9.199811,41.930377],[9.199712,41.930329],[9.199687,41.930285],[9.1996,41.930276],[9.199498,41.93016],[9.199501,41.930093],[9.199406,41.93003],[9.199272,41.930023],[9.19925,41.929959],[9.199064,41.929845],[9.19894,41.929929],[9.19889,41.929887],[9.198847,41.9298],[9.198787,41.929773],[9.198793,41.929673],[9.198699,41.929585],[9.198642,41.929598],[9.198425,41.929487],[9.198369,41.929423],[9.198276,41.929407],[9.198214,41.929378],[9.198141,41.929231],[9.198075,41.929199],[9.19801,41.929094],[9.197958,41.928986],[9.197756,41.928768],[9.19773,41.928689],[9.197635,41.928674],[9.197595,41.928569],[9.197494,41.928482],[9.197434,41.92841],[9.197368,41.928426],[9.197252,41.928327],[9.197145,41.928276],[9.196959,41.928218],[9.196916,41.928228],[9.196791,41.928117],[9.196726,41.928122],[9.196614,41.92806],[9.196478,41.92801],[9.196388,41.927819],[9.196259,41.927735],[9.196209,41.927672],[9.196179,41.927593],[9.196203,41.927526],[9.196238,41.927483],[9.196188,41.927423],[9.196194,41.927366],[9.196091,41.92726],[9.196013,41.927176],[9.195751,41.926924],[9.195647,41.926797],[9.195587,41.926652],[9.195582,41.926427],[9.195379,41.926267],[9.194927,41.926243],[9.19469,41.926175],[9.194549,41.926058],[9.194365,41.925961],[9.194231,41.925834],[9.194113,41.925585],[9.194036,41.925528],[9.193863,41.925334],[9.193781,41.925265],[9.193723,41.925252],[9.193701,41.925189],[9.193589,41.92508],[9.193478,41.924993],[9.193323,41.924909],[9.193149,41.924761],[9.19311,41.924625],[9.193036,41.9245],[9.192813,41.924613],[9.192344,41.924287],[9.192325,41.924209],[9.192263,41.924161],[9.192257,41.924083],[9.192158,41.923972],[9.192002,41.92394],[9.191889,41.923855],[9.19172,41.923655],[9.191717,41.923608],[9.191662,41.923549],[9.19156,41.923378],[9.19148,41.923242],[9.191347,41.923101],[9.191201,41.923011],[9.191068,41.923032],[9.190952,41.922954],[9.19067,41.922891],[9.190447,41.922587],[9.190331,41.922439],[9.190284,41.922338],[9.190362,41.922058],[9.190304,41.921987],[9.190228,41.921963],[9.190121,41.921853],[9.189944,41.921783],[9.189821,41.921632],[9.189675,41.921558],[9.18962,41.921548],[9.189553,41.921485],[9.189515,41.921395],[9.189342,41.921288],[9.188976,41.9211],[9.188777,41.921126],[9.188544,41.92106],[9.187951,41.920951],[9.187617,41.920796],[9.187526,41.920697],[9.187457,41.92066],[9.187431,41.920589],[9.187269,41.920403],[9.186921,41.920311],[9.186877,41.920313],[9.186829,41.920244],[9.18658,41.920091],[9.186448,41.920029],[9.186322,41.919724],[9.186317,41.919635],[9.186313,41.91951],[9.186194,41.919256],[9.185988,41.919336],[9.185943,41.919293],[9.185916,41.919102],[9.185868,41.918962],[9.185785,41.918838],[9.185685,41.918752],[9.185621,41.918762],[9.185501,41.918644],[9.185297,41.918565],[9.185136,41.918376],[9.184965,41.918369],[9.184815,41.918283],[9.184704,41.918032],[9.18464,41.917909],[9.184582,41.91768],[9.184551,41.917592],[9.184546,41.917491],[9.184499,41.917301],[9.184513,41.917112],[9.184466,41.916988],[9.184295,41.916721],[9.184289,41.916655],[9.184257,41.916637],[9.184244,41.916467],[9.184217,41.916404],[9.184183,41.916293],[9.184068,41.916119],[9.184016,41.915942],[9.183946,41.915855],[9.183838,41.915749],[9.183661,41.915524],[9.183322,41.91532],[9.18315,41.915304],[9.183081,41.915268],[9.18305,41.915291],[9.182809,41.915265],[9.182641,41.915198],[9.18238,41.915047],[9.182089,41.914889],[9.182023,41.914823],[9.181836,41.914805],[9.181698,41.914759],[9.181554,41.914766],[9.181353,41.914634],[9.181178,41.914669],[9.181005,41.914518],[9.18078,41.914268],[9.18067,41.914074],[9.180612,41.913981],[9.18055,41.913955],[9.180533,41.913903],[9.180481,41.913837],[9.180352,41.913753],[9.180258,41.9135],[9.180242,41.913345],[9.180157,41.913324],[9.180067,41.913211],[9.179935,41.91312],[9.179892,41.913037],[9.17968,41.912934],[9.179676,41.912863],[9.17959,41.912816],[9.179505,41.912749],[9.179543,41.912705],[9.179526,41.9126],[9.179362,41.912677],[9.179252,41.912507],[9.179158,41.912511],[9.179133,41.912426],[9.179038,41.912364],[9.179023,41.912271],[9.178891,41.91209],[9.178828,41.912107],[9.178729,41.911956],[9.178716,41.911911],[9.178614,41.91191],[9.178563,41.911724],[9.178441,41.911658],[9.178285,41.91147],[9.178183,41.911337],[9.178164,41.911207],[9.178121,41.911163],[9.178025,41.91113],[9.177929,41.91098],[9.17766,41.910757],[9.177561,41.910715],[9.177224,41.910646],[9.176501,41.910815],[9.176162,41.910786],[9.176061,41.910731],[9.175733,41.910495],[9.175693,41.910379],[9.175678,41.910289],[9.175683,41.910144],[9.17565,41.910047],[9.175704,41.909669],[9.175766,41.909628],[9.175778,41.909508],[9.175864,41.909368],[9.175979,41.909202],[9.176194,41.909101],[9.176221,41.90884],[9.176414,41.908596],[9.176764,41.908529],[9.17679,41.908459],[9.177196,41.908437],[9.177618,41.908293],[9.177685,41.908276],[9.177787,41.908299],[9.177903,41.908278],[9.177888,41.908209],[9.177647,41.908106],[9.177609,41.907993],[9.17734,41.907861],[9.177384,41.907778],[9.177395,41.907645],[9.177356,41.907496],[9.177271,41.907358],[9.177123,41.907205],[9.177116,41.907075],[9.17708,41.906975],[9.177096,41.906814],[9.177026,41.9067],[9.177007,41.906581],[9.17695,41.906521],[9.176891,41.906208],[9.176978,41.906038],[9.177056,41.905922],[9.177094,41.905766],[9.176994,41.905717],[9.176817,41.905769],[9.17658,41.905688],[9.176431,41.905564],[9.176073,41.905446],[9.176006,41.905478],[9.175622,41.905337],[9.175411,41.90529],[9.17514,41.905294],[9.174548,41.905172],[9.174387,41.904986],[9.174146,41.904891],[9.173922,41.904627],[9.173586,41.9042],[9.173339,41.90405],[9.172785,41.903853],[9.172726,41.903952],[9.172658,41.90395],[9.172591,41.903888],[9.17237,41.903851],[9.17237,41.903775],[9.172224,41.90365],[9.17211,41.903374],[9.171831,41.903228],[9.171738,41.90312],[9.171535,41.903059],[9.17123,41.903093],[9.171074,41.90298],[9.170781,41.902918],[9.17046,41.902706],[9.170238,41.902516],[9.169994,41.902363],[9.169613,41.902203],[9.169056,41.902055],[9.16895,41.901993],[9.168618,41.901964],[9.168436,41.901807],[9.168035,41.901625],[9.167454,41.901477],[9.166972,41.901456],[9.166536,41.901482],[9.165816,41.901479],[9.165793,41.901019],[9.165862,41.900898],[9.165774,41.900794],[9.165697,41.900553],[9.165438,41.900441],[9.165282,41.90033],[9.165124,41.900334],[9.165055,41.900274],[9.164918,41.90027],[9.164861,41.900162],[9.164734,41.900137],[9.164717,41.899943],[9.164675,41.899886],[9.164628,41.899887],[9.164604,41.899809],[9.164483,41.899824],[9.164315,41.89967],[9.164252,41.899659],[9.164205,41.899606],[9.164189,41.899552],[9.164131,41.899527],[9.16401,41.899415],[9.164005,41.899204],[9.163927,41.899134],[9.163819,41.898995],[9.163771,41.898952],[9.1637,41.898789],[9.163619,41.898761],[9.163496,41.898674],[9.163329,41.898638],[9.163159,41.898534],[9.162954,41.898356],[9.162838,41.898317],[9.162775,41.898324],[9.162447,41.898174],[9.161937,41.897974],[9.161774,41.89783],[9.161733,41.897531],[9.161806,41.897238],[9.161715,41.897126],[9.161713,41.897051],[9.161428,41.89682],[9.161314,41.896807],[9.161015,41.896644],[9.160904,41.896531],[9.160924,41.89624],[9.160759,41.896312],[9.160564,41.896264],[9.160431,41.895976],[9.160259,41.895883],[9.160178,41.89589],[9.160096,41.895763],[9.159927,41.895707],[9.159795,41.895432],[9.159693,41.895181],[9.159702,41.895044],[9.159635,41.894933],[9.159616,41.894793],[9.159657,41.894712],[9.15977,41.894591],[9.159819,41.894494],[9.159796,41.89427],[9.15975,41.894134],[9.159612,41.894035],[9.159476,41.893997],[9.159384,41.893863],[9.159372,41.893675],[9.15946,41.893544],[9.159427,41.893319],[9.159357,41.893174],[9.159071,41.893004],[9.15898,41.892888],[9.158916,41.892736],[9.15899,41.892683],[9.158932,41.892474],[9.158921,41.892366],[9.159005,41.892294],[9.159061,41.892235],[9.159033,41.892192],[9.158996,41.892166],[9.158913,41.89219],[9.158885,41.892061],[9.158717,41.8919],[9.158575,41.891805],[9.158535,41.891689],[9.158287,41.891429],[9.158202,41.890988],[9.158033,41.890746],[9.158004,41.890462],[9.157773,41.890119],[9.157445,41.889944],[9.157236,41.889681],[9.157092,41.889642],[9.156903,41.889517],[9.15671,41.889336],[9.15655,41.889174],[9.156371,41.889062],[9.156236,41.888958],[9.156094,41.888909],[9.156069,41.888805],[9.155962,41.888649],[9.155835,41.888467],[9.155752,41.888271],[9.15556,41.888091],[9.155488,41.887982],[9.155178,41.888015],[9.154898,41.887966],[9.154533,41.887988],[9.154418,41.887827],[9.154307,41.887675],[9.154093,41.887589],[9.153668,41.887547],[9.153399,41.887563],[9.153219,41.887496],[9.152811,41.887375],[9.152376,41.887354],[9.152212,41.887393],[9.151905,41.887339],[9.151713,41.88737],[9.151338,41.887551],[9.151189,41.887544],[9.151025,41.8876],[9.150903,41.887684],[9.150757,41.887725],[9.150337,41.887786],[9.150173,41.887797],[9.150042,41.887774],[9.149882,41.88767],[9.149824,41.887657],[9.149607,41.887389],[9.149419,41.887066],[9.149275,41.887049],[9.149004,41.887102],[9.148781,41.88712],[9.148538,41.887206],[9.148232,41.887279],[9.148036,41.887385],[9.147761,41.887456],[9.14764,41.88745],[9.147489,41.887395],[9.147385,41.887317],[9.147228,41.887175],[9.14718,41.887098],[9.147149,41.886901],[9.147144,41.886584],[9.146828,41.885937],[9.146827,41.885848],[9.146906,41.885688],[9.146902,41.885564],[9.146783,41.885368],[9.146765,41.885311],[9.146751,41.885301],[9.14666,41.885196],[9.146491,41.885172],[9.146202,41.885098],[9.146048,41.885046],[9.145819,41.884953],[9.145709,41.884922],[9.14563,41.884825],[9.145428,41.884738],[9.145214,41.884718],[9.145156,41.884671],[9.144931,41.884682],[9.144895,41.884647],[9.144796,41.884548],[9.144908,41.884416],[9.144786,41.884335],[9.14477,41.884216],[9.144694,41.88412],[9.144754,41.884034],[9.144642,41.883976],[9.144504,41.883791],[9.14448,41.883716],[9.144499,41.883537],[9.144544,41.883379],[9.144517,41.883317],[9.144516,41.883167],[9.144554,41.883036],[9.144627,41.882909],[9.144625,41.882814],[9.144687,41.882705],[9.144931,41.882437],[9.144997,41.882397],[9.145095,41.882365],[9.145165,41.882214],[9.145152,41.882123],[9.145196,41.882045],[9.145192,41.88194],[9.145276,41.881817],[9.145318,41.881732],[9.145283,41.881611],[9.14546,41.881361],[9.145448,41.881323],[9.145473,41.881244],[9.14544,41.881124],[9.145305,41.881052],[9.145287,41.880995],[9.145231,41.880954],[9.145155,41.880763],[9.145086,41.880573],[9.144931,41.880326],[9.144849,41.88022],[9.144849,41.880166],[9.14491,41.880067],[9.1451,41.879858],[9.145345,41.879468],[9.145402,41.879129],[9.145523,41.878951],[9.145701,41.87885],[9.145781,41.878608],[9.14602,41.878583],[9.146225,41.878633],[9.146453,41.878657],[9.147216,41.878588],[9.147865,41.87844],[9.148015,41.87843],[9.14842,41.878325],[9.148661,41.878148],[9.148766,41.878079],[9.148882,41.877961],[9.149103,41.87789],[9.149262,41.877865],[9.149324,41.877762],[9.149342,41.87769],[9.149552,41.877524],[9.149602,41.877482],[9.14954,41.877296],[9.149672,41.877186],[9.149714,41.877013],[9.149662,41.876707],[9.149573,41.876675],[9.149522,41.876586],[9.14967,41.876493],[9.149586,41.876331],[9.149882,41.876],[9.150112,41.875965],[9.150207,41.875834],[9.150329,41.875502],[9.150328,41.875347],[9.150238,41.875216],[9.150528,41.875059],[9.150702,41.87497],[9.151007,41.874986],[9.151148,41.874927],[9.151701,41.874486],[9.151856,41.874314],[9.152043,41.874161],[9.152208,41.874078],[9.152521,41.873823],[9.152855,41.873634],[9.153097,41.87353],[9.153216,41.873494],[9.154614,41.87299],[9.155137,41.872849],[9.155655,41.872815],[9.155843,41.872785],[9.15606,41.872696],[9.156162,41.872591],[9.156198,41.872423],[9.156156,41.872291],[9.156071,41.872116],[9.156051,41.872],[9.156071,41.871815],[9.156119,41.871684],[9.156127,41.871607],[9.156036,41.871276],[9.156004,41.871073],[9.156032,41.870806],[9.156017,41.870649],[9.156082,41.870446],[9.156071,41.870323],[9.156055,41.870242],[9.156001,41.87007],[9.155867,41.869703],[9.155817,41.869504],[9.155777,41.869206],[9.155792,41.869065],[9.155873,41.868951],[9.15593,41.868928],[9.156025,41.868823],[9.156133,41.868663],[9.156197,41.868416],[9.156202,41.868187],[9.156152,41.867946],[9.156151,41.867737],[9.156263,41.86754],[9.156432,41.867337],[9.156799,41.867145],[9.157318,41.866776],[9.157578,41.866561],[9.157847,41.866394],[9.157885,41.866014],[9.157829,41.865814],[9.157608,41.865374],[9.157611,41.865142],[9.157811,41.864637],[9.15819,41.863987],[9.158277,41.863776],[9.158158,41.863354],[9.15831,41.862609],[9.158355,41.862422],[9.158474,41.862195],[9.158603,41.862106],[9.158781,41.861996],[9.159019,41.861958],[9.159371,41.862003],[9.159771,41.862033],[9.159922,41.862071],[9.160254,41.862293],[9.160481,41.862403],[9.160835,41.862468],[9.161126,41.862583],[9.161469,41.86267],[9.161606,41.862615],[9.161884,41.862398],[9.16224,41.861913],[9.162474,41.861671],[9.162975,41.861711],[9.163045,41.86168],[9.163142,41.861511],[9.163564,41.861112],[9.163878,41.861126],[9.164136,41.861124],[9.164276,41.861038],[9.164304,41.860816],[9.16424,41.860676],[9.164281,41.860454],[9.164266,41.859842],[9.164363,41.859578],[9.164483,41.859494],[9.16449,41.85941],[9.164358,41.859283],[9.164365,41.859023],[9.164628,41.858743],[9.165073,41.858571],[9.165217,41.858394],[9.165078,41.858227],[9.165048,41.858092],[9.164962,41.858014],[9.164972,41.857826],[9.164755,41.857449],[9.164666,41.857136],[9.164744,41.856942],[9.164892,41.8569],[9.164955,41.856724],[9.165177,41.856563],[9.165275,41.856536],[9.165338,41.856428],[9.165504,41.856349],[9.165681,41.856322],[9.165788,41.856271],[9.165954,41.856249],[9.165893,41.856027],[9.165846,41.855953],[9.165892,41.855755],[9.165905,41.855571],[9.165927,41.855528],[9.165994,41.855446],[9.166012,41.855261],[9.166104,41.855209],[9.166123,41.855055],[9.166226,41.854926],[9.166343,41.854798],[9.166422,41.854645],[9.166519,41.854564],[9.166438,41.85438],[9.166399,41.854167],[9.166377,41.853556],[9.16639,41.853391],[9.166336,41.852807],[9.166491,41.852451],[9.166565,41.852036],[9.166685,41.851822],[9.166709,41.851656],[9.166821,41.851324],[9.16692,41.8512],[9.166998,41.851155],[9.167438,41.8509],[9.167587,41.850903],[9.167838,41.851038],[9.168169,41.85115],[9.168511,41.851219],[9.168843,41.851291],[9.169326,41.851698],[9.169578,41.851823],[9.169674,41.851851],[9.16979,41.851794],[9.169918,41.851601],[9.170004,41.851507],[9.170167,41.851457],[9.170543,41.851439],[9.170802,41.851475],[9.17096,41.851566],[9.171034,41.851674],[9.171015,41.851803],[9.171063,41.851934],[9.171015,41.851967],[9.170946,41.851972],[9.170895,41.852061],[9.170966,41.852151],[9.171135,41.852287],[9.171143,41.852349],[9.171199,41.852399],[9.17134,41.852431],[9.171445,41.852596],[9.17151,41.852586],[9.171655,41.852604],[9.171885,41.852518],[9.171914,41.852486],[9.172038,41.852528],[9.17213,41.852603],[9.172238,41.852559],[9.172317,41.852472],[9.17234,41.852432],[9.172527,41.852377],[9.172714,41.852384],[9.172607,41.852032],[9.172683,41.851932],[9.172811,41.851844],[9.173051,41.851815],[9.173187,41.851776],[9.173329,41.851672],[9.173389,41.851569],[9.173561,41.851552],[9.1736,41.85149],[9.173758,41.85149],[9.173928,41.851417],[9.174148,41.851393],[9.174386,41.851267],[9.17453,41.851301],[9.174724,41.851291],[9.174885,41.85121],[9.175107,41.851141],[9.175486,41.85093],[9.175651,41.850895],[9.17572,41.850811],[9.175832,41.850807],[9.175934,41.850816],[9.175964,41.850779],[9.176545,41.85069],[9.17677,41.850526],[9.177315,41.850239],[9.177502,41.850188],[9.177792,41.849989],[9.177922,41.849921],[9.177988,41.849669],[9.177967,41.84943],[9.177992,41.849277],[9.178049,41.849147],[9.17803,41.848961],[9.177993,41.848878],[9.178001,41.848384],[9.177886,41.848096],[9.177799,41.847966],[9.177741,41.847656],[9.17766,41.847413],[9.177442,41.847074],[9.177428,41.846798],[9.177301,41.846456],[9.17725,41.846376],[9.177272,41.846195],[9.17709,41.845831],[9.177041,41.845478],[9.17708,41.845326],[9.177073,41.845064],[9.177041,41.84497],[9.177034,41.84475],[9.176996,41.844617],[9.17704,41.844469],[9.177079,41.8444],[9.177073,41.84431],[9.177112,41.844209],[9.177133,41.844002],[9.177103,41.843912],[9.177115,41.843769],[9.17715,41.843685],[9.177115,41.843322],[9.177155,41.84317],[9.177247,41.843018],[9.177544,41.842706],[9.177652,41.842444],[9.177737,41.842388],[9.177969,41.842023],[9.178008,41.841778],[9.177912,41.841704],[9.177863,41.841488],[9.178112,41.841347],[9.178302,41.841322],[9.178803,41.841358],[9.179293,41.841396],[9.179531,41.841389],[9.179994,41.841194],[9.180184,41.841164],[9.180649,41.841273],[9.18095,41.841294],[9.18118,41.841175],[9.181234,41.841073],[9.181345,41.841013],[9.181415,41.840912],[9.181618,41.840786],[9.181795,41.840758],[9.181869,41.840688],[9.182168,41.840569],[9.182462,41.84053],[9.182631,41.840404],[9.182784,41.840254],[9.183004,41.840192],[9.183153,41.840171],[9.183208,41.840138],[9.183307,41.84015],[9.18344,41.84013],[9.183607,41.840112],[9.183919,41.840192],[9.18409,41.840319],[9.184464,41.840485],[9.184646,41.84048],[9.184787,41.840495],[9.184981,41.84055],[9.185105,41.840562],[9.185292,41.840595],[9.185615,41.840654],[9.185848,41.840702],[9.186017,41.840646],[9.186485,41.840738],[9.186603,41.840738],[9.186675,41.840762],[9.187037,41.840823],[9.187164,41.840887],[9.187207,41.840952],[9.187548,41.841176],[9.187745,41.841283],[9.187887,41.841445],[9.187981,41.841463],[9.188156,41.841347],[9.188373,41.841268],[9.188515,41.84119],[9.188594,41.841218],[9.18875,41.841335],[9.188951,41.841351],[9.189159,41.841483],[9.189285,41.841472],[9.189352,41.841443],[9.189473,41.841451],[9.189601,41.841422],[9.189614,41.841309],[9.18967,41.841231],[9.189719,41.841189],[9.189786,41.841179],[9.189858,41.841108],[9.19011,41.841064],[9.190264,41.841145],[9.190635,41.841097],[9.190712,41.841051],[9.190788,41.841053],[9.190864,41.841076],[9.19099,41.841091],[9.191077,41.841136],[9.191193,41.841121],[9.191336,41.841188],[9.191323,41.841238],[9.191357,41.841252],[9.191412,41.841233],[9.191506,41.841291],[9.191681,41.841336],[9.191868,41.84152],[9.191949,41.841524],[9.192037,41.841592],[9.192215,41.841654],[9.19244,41.841723],[9.192838,41.841828],[9.192933,41.841893],[9.192949,41.841927],[9.193213,41.842047],[9.193259,41.842188],[9.193422,41.842262],[9.193487,41.842369],[9.193622,41.842496],[9.193656,41.842622],[9.193807,41.842734],[9.193897,41.843024],[9.193997,41.843151],[9.194049,41.843284],[9.194117,41.843344],[9.194395,41.84352],[9.194425,41.843594],[9.194501,41.843647],[9.194708,41.843639],[9.194831,41.843617],[9.194985,41.8437],[9.19516,41.843895],[9.195646,41.844115],[9.196002,41.84431],[9.196138,41.844328],[9.1962,41.844353],[9.196518,41.844394],[9.196895,41.844287],[9.197167,41.844169],[9.197573,41.844056],[9.197696,41.844086],[9.197957,41.844017],[9.198252,41.844148],[9.198444,41.844304],[9.198616,41.844328],[9.198725,41.844417],[9.198965,41.84449],[9.199155,41.844436],[9.19953,41.844456],[9.199956,41.844641],[9.200366,41.844577],[9.200513,41.844631],[9.200831,41.844663],[9.20119,41.844676],[9.201344,41.844739],[9.201416,41.844808],[9.201563,41.844828],[9.201681,41.844896],[9.201907,41.845008],[9.202013,41.844987],[9.20224,41.845047],[9.202471,41.84517],[9.202675,41.845353],[9.202957,41.84569],[9.202979,41.845781],[9.203108,41.845914],[9.203268,41.846006],[9.203328,41.846032],[9.203408,41.846038],[9.203492,41.846044],[9.203596,41.846023],[9.203659,41.846003],[9.203729,41.845914],[9.20381,41.845961],[9.203853,41.846015],[9.203943,41.846079],[9.20407,41.846199],[9.20415,41.846239],[9.20427,41.846231],[9.20431,41.846209],[9.204365,41.846254],[9.204386,41.846162],[9.204441,41.846197],[9.204563,41.846235],[9.204645,41.846234],[9.204733,41.84619],[9.204779,41.846234],[9.204878,41.846303],[9.204997,41.846382],[9.205028,41.846467],[9.205103,41.84651],[9.205088,41.846558],[9.205262,41.846657],[9.20555,41.846797],[9.205804,41.846841],[9.205942,41.846852],[9.206008,41.846902],[9.206063,41.84688],[9.206175,41.846999],[9.206257,41.847042],[9.206397,41.847103],[9.206504,41.847075],[9.206594,41.847139],[9.206673,41.847195],[9.206751,41.847247],[9.206791,41.847247],[9.206834,41.847259],[9.206867,41.847247],[9.207007,41.847316],[9.20722,41.847302],[9.207346,41.847408],[9.207394,41.847344],[9.207439,41.847335],[9.207432,41.84712],[9.207396,41.847085],[9.207372,41.847042],[9.207375,41.846981],[9.207484,41.846926],[9.207541,41.846826],[9.20766,41.846795],[9.207657,41.846768],[9.20774,41.846707],[9.207788,41.846549],[9.207783,41.846499],[9.207795,41.846462],[9.207838,41.846452],[9.207863,41.846456],[9.20788,41.846433],[9.207955,41.846462],[9.208026,41.846446],[9.20803,41.846421],[9.208052,41.846413],[9.2081,41.846392],[9.208059,41.846372],[9.208097,41.846365],[9.208045,41.846352],[9.208027,41.8463],[9.208077,41.84621],[9.208016,41.846186],[9.20798,41.846157],[9.208007,41.846064],[9.207979,41.846024],[9.207996,41.845991],[9.208009,41.845925],[9.208053,41.845919],[9.208028,41.845896],[9.208044,41.845877],[9.208087,41.845876],[9.208099,41.84584],[9.208206,41.845807],[9.208267,41.845696],[9.208344,41.845667],[9.208307,41.845614],[9.208274,41.845602],[9.208284,41.845582],[9.208234,41.845565],[9.208201,41.845523],[9.208153,41.845499],[9.208164,41.845475],[9.208118,41.84543],[9.208247,41.845374],[9.208282,41.845316],[9.208243,41.845265],[9.208257,41.845265],[9.208285,41.845246],[9.208296,41.845206],[9.20835,41.845205],[9.208395,41.845176],[9.2084,41.845152],[9.208441,41.845157],[9.208467,41.845126],[9.208466,41.845061],[9.208499,41.845055],[9.208529,41.845016],[9.208622,41.844987],[9.208666,41.844991],[9.208713,41.844975],[9.208757,41.844983],[9.208815,41.844964],[9.208785,41.844935],[9.208805,41.844894],[9.208838,41.844856],[9.208871,41.844851],[9.208878,41.844823],[9.208895,41.844806],[9.208918,41.844818],[9.208932,41.844802],[9.2089,41.844771],[9.208903,41.844666],[9.208932,41.844621],[9.208999,41.84462],[9.209078,41.844474],[9.209034,41.844442],[9.209072,41.844396],[9.209259,41.844365],[9.209333,41.844358],[9.209392,41.844352],[9.209421,41.844318],[9.209479,41.844307],[9.209486,41.844265],[9.209554,41.844261],[9.209791,41.844155],[9.209852,41.844145],[9.209862,41.844121],[9.210006,41.844046],[9.209968,41.844005],[9.210099,41.843985],[9.2101,41.843941],[9.21016,41.843926],[9.210228,41.843858],[9.210342,41.843797],[9.21044,41.843741],[9.210502,41.84374],[9.210707,41.843613],[9.210703,41.843573],[9.210801,41.843534],[9.210816,41.843421],[9.210912,41.843426],[9.210949,41.843364],[9.210907,41.84321],[9.210895,41.843082],[9.210955,41.843029],[9.210904,41.842998],[9.210969,41.842956],[9.211039,41.842935],[9.211063,41.842888],[9.210999,41.842877],[9.210999,41.842782],[9.211074,41.842726],[9.211091,41.842672],[9.211156,41.842643],[9.211076,41.842599],[9.211182,41.842557],[9.211125,41.842527],[9.211145,41.842472],[9.211244,41.842432],[9.211225,41.842328],[9.211374,41.842247],[9.211204,41.842174],[9.211279,41.842104],[9.211274,41.842065],[9.21137,41.842027],[9.21134,41.841892],[9.211486,41.841778],[9.211689,41.84176],[9.211724,41.84173],[9.21208,41.841714],[9.212353,41.841845],[9.212488,41.841893],[9.212671,41.841889],[9.213567,41.841882],[9.213749,41.841804],[9.21401,41.841707],[9.214116,41.841669],[9.214118,41.841575],[9.214073,41.841522],[9.214108,41.84149],[9.214013,41.841478],[9.213493,41.841391],[9.213394,41.841352],[9.213305,41.841226],[9.21321,41.841148],[9.213135,41.841147],[9.212953,41.841033],[9.212878,41.840947],[9.212946,41.840918],[9.212877,41.840837],[9.212914,41.840805],[9.212882,41.84069],[9.212905,41.840606],[9.212902,41.840566],[9.212675,41.840327],[9.212514,41.840314],[9.212479,41.840344],[9.212425,41.840342],[9.212357,41.840324],[9.212288,41.840277],[9.212204,41.840155],[9.212063,41.840014],[9.211818,41.839923],[9.211717,41.839834],[9.211672,41.839676],[9.211703,41.839662],[9.211737,41.839592],[9.211686,41.839409],[9.211692,41.839319],[9.211666,41.839272],[9.211706,41.839139],[9.21174,41.839086],[9.211832,41.838986],[9.211806,41.838932],[9.211762,41.838818],[9.211816,41.838755],[9.211743,41.838659],[9.211769,41.838505],[9.211738,41.838459],[9.211736,41.838279],[9.211754,41.838235],[9.21177,41.838153],[9.211835,41.838053],[9.211968,41.838015],[9.211982,41.837967],[9.211873,41.837875],[9.211822,41.837819],[9.211824,41.837763],[9.21176,41.837688],[9.211796,41.837673],[9.211758,41.837605],[9.211913,41.837508],[9.211937,41.837426],[9.212056,41.837463],[9.212161,41.837502],[9.212172,41.837405],[9.212415,41.837423],[9.212513,41.837413],[9.212603,41.83744],[9.212808,41.837338],[9.212927,41.837256],[9.212931,41.837208],[9.21304,41.837068],[9.213036,41.837032],[9.213092,41.836964],[9.21317,41.836934],[9.213182,41.83689],[9.213393,41.83678],[9.213388,41.836621],[9.213532,41.836506],[9.213605,41.836305],[9.213757,41.83599],[9.213733,41.835791],[9.213886,41.83533],[9.213894,41.835162],[9.213811,41.835],[9.21383,41.83486],[9.214071,41.834757],[9.214002,41.834658],[9.214065,41.834582],[9.214232,41.834644],[9.214332,41.834644],[9.214414,41.834668],[9.214571,41.834478],[9.214598,41.834367],[9.214584,41.834103],[9.214614,41.833796],[9.214541,41.833672],[9.214532,41.83348],[9.214413,41.833451],[9.214207,41.833123],[9.21419,41.832941],[9.214084,41.833052],[9.214017,41.832884],[9.213866,41.832678],[9.213645,41.832575],[9.213328,41.8323],[9.213316,41.832139],[9.213341,41.832028],[9.213322,41.831852],[9.21329,41.831712],[9.213225,41.831489],[9.213255,41.831162],[9.213171,41.831105],[9.212926,41.831046],[9.212795,41.830979],[9.212717,41.830933],[9.212564,41.830708],[9.212541,41.83054],[9.212476,41.830495],[9.212378,41.830344],[9.212505,41.829578],[9.212185,41.829294],[9.211844,41.828669],[9.211789,41.828173],[9.211881,41.828021],[9.21227,41.82781],[9.212253,41.827659],[9.212346,41.827501],[9.212533,41.827419],[9.212569,41.827305],[9.212771,41.827329],[9.213033,41.827192],[9.21291,41.826967],[9.212962,41.826894],[9.212585,41.826618],[9.21201,41.826327],[9.211761,41.825982],[9.211706,41.82574],[9.211744,41.82558],[9.211381,41.825077],[9.211116,41.824534],[9.211068,41.824179],[9.210937,41.823972],[9.210944,41.823279],[9.211075,41.82306],[9.210431,41.822553],[9.210245,41.82227],[9.209999,41.822007],[9.209761,41.821755],[9.209749,41.82153],[9.209749,41.821279],[9.209723,41.821091],[9.209783,41.820916],[9.209765,41.820889],[9.209466,41.820458],[9.209472,41.820356],[9.209504,41.820327],[9.209534,41.820131],[9.209449,41.819989],[9.20953,41.81981],[9.209486,41.81976],[9.209546,41.819221],[9.209662,41.819047],[9.209655,41.819019],[9.209634,41.818933],[9.208919,41.81849],[9.208667,41.818052],[9.208618,41.818041],[9.208587,41.818105],[9.208543,41.818082],[9.208497,41.818048],[9.208452,41.818045],[9.208366,41.818054],[9.208299,41.818065],[9.208214,41.818039],[9.208196,41.818002],[9.208038,41.817923],[9.207893,41.817854],[9.20768,41.817743],[9.207456,41.817493],[9.207396,41.817394],[9.207268,41.817374],[9.207167,41.817277],[9.207135,41.817025],[9.206969,41.816742],[9.206808,41.816579],[9.206787,41.816489],[9.206856,41.816354],[9.206761,41.816131],[9.206724,41.816042],[9.206586,41.815943],[9.206566,41.81583],[9.206543,41.815702],[9.206607,41.815377],[9.206553,41.815274],[9.206535,41.815239],[9.206157,41.815118],[9.205931,41.815006],[9.205834,41.814875],[9.205719,41.814787],[9.205654,41.814693],[9.205622,41.814372],[9.205473,41.814145],[9.205454,41.813995],[9.205519,41.813823],[9.205508,41.813558],[9.205519,41.813493],[9.205714,41.813415],[9.205797,41.813301],[9.20583,41.81318],[9.205838,41.813011],[9.205911,41.812909],[9.205921,41.812844],[9.205965,41.812778],[9.206036,41.812695],[9.206009,41.812624],[9.20595,41.812567],[9.205822,41.812422],[9.205755,41.812178],[9.205682,41.812117],[9.205529,41.812112],[9.205426,41.812138],[9.205126,41.812442],[9.20492,41.812485],[9.204777,41.812449],[9.204272,41.812286],[9.203433,41.811617],[9.203293,41.811557],[9.203067,41.811534],[9.202752,41.811365],[9.202207,41.810985],[9.202106,41.810866],[9.201809,41.810727],[9.201708,41.810633],[9.201531,41.810557],[9.201533,41.810516],[9.201468,41.810276],[9.201455,41.810221],[9.201251,41.810071],[9.201165,41.809913],[9.201089,41.809782],[9.200889,41.809571],[9.200787,41.809493],[9.20068,41.809452],[9.200635,41.809426],[9.200619,41.809389],[9.200534,41.809368],[9.200535,41.80928],[9.200626,41.809117],[9.200727,41.808766],[9.200579,41.80853],[9.200474,41.808327],[9.20019,41.808018],[9.200143,41.807881],[9.199985,41.80769],[9.199677,41.807629],[9.199515,41.80751],[9.199547,41.807314],[9.199601,41.807203],[9.199694,41.807193],[9.199604,41.806982],[9.199437,41.806749],[9.19927,41.806641],[9.199088,41.806615],[9.198944,41.806629],[9.198573,41.806554],[9.19831,41.806183],[9.198062,41.80601],[9.197839,41.805909],[9.197735,41.805884],[9.19758,41.805769],[9.197462,41.805664],[9.197359,41.80552],[9.197282,41.805412],[9.197213,41.805277],[9.197024,41.80504],[9.196744,41.804782],[9.196663,41.804583],[9.196434,41.804476],[9.196356,41.80439],[9.196055,41.804268],[9.195953,41.804144],[9.19598,41.803907],[9.195989,41.803833],[9.19593,41.803645],[9.195661,41.803319],[9.195672,41.803228],[9.195547,41.803071],[9.195473,41.802896],[9.195421,41.802889],[9.195412,41.802752],[9.195383,41.802634],[9.195387,41.802556],[9.195418,41.802503],[9.195388,41.802453],[9.195318,41.80243],[9.195292,41.802385],[9.19531,41.802317],[9.195247,41.802259],[9.195198,41.80215],[9.195008,41.801925],[9.194974,41.80179],[9.194662,41.801385],[9.194511,41.801141],[9.194489,41.801015],[9.194447,41.800914],[9.194335,41.800824],[9.194206,41.800674],[9.194133,41.800479],[9.194061,41.800398],[9.193996,41.800345],[9.19397,41.800228],[9.193871,41.800107],[9.193889,41.79984],[9.193984,41.799703],[9.19396,41.799532],[9.194064,41.799308],[9.194107,41.799049],[9.194187,41.799012],[9.194173,41.798882],[9.194205,41.798834],[9.194228,41.798766],[9.194217,41.798703],[9.194097,41.798451],[9.194152,41.798328],[9.194215,41.798098],[9.194217,41.798018],[9.194371,41.797751],[9.194402,41.797639],[9.194434,41.797596],[9.194437,41.797543],[9.194488,41.797471],[9.194491,41.797407],[9.194437,41.797333],[9.194432,41.797272],[9.194405,41.797229],[9.194302,41.797191],[9.194261,41.797122],[9.19427,41.797054],[9.19424,41.797032],[9.194147,41.797006],[9.194078,41.796988],[9.194058,41.796943],[9.193939,41.796904],[9.193869,41.796862],[9.193766,41.796629],[9.193746,41.796599],[9.193621,41.79661],[9.19358,41.796597],[9.193544,41.796523],[9.193569,41.796429],[9.193536,41.796368],[9.193562,41.796324],[9.193656,41.796257],[9.193749,41.796201],[9.193839,41.796153],[9.193924,41.796057],[9.194069,41.795996],[9.1941,41.795982],[9.194374,41.79586],[9.194605,41.795784],[9.194709,41.795702],[9.194904,41.795632],[9.194954,41.795565],[9.195003,41.795518],[9.195036,41.795496],[9.195167,41.795459],[9.195214,41.795467],[9.195314,41.79542],[9.195396,41.795404],[9.195435,41.795374],[9.195638,41.795352],[9.195735,41.795318],[9.195835,41.795277],[9.19598,41.795229],[9.196102,41.795205],[9.196146,41.7952],[9.196215,41.795168],[9.19634,41.795122],[9.196461,41.795072],[9.196572,41.795064],[9.196675,41.795047],[9.196891,41.795054],[9.197126,41.795159],[9.197264,41.795195],[9.197653,41.795262],[9.197811,41.795332],[9.197852,41.79537],[9.197897,41.795369],[9.197952,41.795402],[9.198031,41.795424],[9.198225,41.795444],[9.198292,41.795465],[9.198368,41.795474],[9.198424,41.795494],[9.198543,41.795518],[9.19873,41.795731],[9.198836,41.795749],[9.198916,41.795842],[9.19912,41.795902],[9.199308,41.79607],[9.199665,41.796174],[9.199716,41.796189],[9.199894,41.796188],[9.199972,41.796154],[9.200091,41.796168],[9.200188,41.796153],[9.200289,41.796138],[9.200359,41.796061],[9.200456,41.796002],[9.200532,41.795939],[9.200662,41.795775],[9.200878,41.795441],[9.201019,41.795282],[9.201076,41.795148],[9.201093,41.795048],[9.201154,41.794926],[9.201202,41.794861],[9.201207,41.794715],[9.201268,41.794654],[9.201519,41.794529],[9.201702,41.794497],[9.201783,41.794475],[9.201875,41.794476],[9.201977,41.794462],[9.202107,41.794481],[9.202174,41.794573],[9.202189,41.794708],[9.20231,41.794827],[9.202424,41.794867],[9.202534,41.794859],[9.202842,41.795029],[9.203147,41.795596],[9.203286,41.795992],[9.203528,41.796214],[9.203999,41.79655],[9.204375,41.79702],[9.204489,41.797274],[9.204541,41.797492],[9.205064,41.797958],[9.205231,41.798134],[9.205425,41.79824],[9.205467,41.798458],[9.205438,41.798675],[9.205516,41.798888],[9.205851,41.798978],[9.20588,41.799003],[9.205963,41.799074],[9.206262,41.79907],[9.206366,41.799032],[9.206552,41.798963],[9.206685,41.79907],[9.206832,41.799041],[9.206955,41.798662],[9.207106,41.798506],[9.20721,41.79832],[9.207239,41.797756],[9.207311,41.797517],[9.207301,41.797317],[9.207434,41.797113],[9.207619,41.796945],[9.207687,41.796827],[9.207836,41.7967],[9.207908,41.796551],[9.208103,41.796369],[9.208243,41.79619],[9.208373,41.796056],[9.208722,41.795828],[9.208876,41.795791],[9.209008,41.795715],[9.209083,41.795581],[9.209044,41.795549],[9.209046,41.795486],[9.209111,41.795469],[9.209239,41.795513],[9.209326,41.795558],[9.209461,41.79552],[9.20949,41.795428],[9.209514,41.795348],[9.209531,41.795215],[9.209633,41.795119],[9.209708,41.795047],[9.209743,41.794941],[9.209829,41.794815],[9.209882,41.794743],[9.209864,41.794631],[9.209784,41.794515],[9.20989,41.794395],[9.210071,41.794314],[9.210097,41.794247],[9.210183,41.794171],[9.210269,41.794036],[9.210279,41.793922],[9.210328,41.793785],[9.210399,41.793552],[9.210328,41.793445],[9.210303,41.79337],[9.210299,41.793281],[9.210347,41.792939],[9.210316,41.792566],[9.210383,41.792318],[9.21054,41.792197],[9.210615,41.792159],[9.210681,41.791897],[9.210696,41.791839],[9.210778,41.791783],[9.210963,41.791626],[9.211051,41.791533],[9.211087,41.791475],[9.211132,41.791442],[9.211224,41.791375],[9.21134,41.791282],[9.211457,41.791247],[9.211495,41.79123],[9.211561,41.791239],[9.211691,41.791307],[9.211825,41.791348],[9.211974,41.791406],[9.212195,41.791432],[9.212468,41.791538],[9.212823,41.791766],[9.212898,41.791889],[9.212986,41.791944],[9.213037,41.791992],[9.213041,41.792041],[9.213067,41.792076],[9.213156,41.79216],[9.213217,41.792235],[9.213663,41.792452],[9.213936,41.79251],[9.213988,41.792537],[9.21404,41.792667],[9.214128,41.792751],[9.214359,41.792836],[9.214419,41.792863],[9.214525,41.792922],[9.214608,41.792991],[9.214698,41.792999],[9.214811,41.793043],[9.214925,41.793079],[9.215091,41.793008],[9.215231,41.792989],[9.215435,41.792924],[9.215568,41.792913],[9.215823,41.792963],[9.215881,41.792975],[9.216059,41.792953],[9.21616,41.792963],[9.216203,41.793005],[9.216283,41.793092],[9.216306,41.79312],[9.216438,41.793144],[9.216639,41.793582],[9.2167,41.793699],[9.216757,41.793751],[9.216808,41.793834],[9.216908,41.793939],[9.216975,41.793963],[9.217004,41.794011],[9.217031,41.794038],[9.217245,41.794442],[9.217397,41.794633],[9.217498,41.794688],[9.217537,41.794709],[9.217662,41.794726],[9.218174,41.794714],[9.218441,41.794969],[9.218743,41.795145],[9.218808,41.795238],[9.218906,41.795273],[9.218968,41.795331],[9.219013,41.795359],[9.219112,41.795493],[9.219194,41.795577],[9.219306,41.795642],[9.219437,41.795789],[9.219562,41.795811],[9.219655,41.795886],[9.219907,41.795988],[9.219983,41.796065],[9.220138,41.796166],[9.220307,41.796294],[9.220401,41.79634],[9.220446,41.79634],[9.220467,41.796362],[9.220518,41.796362],[9.220631,41.796452],[9.220682,41.796461],[9.221064,41.796719],[9.221501,41.796944],[9.221701,41.797001],[9.221823,41.797059],[9.221896,41.797126],[9.222097,41.797182],[9.222302,41.79715],[9.222397,41.797136],[9.222491,41.797121],[9.222834,41.79698],[9.22303,41.796925],[9.223175,41.796883],[9.223347,41.796803],[9.223407,41.796756],[9.223506,41.796695],[9.223694,41.796524],[9.223873,41.796368],[9.224132,41.796228],[9.224256,41.796145],[9.22436,41.796129],[9.224469,41.796135],[9.224606,41.796064],[9.224746,41.79607],[9.224831,41.796057],[9.224808,41.795921],[9.224894,41.795864],[9.224957,41.795869],[9.225273,41.795883],[9.225472,41.795895],[9.225929,41.795896],[9.226149,41.795898],[9.226301,41.795892],[9.226411,41.79588],[9.226515,41.795861],[9.226625,41.795838],[9.226753,41.795792],[9.227072,41.795634],[9.227642,41.795332],[9.227889,41.795201],[9.228002,41.795172],[9.228096,41.795162],[9.228203,41.795164],[9.228285,41.795146],[9.228361,41.79511],[9.228485,41.795028],[9.228598,41.794947],[9.228656,41.794915],[9.228719,41.794894],[9.228871,41.794748],[9.228919,41.794723],[9.229005,41.794699],[9.229084,41.79469],[9.229263,41.794677],[9.22935,41.794678],[9.229503,41.794723],[9.22956,41.794717],[9.229616,41.794698],[9.229685,41.794614],[9.229731,41.794557],[9.229755,41.794495],[9.229751,41.794457],[9.229713,41.794377],[9.229664,41.794294],[9.229627,41.794237],[9.229614,41.794182],[9.229629,41.79414],[9.229681,41.794094],[9.229859,41.793985],[9.229916,41.793928],[9.230051,41.793765],[9.230159,41.793603],[9.230356,41.793309],[9.23046,41.793154],[9.230514,41.793048],[9.230528,41.79297],[9.230505,41.792826],[9.230431,41.79247],[9.230442,41.792197],[9.230509,41.792046],[9.230627,41.791942],[9.230828,41.791907],[9.231349,41.791962],[9.231528,41.791907],[9.231847,41.79176],[9.232164,41.791513],[9.232435,41.791249],[9.232549,41.791195],[9.232736,41.791119],[9.232715,41.790951],[9.232773,41.790866],[9.233047,41.790868],[9.233126,41.790761],[9.233275,41.790718],[9.233454,41.790698],[9.23361,41.790728],[9.233788,41.790748],[9.233908,41.790715],[9.234133,41.790762],[9.234325,41.790712],[9.234544,41.790588],[9.234943,41.790407],[9.235084,41.790401],[9.235356,41.790168],[9.235533,41.789996],[9.235607,41.789836],[9.235822,41.789547],[9.235865,41.789487],[9.235911,41.789502],[9.23595,41.789515],[9.236047,41.789368],[9.236284,41.789379],[9.236299,41.789423],[9.236438,41.789412],[9.2365,41.789375],[9.236816,41.789461],[9.237286,41.789496],[9.23741,41.789555],[9.237519,41.789566],[9.237617,41.789498],[9.237863,41.789551],[9.238057,41.789674],[9.238195,41.789797],[9.238323,41.789775],[9.238421,41.789798],[9.238531,41.789627],[9.238471,41.78953],[9.238428,41.789425],[9.238493,41.789302],[9.238698,41.7892],[9.23877,41.789118],[9.238447,41.788821],[9.238413,41.78871],[9.238551,41.78851],[9.23863,41.78834],[9.238693,41.788107],[9.238764,41.788023],[9.238885,41.788],[9.239004,41.788036],[9.239083,41.788159],[9.2392,41.7885],[9.239307,41.788655],[9.239437,41.788739],[9.239674,41.788801],[9.240251,41.788773],[9.240574,41.788669],[9.240715,41.788642],[9.24097,41.788591],[9.241297,41.78864],[9.241485,41.788869],[9.241819,41.78891],[9.242314,41.788959],[9.242843,41.789032],[9.243191,41.789261],[9.243487,41.78941],[9.243752,41.789526],[9.244177,41.789784],[9.2443,41.789935],[9.244616,41.790076],[9.24522,41.790137],[9.24558,41.790371],[9.245792,41.790403],[9.245812,41.790324],[9.246144,41.790393],[9.246554,41.790532],[9.246647,41.790684],[9.246696,41.79087],[9.247151,41.791217],[9.247233,41.791396],[9.247865,41.791553],[9.247709,41.791305],[9.247971,41.791292],[9.247888,41.791183],[9.248003,41.791195],[9.248076,41.791118],[9.248135,41.791021],[9.248199,41.790905],[9.248281,41.790756],[9.248191,41.790542],[9.248327,41.79054],[9.248293,41.790454],[9.24848,41.790474],[9.248393,41.790219],[9.248689,41.790148],[9.248888,41.790403],[9.24913,41.790472],[9.249125,41.790171],[9.249099,41.789921],[9.248719,41.78965],[9.248693,41.789508],[9.248794,41.789368],[9.248949,41.789483],[9.249276,41.789534],[9.249391,41.789713],[9.249445,41.790017],[9.249521,41.789896],[9.249511,41.790005],[9.249545,41.790057],[9.249619,41.790008],[9.249642,41.79017],[9.249621,41.790283],[9.249653,41.79037],[9.249799,41.790399],[9.249843,41.79026],[9.249997,41.790401],[9.250283,41.790224],[9.250543,41.790388],[9.250648,41.790819],[9.251017,41.791203],[9.251783,41.79152],[9.252004,41.791796],[9.252178,41.791875],[9.25232,41.79184],[9.252877,41.792325],[9.253096,41.792333],[9.25363,41.792293],[9.25387,41.792341],[9.25394,41.792419],[9.254193,41.792454],[9.254624,41.792494],[9.255169,41.792247],[9.255275,41.791999],[9.25543,41.791956],[9.255583,41.791914],[9.255915,41.791915],[9.25651,41.792014],[9.257371,41.792211],[9.257897,41.792346],[9.258024,41.792514],[9.25823,41.792667],[9.258269,41.792805],[9.25819,41.793165],[9.25806,41.793316],[9.257976,41.79351],[9.258011,41.79362],[9.258079,41.793724],[9.258104,41.793838],[9.258255,41.793889],[9.258419,41.79392],[9.258596,41.794042],[9.258799,41.794131],[9.259044,41.794172],[9.259246,41.794236],[9.259304,41.794244],[9.259356,41.794286],[9.259394,41.794363],[9.259559,41.794429],[9.259632,41.794481],[9.259662,41.794452],[9.259722,41.794444],[9.259892,41.794338],[9.259992,41.794304],[9.260101,41.794177],[9.260156,41.794111],[9.260302,41.79405],[9.26041,41.793853],[9.260473,41.793836],[9.260488,41.793619],[9.260437,41.793568],[9.260343,41.793523],[9.260283,41.793529],[9.260084,41.793439],[9.260136,41.79335],[9.260117,41.793272],[9.260156,41.79326],[9.26013,41.793221],[9.260177,41.793201],[9.260252,41.793163],[9.260194,41.793129],[9.260194,41.793086],[9.260293,41.793032],[9.260304,41.792986],[9.260363,41.792983],[9.260535,41.79286],[9.2606,41.792714],[9.260632,41.792648],[9.260707,41.79257],[9.260691,41.792441],[9.260983,41.792066],[9.261238,41.791841],[9.261183,41.791739],[9.261401,41.791555],[9.261343,41.791432],[9.261373,41.791308],[9.261651,41.791119],[9.261807,41.790898],[9.261865,41.790695],[9.261808,41.790417],[9.261998,41.789915],[9.262478,41.78988],[9.263307,41.789732],[9.26389,41.789566],[9.264649,41.789334],[9.265191,41.78922],[9.265582,41.788813],[9.26589,41.788655],[9.266408,41.788551],[9.26658,41.788709],[9.266655,41.78868],[9.266662,41.788485],[9.266585,41.788345],[9.266628,41.788188],[9.266957,41.788066],[9.267475,41.78793],[9.267504,41.787791],[9.267644,41.787599],[9.268064,41.787464],[9.268289,41.787352],[9.268361,41.787258],[9.268602,41.78725],[9.268801,41.787341],[9.268897,41.787348],[9.269256,41.787429],[9.269418,41.787428],[9.269534,41.787411],[9.269653,41.787357],[9.269787,41.787212],[9.270015,41.787014],[9.270139,41.786895],[9.27023,41.786829],[9.27032,41.786804],[9.270454,41.786755],[9.270682,41.786719],[9.270967,41.7868],[9.271036,41.786795],[9.271134,41.786828],[9.271369,41.786936],[9.27169,41.787031],[9.271935,41.787041],[9.272332,41.787151],[9.272433,41.787133],[9.272706,41.787203],[9.273001,41.787111],[9.273138,41.787168],[9.273376,41.787151],[9.273615,41.787221],[9.273641,41.787254],[9.273738,41.787294],[9.273805,41.787296],[9.273961,41.78735],[9.274086,41.787462],[9.274183,41.787493],[9.27436,41.787611],[9.274381,41.787664],[9.274727,41.787963],[9.274771,41.788102],[9.274954,41.788183],[9.275145,41.788215],[9.275473,41.788359],[9.275507,41.788516],[9.275579,41.788678],[9.275787,41.788733],[9.275998,41.788756],[9.276105,41.788824],[9.276281,41.788834],[9.276435,41.788798],[9.276606,41.788714],[9.277095,41.788937],[9.277341,41.789089],[9.277434,41.789223],[9.277593,41.789355],[9.277814,41.789926],[9.278228,41.790014],[9.27837,41.790124],[9.278417,41.790195],[9.278673,41.790286],[9.278824,41.790288],[9.278962,41.790329],[9.279033,41.790383],[9.27961,41.790518],[9.279974,41.790465],[9.280103,41.790353],[9.280351,41.790333],[9.280779,41.790256],[9.280993,41.790162],[9.281089,41.790085],[9.281235,41.789802],[9.281461,41.789063],[9.281466,41.78863],[9.281554,41.787958],[9.281568,41.787652],[9.28147,41.787453],[9.281545,41.78732],[9.281514,41.787156],[9.281374,41.786864],[9.281242,41.786812],[9.281177,41.786744],[9.281155,41.786636],[9.281221,41.786537],[9.281232,41.786399],[9.281247,41.786097],[9.28128,41.785816],[9.281317,41.78575],[9.281336,41.785297],[9.281382,41.784907],[9.281486,41.784779],[9.281455,41.784553],[9.28132,41.78441],[9.281232,41.784214],[9.281421,41.784028],[9.281469,41.78391],[9.281303,41.783769],[9.281236,41.783604],[9.281265,41.783292],[9.281277,41.783014],[9.281291,41.782617],[9.28148,41.782041],[9.281446,41.781951],[9.281543,41.781861],[9.281396,41.781772],[9.281593,41.781614],[9.281414,41.781529],[9.281607,41.781403],[9.281795,41.781379],[9.281406,41.780968],[9.281042,41.780616],[9.280968,41.780283],[9.281082,41.78022],[9.281143,41.780154],[9.281289,41.77994],[9.28144,41.779891],[9.28145,41.779822],[9.28185,41.779629],[9.281935,41.779627],[9.28206,41.779581],[9.282128,41.779502],[9.282589,41.779225],[9.282698,41.779115],[9.28271,41.779041],[9.282882,41.778848],[9.282968,41.778639],[9.283124,41.778695],[9.283262,41.778702],[9.283399,41.778664],[9.283555,41.778532],[9.283742,41.778458],[9.283982,41.778204],[9.284125,41.778016],[9.284245,41.77772],[9.284239,41.777442],[9.284224,41.777073],[9.284481,41.776642],[9.284867,41.776149],[9.285115,41.776036],[9.285265,41.7759],[9.285402,41.775686],[9.285573,41.775544],[9.285791,41.77524],[9.285962,41.775104],[9.286387,41.774951],[9.286526,41.774965],[9.28666,41.774951],[9.286798,41.774887],[9.286832,41.774803],[9.286953,41.774677],[9.287067,41.77465],[9.287228,41.774652],[9.287438,41.774617],[9.28752,41.774566],[9.287633,41.774375],[9.287697,41.774315],[9.287863,41.774021],[9.288279,41.773926],[9.288418,41.77386],[9.28895,41.773474],[9.288981,41.77293],[9.289367,41.772765],[9.289331,41.772658],[9.289376,41.772625],[9.289517,41.772723],[9.289843,41.772529],[9.289991,41.772504],[9.29,41.772364],[9.290261,41.772263],[9.290712,41.772289],[9.290884,41.772312],[9.290986,41.772317],[9.291093,41.772367],[9.291129,41.772367],[9.291271,41.772331],[9.291416,41.772358],[9.291742,41.772336],[9.291785,41.772353],[9.291894,41.77245],[9.291932,41.772452],[9.292052,41.772425],[9.292064,41.772361],[9.292099,41.772329],[9.292152,41.772326],[9.292252,41.772376],[9.292293,41.77242],[9.292367,41.772536],[9.292512,41.77268],[9.292575,41.772703],[9.292705,41.772735],[9.292749,41.772735],[9.292779,41.77271],[9.292812,41.772709],[9.29289,41.772725],[9.29297,41.772722],[9.292999,41.772703],[9.293047,41.772617],[9.293157,41.772484],[9.293212,41.772459],[9.293321,41.772451],[9.293394,41.772449],[9.293495,41.772459],[9.293569,41.772436],[9.293608,41.772411],[9.293689,41.772399],[9.293809,41.772353],[9.293872,41.772353],[9.293921,41.772325],[9.293967,41.772319],[9.293999,41.772345],[9.294029,41.772363],[9.294096,41.772365],[9.294289,41.772433],[9.294477,41.772498],[9.29464,41.772534],[9.295166,41.772555],[9.29549,41.772525],[9.295537,41.772487],[9.295645,41.772442],[9.295801,41.772352],[9.295853,41.772292],[9.295914,41.772281],[9.295973,41.772249],[9.296016,41.772181],[9.29609,41.772136],[9.296143,41.772135],[9.296313,41.772222],[9.296353,41.772219],[9.296392,41.772233],[9.296414,41.772244],[9.296414,41.772202],[9.296441,41.772188],[9.296492,41.772197],[9.296672,41.772228],[9.296722,41.772216],[9.296793,41.77217],[9.296954,41.772085],[9.296971,41.77201],[9.297041,41.771988],[9.29707,41.771739],[9.297207,41.771698],[9.297377,41.771798],[9.297451,41.771828],[9.297514,41.771815],[9.297683,41.77173],[9.29779,41.771663],[9.297831,41.771569],[9.297818,41.771469],[9.297692,41.771172],[9.297607,41.770909],[9.297709,41.770877],[9.297706,41.770745],[9.297674,41.77069],[9.29773,41.77057],[9.297721,41.770385],[9.297662,41.770215],[9.297752,41.770163],[9.297792,41.770042],[9.29766,41.769924],[9.297548,41.769745],[9.297486,41.76952],[9.297854,41.769583],[9.298159,41.769564],[9.298598,41.769584],[9.298744,41.769521],[9.298918,41.769499],[9.299043,41.769371],[9.299162,41.769298],[9.299217,41.769204],[9.299342,41.769137],[9.299377,41.769036],[9.299523,41.768885],[9.299697,41.768881],[9.299828,41.768807],[9.300012,41.768666],[9.300125,41.76839],[9.300106,41.76827],[9.300105,41.768168],[9.300131,41.768101],[9.300053,41.768008],[9.299848,41.767914],[9.299719,41.767829],[9.299594,41.76768],[9.299568,41.767563],[9.299527,41.76749],[9.299537,41.767344],[9.299463,41.767212],[9.299464,41.767066],[9.299594,41.766925],[9.299777,41.766838],[9.299872,41.766749],[9.299889,41.766394],[9.29996,41.766244],[9.299936,41.766127],[9.300016,41.765959],[9.300001,41.765835],[9.300048,41.765819],[9.300089,41.765747],[9.300049,41.765669],[9.300104,41.765539],[9.300222,41.765409],[9.300428,41.765262],[9.300475,41.765255],[9.300557,41.765145],[9.300636,41.765146],[9.300777,41.765248],[9.3008,41.765304],[9.300914,41.765347],[9.300959,41.765336],[9.301006,41.765373],[9.301073,41.765347],[9.301289,41.76535],[9.301457,41.765383],[9.301514,41.765319],[9.301608,41.765301],[9.302,41.76553],[9.30216,41.765584],[9.30219,41.765655],[9.302257,41.765663],[9.302376,41.765743],[9.302452,41.765864],[9.302629,41.765975],[9.302768,41.765984],[9.302838,41.765944],[9.302952,41.765968],[9.303207,41.765977],[9.303305,41.765906],[9.30355,41.765918],[9.303775,41.765967],[9.303883,41.765933],[9.303977,41.76599],[9.304086,41.765964],[9.304094,41.766097],[9.304144,41.766278],[9.304317,41.766293],[9.304463,41.766246],[9.304539,41.7662],[9.304657,41.766047],[9.304896,41.765762],[9.304934,41.76563],[9.305088,41.765391],[9.305271,41.765231],[9.305497,41.764886],[9.305695,41.764512],[9.305737,41.764359],[9.305958,41.764097],[9.306324,41.763486],[9.306625,41.763022],[9.306878,41.762842],[9.307019,41.76265],[9.307014,41.762555],[9.307083,41.7625],[9.307105,41.762332],[9.307042,41.762187],[9.306988,41.761805],[9.307024,41.761734],[9.307003,41.761626],[9.307126,41.761621],[9.307206,41.761618],[9.307338,41.76157],[9.307426,41.761558],[9.307854,41.761458],[9.308268,41.761325],[9.30841,41.7613],[9.308445,41.761255],[9.308349,41.761133],[9.3081,41.761082],[9.307755,41.761121],[9.307589,41.761115],[9.307558,41.761053],[9.307565,41.761004],[9.30779,41.760786],[9.307793,41.760741],[9.307906,41.760604],[9.307906,41.760515],[9.307809,41.760322],[9.308074,41.760288],[9.308358,41.760204],[9.308523,41.760054],[9.308737,41.76005],[9.309257,41.75993],[9.309319,41.759967],[9.309489,41.759928],[9.309696,41.759939],[9.309721,41.759889],[9.309528,41.759752],[9.309622,41.759766],[9.30982,41.759745],[9.309822,41.759662],[9.309692,41.759567],[9.309855,41.75956],[9.310036,41.759569],[9.310093,41.759595],[9.310087,41.75968],[9.310139,41.759701],[9.310215,41.759659],[9.310319,41.759559],[9.310375,41.759534],[9.310465,41.759462],[9.310511,41.759364],[9.310634,41.759186],[9.31077,41.758921],[9.310875,41.758831],[9.311057,41.758663],[9.311097,41.758469],[9.311314,41.758403],[9.311474,41.758414],[9.311884,41.758261],[9.312086,41.75823],[9.312258,41.758153],[9.312357,41.757931],[9.312411,41.757792],[9.312411,41.757578],[9.312447,41.757454],[9.312326,41.757066],[9.312504,41.756599],[9.312676,41.75646],[9.312779,41.756257],[9.312765,41.756108],[9.312766,41.755874],[9.312912,41.755729],[9.313125,41.755669],[9.313257,41.755599],[9.313339,41.755477],[9.313386,41.755276],[9.313403,41.755],[9.313457,41.754882],[9.313423,41.754752],[9.313462,41.754576],[9.313523,41.754507],[9.313731,41.754518],[9.314103,41.754442],[9.314183,41.754368],[9.314419,41.754284],[9.314518,41.754013],[9.314694,41.753723],[9.314848,41.75352],[9.315343,41.753209],[9.315254,41.753014],[9.31506,41.752681],[9.314885,41.75227],[9.314419,41.752002],[9.314399,41.751716],[9.314365,41.751579],[9.314298,41.751067],[9.314495,41.750856],[9.315074,41.75056],[9.315246,41.750501],[9.315345,41.750501],[9.315552,41.750414],[9.315598,41.750332],[9.315841,41.750028],[9.315913,41.750015],[9.315976,41.750038],[9.316234,41.750251],[9.316518,41.750337],[9.316668,41.75037],[9.316751,41.750347],[9.316809,41.750304],[9.317002,41.750303],[9.317081,41.750234],[9.317088,41.750148],[9.317166,41.750074],[9.317349,41.750031],[9.317647,41.750038],[9.317704,41.750084],[9.318073,41.750125],[9.31832,41.75009],[9.318435,41.749989],[9.318597,41.749892],[9.318636,41.749703],[9.318627,41.749573],[9.318673,41.749375],[9.318727,41.749315],[9.318872,41.749271],[9.318959,41.74907],[9.319071,41.748854],[9.319223,41.74877],[9.319245,41.748707],[9.319429,41.748682],[9.319721,41.748757],[9.319719,41.748784],[9.319644,41.748807],[9.319729,41.748849],[9.319667,41.748859],[9.319667,41.748879],[9.319877,41.748965],[9.319978,41.748948],[9.320097,41.748896],[9.320468,41.748816],[9.320733,41.748385],[9.321425,41.748462],[9.321631,41.748551],[9.321736,41.74864],[9.321865,41.748688],[9.322038,41.748808],[9.322122,41.748808],[9.322138,41.748848],[9.322256,41.748839],[9.322458,41.748765],[9.322601,41.748647],[9.322783,41.748543],[9.323037,41.748499],[9.323338,41.748474],[9.323452,41.748517],[9.323681,41.748532],[9.323824,41.748579],[9.323901,41.748579],[9.324093,41.748652],[9.32429,41.748652],[9.324406,41.748676],[9.324514,41.748669],[9.324867,41.74848],[9.324991,41.748331],[9.325164,41.748197],[9.325192,41.748103],[9.325329,41.747986],[9.325627,41.747965],[9.325841,41.747804],[9.325826,41.747765],[9.325952,41.747687],[9.326005,41.747579],[9.326028,41.747461],[9.326048,41.747356],[9.325965,41.747185],[9.325858,41.746929],[9.325889,41.746908],[9.325964,41.746932],[9.326039,41.746913],[9.325993,41.746807],[9.326089,41.746801],[9.326105,41.746775],[9.326101,41.746665],[9.326169,41.746679],[9.326604,41.746494],[9.326463,41.746435],[9.326513,41.746391],[9.326491,41.746345],[9.326353,41.746309],[9.326346,41.746275],[9.32637,41.746231],[9.326563,41.746211],[9.326795,41.74606],[9.326839,41.746],[9.326971,41.745947],[9.327083,41.745869],[9.32698,41.745815],[9.327174,41.74574],[9.327412,41.745628],[9.327434,41.745523],[9.327591,41.745409],[9.327716,41.745259],[9.327854,41.744997],[9.328041,41.744814],[9.327954,41.744709],[9.327783,41.744714],[9.327754,41.74467],[9.327839,41.744638],[9.32805,41.744571],[9.328613,41.744366],[9.328776,41.744266],[9.328822,41.744258],[9.32898,41.74405],[9.3291,41.743914],[9.329202,41.743665],[9.329336,41.743506],[9.329601,41.743321],[9.329697,41.743189],[9.329682,41.743139],[9.329852,41.742922],[9.329849,41.742804],[9.329777,41.742773],[9.329676,41.742778],[9.329691,41.742701],[9.329793,41.742606],[9.329696,41.742503],[9.329603,41.742491],[9.32963,41.742256],[9.32978,41.741823],[9.329843,41.74166],[9.329804,41.741596],[9.329805,41.74154],[9.329838,41.74152],[9.329865,41.74141],[9.329786,41.741288],[9.329807,41.741155],[9.32987,41.741126],[9.329923,41.741081],[9.330128,41.740602],[9.330169,41.740514],[9.330203,41.74033],[9.330218,41.740266],[9.330307,41.740128],[9.330332,41.740074],[9.330334,41.740021],[9.330295,41.73995],[9.330259,41.739885],[9.330236,41.739802],[9.330203,41.739683],[9.330235,41.73962],[9.3303,41.739559],[9.330461,41.739492],[9.33077,41.739423],[9.330893,41.739397],[9.331123,41.739356],[9.331251,41.739347],[9.331369,41.739372],[9.331551,41.739453],[9.331621,41.739471],[9.331693,41.739445],[9.331755,41.739389],[9.332198,41.738864],[9.332515,41.738574],[9.332916,41.738064],[9.332998,41.737951],[9.333067,41.737794],[9.333119,41.737558],[9.333113,41.73738],[9.333072,41.737301],[9.332957,41.737214],[9.33273,41.737078],[9.332553,41.736899],[9.332351,41.736602],[9.33229,41.736553],[9.332238,41.736524],[9.332171,41.736514],[9.331968,41.73655],[9.331854,41.736562],[9.33178,41.736547],[9.331731,41.736489],[9.331726,41.736408],[9.331777,41.736315],[9.331812,41.736227],[9.331797,41.736125],[9.331649,41.735963],[9.331641,41.73592],[9.33168,41.735898],[9.331741,41.735917],[9.331845,41.735982],[9.332009,41.736092],[9.332097,41.736122],[9.332141,41.736115],[9.332369,41.736002],[9.33279,41.735749],[9.333219,41.735449],[9.333685,41.735099],[9.333786,41.735007],[9.333997,41.73478]]}}